title,year,genres,director,original_language,budget,revenue,rating,age_rating,awarded,primary_genre,runtime_minutes,profit,roi,genre_count
Avatar Aang: The Last Airbender,2026,"Animation , Action , Adventure , Fantasy",Tim Hedrick,English,,,92,Family Friendly,0,Animation,99,,,4
Accidental Partners,2026,"Comedy, Romance",Ihtzi Hurtado,Spanish; Castilian,,,89,Teen,0,Comedy,110,,,2
Swapped,2026,"Adventure , Animation , Family , Fantasy",Nathan Greno,English,,7.0,89,Family Friendly,0,Adventure,102,,,4
Facing El Chapo,2026,"Crime , Action , Thriller",Chava Cartas,Spanish; Castilian,,,88,Adult,0,Crime,91,,,3
Demon Slayer: Kimetsu no Yaiba Infinity Castle,2025,"Animation , Action , Fantasy",Haruo Sotozaki,Japanese,20000000.0,733030221.0,88,Adult,1,Animation,156,713030221.0,3565.151105,3
The Shawshank Redemption,1994,"Drama, Crime",Frank Darabont,English,25000000.0,28341469.0,87,Adult,1,Drama,142,3341469.0,13.365876,2
The Godfather,1972,"Drama, Crime",Francis Ford Coppola,English,6000000.0,245066411.0,87,Adult,1,Drama,175,239066411.0,3984.440183333333,2
Michael,2026,"Music, Drama",Antoine Fuqua,English,250000000.0,1032616139.0,87,Teen,1,Music,128,782616139.0,313.0464556,2
Project Hail Mary,2026,"Science Fiction, Adventure",Christopher Miller,English,200000000.0,684234722.0,86,Teen,1,Science Fiction,157,484234722.0,242.117361,2
The Godfather Part II,1974,"Drama, Crime",Francis Ford Coppola,English,13000000.0,102600000.0,86,Adult,1,Drama,202,89600000.0,689.2307692307693,2
12 Angry Men,1957,Drama,Reginald Rose,English,397751.0,4360000.0,86,Unknown,0,Drama,97,3962249.0,996.1631774652986,1
Schindler's List,1993,"Drama , History , War",Steven Spielberg,English,22000000.0,321365567.0,86,Adult,1,Drama,195,299365567.0,1360.7525772727272,3
Young Hearts,2024,"Drama, Romance",Anthony Schatteman,Dutch; Flemish,,136344.0,86,Unknown,0,Drama,99,,,2
Chainsaw Man - The Movie: Reze Arc,2025,"Animation , Action , Romance , Fantasy",Tatsuya Yoshihara,Japanese,4100000.0,191400000.0,85,Adult,0,Animation,100,187300000.0,4568.292682926829,4
The Dark Knight,2008,"Action , Crime , Thriller",Christopher Nolan,English,185000000.0,1004558444.0,85,Teen,1,Action,152,819558444.0,443.00456432432435,3
Spirited Away,2001,"Animation , Family , Fantasy",Hayao Miyazaki,Japanese,19000000.0,274925095.0,85,Family Friendly,1,Animation,125,255925095.0,1346.9741842105263,3
The Green Mile,1999,"Fantasy , Drama , Crime",Frank Darabont,English,60000000.0,286801374.0,85,Adult,1,Fantasy,189,226801374.0,378.00229,3
The Lord of the Rings: The Return of the King,2003,"Adventure , Fantasy , Action",Peter Jackson,English,94000000.0,1118888979.0,85,Teen,1,Adventure,201,1024888979.0,1090.3074244680852,3
Dilwale Dulhania Le Jayenge,1995,"Comedy , Drama , Romance",Aditya Chopra,Hindi,13200000.0,100000000.0,85,Family Friendly,0,Comedy,190,86800000.0,657.5757575757576,3
Parasite,2019,"Comedy , Thriller , Drama",Bong Joon Ho,Korean,11363000.0,257591776.0,85,Adult,1,Comedy,133,246228776.0,2166.9345771363196,3
Interstellar,2014,"Adventure , Drama , Science Fiction",Christopher Nolan,English,165000000.0,746606706.0,85,Teen,1,Adventure,169,581606706.0,352.48891272727275,3
Your Name.,2016,"Animation , Romance , Drama",Makoto Shinkai,Japanese,7500000.0,407210429.0,85,Family Friendly,1,Animation,106,399710429.0,5329.472386666666,3
Pulp Fiction,1994,"Thriller , Crime , Comedy",Quentin Tarantino,English,8000000.0,213928762.0,85,Adult,1,Thriller,154,205928762.0,2574.109525,3
¿Quieres ser mi hijo?,2023,"Comedy, Romance",Ihtzi Hurtado,English,,,85,Teen,0,Comedy,100,,,2
"The Good, the Bad and the Ugly",1966,Western,Sergio Leone,Italian,1200000.0,38900000.0,85,Adult,0,Western,161,37700000.0,3141.6666666666665,1
Forrest Gump,1994,"Comedy , Drama , Romance",Robert Zemeckis,English,55000000.0,677387716.0,85,Teen,1,Comedy,142,622387716.0,1131.614029090909,3
Harakiri,1962,"Action , Drama , History",Masaki Kobayashi,Japanese,,,85,Unknown,1,Action,135,,,3
Seven Samurai,1954,"Action, Drama",Akira Kurosawa,Japanese,2000000.0,105000000.0,85,Unknown,1,Action,207,103000000.0,5150.0,2
Selena Gomez: My Mind & Me,2022,"Documentary, Music",Alek Keshishian,English,,,85,Adult,0,Documentary,95,,,2
GoodFellas,1990,"Drama, Crime",Martin Scorsese,English,25000000.0,47072327.0,85,Adult,0,Drama,145,22072327.0,88.289308,2
Grave of the Fireflies,1988,"Animation , Drama , War",Isao Takahata,Japanese,3700000.0,842132.0,84,Teen,0,Animation,89,-2857868.0,-77.23967567567567,3
The Lord of the Rings: The Fellowship of the Ring,2001,"Adventure , Fantasy , Action",Peter Jackson,English,93000000.0,871368364.0,84,Teen,1,Adventure,179,778368364.0,836.9552301075269,3
Life Is Beautiful,1997,"Comedy, Drama",Roberto Benigni,Italian,20000000.0,230098753.0,84,Teen,1,Comedy,116,210098753.0,1050.493765,2
Fight Club,1999,"Drama, Thriller",David Fincher,English,63000000.0,100853753.0,84,Adult,0,Drama,139,37853753.0,60.085322222222224,2
Protector,2026,"Action, Thriller",Adrian Grünberg,English,,1993982.0,84,Adult,0,Action,90,,,2
Human,2015,Documentary,Yann Arthus-Bertrand,French,15483821.0,,84,Family Friendly,0,Documentary,191,,,1
Remarkably Bright Creatures,2026,"Drama, Mystery",Olivia Newman,English,,,84,Teen,0,Drama,114,,,2
Cinema Paradiso,1988,"Drama, Romance",Giuseppe Tornatore,Italian,5000000.0,35962062.0,84,Family Friendly,1,Drama,124,30962062.0,619.24124,2
The Lord of the Rings: The Two Towers,2002,"Adventure , Fantasy , Action",Peter Jackson,English,79000000.0,926287400.0,84,Teen,1,Adventure,179,847287400.0,1072.5156962025317,3
Everybody’s Everything,2019,Documentary,Ramez Silyan,English,,,84,Teen,0,Documentary,116,,,1
City of God,2002,"Drama, Crime",Fernando Meirelles,Portuguese,3300000.0,30641770.0,84,Adult,0,Drama,129,27341770.0,828.5384848484848,2
David Attenborough: A Life on Our Planet,2020,"Documentary, Drama",Jonathan Hughes,English,,,84,Family Friendly,0,Documentary,83,,,2
A Dog's Will,2000,"Comedy , Drama , Fantasy , Romance",Guel Arraes,Portuguese,,4903192.0,84,Family Friendly,0,Comedy,104,,,4
The Legend of Hei,2019,"Animation , Fantasy , Action",MTJJ,Chinese,,48045728.0,84,Family Friendly,0,Animation,102,,,3
Impossible Things,2021,"Family, Drama",Ernesto Contreras,Spanish; Castilian,,,84,Family Friendly,0,Family,88,,,2
Psycho,1960,"Horror , Thriller , Mystery",Alfred Hitchcock,English,806947.0,50000000.0,84,Adult,0,Horror,109,49193053.0,6096.193802071263,3
One Flew Over the Cuckoo's Nest,1975,Drama,Miloš Forman,English,3000000.0,108981275.0,84,Adult,1,Drama,135,105981275.0,3532.7091666666665,1
Spider-Man: Into the Spider-Verse,2018,"Animation , Action , Adventure , Science Fiction",Rodney Rothman,English,90000000.0,394884133.0,84,Family Friendly,1,Animation,117,304884133.0,338.7601477777778,4
A Silent Voice: The Movie,2016,"Animation , Drama , Romance",Naoko Yamada,Japanese,,30819442.0,84,Unknown,0,Animation,129,,,3
The Empire Strikes Back,1980,"Adventure , Action , Science Fiction",Irvin Kershner,English,18000000.0,538400000.0,84,Family Friendly,0,Adventure,124,520400000.0,2891.1111111111113,3
Hope,2013,Drama,Lee Joon-ik,Korean,,,84,Family Friendly,0,Drama,122,,,1
Howl's Moving Castle,2004,"Fantasy , Animation , Adventure",Hayao Miyazaki,Japanese,24000000.0,236049757.0,84,Family Friendly,1,Fantasy,119,212049757.0,883.5406541666666,3
Lucy Shimmers and the Prince of Peace,2020,"Drama, Family",Rob Diamond,English,,,84,Family Friendly,0,Drama,87,,,2
Gabriel's Inferno,2020,"Romance, Drama",Tosca Musk,English,,,84,Unknown,0,Romance,122,,,2
Se7en,1995,"Crime , Mystery , Thriller",David Fincher,English,33000000.0,327311859.0,84,Adult,0,Crime,127,294311859.0,891.8541181818182,3
High and Low,1963,"Drama , Crime , Thriller , Mystery",Akira Kurosawa,Japanese,250000.0,,84,Unknown,1,Drama,142,,,4
Whiplash,2014,"Drama , Music , Thriller",Damien Chazelle,English,3300000.0,50307484.0,84,Adult,1,Drama,107,47007484.0,1424.4692121212122,3
Once Upon a Time in America,1984,"Drama, Crime",Sergio Leone,English,30000000.0,5500000.0,84,Adult,0,Drama,139,-24500000.0,-81.66666666666667,2
Inception,2010,"Action , Science Fiction , Adventure",Christopher Nolan,English,160000000.0,839030630.0,84,Teen,1,Action,148,679030630.0,424.39414375,3
The Pianist,2002,"Drama, War",Roman Polanski,English,35000000.0,120098945.0,84,Adult,1,Drama,150,85098945.0,243.13984285714287,2
Voicemails for Isabelle,2026,"Romance , Comedy , Drama",Leah McKendrick,English,,,83,Teen,0,Romance,119,,,3
Gabriel's Inferno: Part II,2020,"Romance, Drama",Tosca Musk,English,,,83,Adult,0,Romance,106,,,2
Squid Game: Making Season 2,2025,Documentary,Unknown,Korean,,,83,Adult,0,Documentary,28,,,1
Spider-Man: Across the Spider-Verse,2023,"Animation , Action , Adventure , Science Fiction",Justin K. Thompson,English,100000000.0,690897910.0,83,Family Friendly,1,Animation,140,590897910.0,590.89791,4
The Silence of the Lambs,1991,"Crime , Thriller , Drama",Jonathan Demme,English,19000000.0,272742922.0,83,Adult,1,Crime,119,253742922.0,1335.4890631578946,3
Gabriel's Inferno: Part III,2020,"Romance, Drama",Tosca Musk,English,,,83,Unknown,0,Romance,102,,,2
Rear Window,1954,"Thriller , Mystery , Drama",Alfred Hitchcock,English,1000000.0,37042336.0,83,Family Friendly,0,Thriller,113,36042336.0,3604.2336,3
Radical,2023,Drama,Christopher Zalla,Spanish; Castilian,10000000.0,21761164.0,83,Teen,0,Drama,125,11761164.0,117.61164,1
Burn the Stage: The Movie,2018,"Music, Documentary",Park Jun-soo,Korean,,,83,Family Friendly,0,Music,85,,,2
Stop Making Sense,1984,"Documentary, Music",Jonathan Demme,English,1200000.0,12471520.0,83,Family Friendly,0,Documentary,88,11271520.0,939.2933333333333,2
Back to the Future,1985,"Adventure , Comedy , Science Fiction",Robert Zemeckis,English,19000000.0,381109762.0,83,Family Friendly,0,Adventure,116,362109762.0,1905.8408526315789,3
American History X,1998,Drama,Tony Kaye,English,20000000.0,23900000.0,83,Adult,0,Drama,119,3900000.0,19.5,1
Princess Mononoke,1997,"Adventure , Fantasy , Animation",Hayao Miyazaki,Japanese,23500000.0,176506186.0,83,Teen,1,Adventure,134,153006186.0,651.0901531914893,3
Dou kyu sei – Classmates,2016,"Romance, Animation",Shoko Nakamura,Japanese,,1397526.0,83,Teen,0,Romance,61,,,2
Ikiru,1952,Drama,Akira Kurosawa,Japanese,85000.0,55240.0,83,Unknown,1,Drama,143,-29760.0,-35.01176470588236,1
Perfect Blue,1998,"Animation, Thriller",Satoshi Kon,Japanese,830442.0,2743097.0,83,Adult,0,Animation,81,1912655.0,230.31771032775316,2
The Wild Robot,2024,"Family , Animation , Science Fiction , Adventure",Chris Sanders,English,78000000.0,331982078.0,83,Family Friendly,1,Family,102,253982078.0,325.61804871794874,4
Ennio,2022,"Documentary , Music , History",Giuseppe Tornatore,Italian,,4332386.0,83,Unknown,1,Documentary,156,,,3
Violet Evergarden: The Movie,2020,"Animation , Drama , Fantasy , Romance",Taichi Ishidate,Japanese,,20339624.0,83,Family Friendly,0,Animation,140,,,4
Dead Poets Society,1989,Drama,Peter Weir,English,16400000.0,235860116.0,83,Family Friendly,0,Drama,129,219460116.0,1338.1714390243903,1
Léon: The Professional,1994,"Crime , Drama , Action",Luc Besson,French,16000000.0,20330788.0,83,Adult,1,Crime,111,4330788.0,27.067425,3
Bring the Soul: The Movie,2019,"Music, Documentary",Park Jun-soo,Korean,,12150259.0,83,Family Friendly,0,Music,105,,,2
Dedicated to my ex,2019,"Drama, Comedy",Jorge Ulloa,Spanish; Castilian,,1315376.0,83,Unknown,0,Drama,94,,,2
The Great Dictator,1940,"Comedy, War",Charlie Chaplin,English,2000000.0,11000000.0,83,Unknown,0,Comedy,125,9000000.0,450.0,2
Modern Times,1936,"Comedy , Drama , Romance",Charlie Chaplin,English,1500000.0,1800000.0,83,Family Friendly,0,Comedy,87,300000.0,20.0,3
Out of the Clear Blue Sky,2019,"Comedy , Drama , Music",Pepe Bojórquez,Spanish; Castilian,,,83,Teen,0,Comedy,112,,,3
We All Loved Each Other So Much,1974,"Drama, Comedy",Ettore Scola,Italian,,,83,Teen,0,Drama,125,,,2
Toy Story 5,2026,"Animation , Family , Comedy , Adventure",Andrew Stanton,English,250000000.0,1128578473.0,83,Family Friendly,0,Animation,102,878578473.0,351.4313892,4
Night and Fog,1956,"Documentary, History",Alain Resnais,French,,,83,Teen,0,Documentary,32,,,2
It's a Wonderful Life,1946,"Drama , Family , Fantasy",Frank Capra,English,3180000.0,9644124.0,83,Family Friendly,1,Drama,131,6464124.0,203.27433962264152,3
Sunset Boulevard,1950,Drama,Billy Wilder,English,1752000.0,5000000.0,83,Unknown,1,Drama,110,3248000.0,185.3881278538813,1
The Punisher: One Last Kill,2026,"Action , Drama , Crime",Reinaldo Marcus Green,English,,,83,Adult,0,Action,51,,,3
The Intouchables,2011,"Drama, Comedy",Olivier Nakache,French,13000000.0,426590315.0,83,Adult,1,Drama,113,413590315.0,3181.4639615384617,2
The Quintessential Quintuplets Movie,2022,"Animation , Comedy , Romance",Masato Jimbo,Japanese,,3670507.0,83,Family Friendly,0,Animation,136,,,3
Once Upon a Time in the West,1968,"Drama, Western",Sergio Leone,Italian,5000000.0,5380118.0,83,Teen,0,Drama,166,380118.0,7.60236,2
Counterattack,2025,"Action , Adventure , Thriller",Chava Cartas,Spanish; Castilian,,,83,Adult,0,Action,85,,,3
Neon Genesis Evangelion: The End of Evangelion,1997,"Animation , Science Fiction , Drama , Fantasy , Action",Hideaki Anno,Japanese,7500000.0,26000000.0,83,Adult,0,Animation,87,18500000.0,246.66666666666666,5
Apocalypse Now,1979,"Drama, War",Francis Ford Coppola,English,31500000.0,150000000.0,83,Adult,0,Drama,147,118500000.0,376.1904761904762,2
Hotarubi no Mori e,2011,"Romance , Animation , Fantasy",Takahiro Omori,Japanese,,,83,Family Friendly,1,Romance,45,,,3
Once Upon a Studio,2023,"Animation , Family , Fantasy , Drama , Comedy",Trent Correy,English,,,83,Family Friendly,0,Animation,9,,,5
"Josee, the Tiger and the Fish",2020,"Animation , Drama , Romance",Kotaro Tamura,Japanese,,,83,Family Friendly,0,Animation,98,,,3
The Matrix,1999,"Action, Science Fiction",Lana Wachowski,English,63000000.0,463517383.0,83,Adult,1,Action,136,400517383.0,635.7418777777777,2
Michael Jackson's Thriller,1983,"Horror , Music , Thriller",John Landis,English,500000.0,76000000.0,83,Family Friendly,0,Horror,14,75500000.0,15100.0,3
The Lion King,1994,"Animation , Family , Drama",Roger Allers,English,45000000.0,763455561.0,83,Family Friendly,1,Animation,89,718455561.0,1596.5679133333333,3
Paths of Glory,1957,"War, Drama",Stanley Kubrick,English,935000.0,1200000.0,83,Unknown,0,War,88,265000.0,28.342245989304814,2
Miracle in Cell No. 7,2019,Drama,Mehmet Ada Öztekin,Turkish,,28000000.0,83,Teen,0,Drama,132,,,1
City Lights,1931,"Comedy , Drama , Romance",Charlie Chaplin,English,1500000.0,4250000.0,83,Family Friendly,0,Comedy,87,2750000.0,183.33333333333334,3
Clouds,2020,"Music, Drama",Kara Holden,English,,,82,Teen,0,Music,121,,,2
The Super Mario Galaxy Movie,2026,"Family , Comedy , Adventure , Fantasy , Animation",Aaron Horvath,English,110000000.0,1012203331.0,82,Family Friendly,0,Family,98,902203331.0,820.1848463636363,5
Avengers: Infinity War,2018,"Adventure , Action , Science Fiction",Joe Simon,English,300000000.0,2052415039.0,82,Teen,0,Adventure,149,1752415039.0,584.1383463333333,3
Le Trou,1960,"Drama , Thriller , Crime",Jacques Becker,French,,33187.0,82,Unknown,0,Drama,132,,,3
Avengers: Endgame,2019,"Adventure , Science Fiction , Action",Keith Giffen,English,356000000.0,2799439100.0,82,Teen,1,Adventure,181,2443439100.0,686.359297752809,3
I Swear,2025,"Drama, History",Kirk Jones,English,3730000.0,15564404.0,82,Adult,1,Drama,121,11834404.0,317.2762466487936,2
The Legend of 1900,1998,"Drama, Music",Giuseppe Tornatore,Italian,9000000.0,21057208.0,82,Adult,0,Drama,170,12057208.0,133.96897777777778,2
Oldboy,2003,"Thriller, Mystery",Park Chan-wook,Korean,3000000.0,17500000.0,82,Adult,0,Thriller,120,14500000.0,483.3333333333333,2
Rascal Does Not Dream of a Dreaming Girl,2019,"Animation , Romance , Drama , Fantasy",Soichi Masui,Japanese,,,82,Unknown,0,Animation,90,,,4
A Brighter Summer Day,1991,"Crime , Drama , Romance",Edward Yang,Chinese,,,82,Unknown,0,Crime,237,,,3
For Sama,2019,"Documentary, War",Waad al-Kateab,English,,,82,Adult,1,Documentary,100,,,2
Saving Private Ryan,1998,"War , Drama , History",Steven Spielberg,English,70000000.0,481840909.0,82,Adult,1,War,169,411840909.0,588.3441557142858,3
Gladiator,2000,"Action , Drama , Adventure",David Franzoni,English,103000000.0,465516248.0,82,Adult,1,Action,155,362516248.0,351.9575223300971,3
I Want to Eat Your Pancreas,2018,"Animation , Drama , Romance",Shinichiro Ushijima,Japanese,,33748006.0,82,Family Friendly,0,Animation,108,,,3
Demon Slayer -Kimetsu no Yaiba- The Movie: Mugen Train,2020,"Animation , Action , Fantasy",Haruo Sotozaki,Japanese,15700000.0,523542183.0,82,Adult,1,Animation,117,507842183.0,3234.6635859872613,3
Il Sorpasso,1962,"Drama , Comedy , Adventure",Dino Risi,Italian,,1892298.0,82,Family Friendly,0,Drama,105,,,3
Baraka,1992,Documentary,Ron Fricke,English,4000000.0,,82,Unknown,0,Documentary,97,,,1
Given,2020,"Animation , Drama , Music , Romance",Hikaru Yamaguchi,Japanese,,930363.0,82,Family Friendly,0,Animation,60,,,4
Green Book,2018,"Drama , Comedy , History",Peter Farrelly,English,23000000.0,321752656.0,82,Teen,1,Drama,130,298752656.0,1298.9245913043478,3
Life in a Year,2020,"Drama, Romance",Mitja Okorn,English,,,82,Teen,0,Drama,107,,,2
Klaus,2019,"Animation , Family , Comedy",Sergio Pablos,English,,,82,Family Friendly,1,Animation,97,,,3
Inglourious Basterds,2009,"Drama , Thriller , War",Quentin Tarantino,English,70000000.0,321457747.0,82,Adult,1,Drama,153,251457747.0,359.22535285714287,3
Evangelion: 3.0+1.0 Thrice Upon a Time,2021,"Animation , Action , Science Fiction , Drama",Hideaki Anno,Japanese,29700000.0,93882453.0,82,Adult,1,Animation,155,64182453.0,216.10253535353536,4
Woman in the Dunes,1964,"Drama, Thriller",Kōbō Abe,Japanese,,,82,Unknown,1,Drama,147,,,2
Puss in Boots: The Last Wish,2022,"Animation , Adventure , Fantasy , Comedy , Family",Tommy Swerdlow,English,90000000.0,484700000.0,82,Family Friendly,1,Animation,103,394700000.0,438.55555555555554,5
Five Feet Apart,2019,"Romance, Drama",Justin Baldoni,English,7000000.0,92600000.0,82,Teen,0,Romance,116,85600000.0,1222.857142857143,2
Wolf Children,2012,"Animation , Family , Drama , Fantasy",Mamoru Hosoda,Japanese,,55262158.0,82,Family Friendly,1,Animation,117,,,4
"The Boy, the Mole, the Fox and the Horse",2022,"Animation , Family , Drama , Adventure",Peter Baynton,English,,,82,Family Friendly,1,Animation,35,,,4
The Prestige,2006,"Drama , Mystery , Science Fiction",Christopher Nolan,English,40000000.0,109676311.0,82,Teen,0,Drama,130,69676311.0,174.1907775,3
One Direction: This Is Us,2013,"Documentary, Music",Morgan Spurlock,English,10000000.0,68500000.0,82,Family Friendly,0,Documentary,92,58500000.0,585.0,2
Obsession,2026,"Horror, Thriller",Curry Barker,English,750000.0,505746715.0,82,Adult,1,Horror,109,504996715.0,67332.89533333333,2
Witness for the Prosecution,1957,"Drama , Mystery , Crime",Billy Wilder,English,3000000.0,9000000.0,82,Unknown,0,Drama,116,6000000.0,200.0,3
Star Wars,1977,"Adventure , Action , Science Fiction",George Lucas,English,11000000.0,775398007.0,82,Family Friendly,0,Adventure,121,764398007.0,6949.072790909091,3
The Help,2011,Drama,Tate Taylor,English,25000000.0,216600000.0,82,Teen,1,Drama,146,191600000.0,766.4,1
Bound by Honor,1993,"Crime , Drama , Thriller",Taylor Hackford,English,35000000.0,4500000.0,82,Adult,0,Crime,190,-30500000.0,-87.14285714285714,3
The Shining,1980,"Horror, Thriller",Stanley Kubrick,English,19000000.0,50312025.0,82,Adult,0,Horror,144,31312025.0,164.80013157894737,2
Taylor Swift: Reputation Stadium Tour,2018,Music,Paul Dugdale,English,,,82,Family Friendly,0,Music,125,,,1
Coco,2017,"Family , Animation , Music , Adventure",Lee Unkrich,English,175000000.0,814641172.0,82,Family Friendly,1,Family,105,639641172.0,365.50924114285715,4
Shutter Island,2010,"Drama , Thriller , Mystery",Martin Scorsese,English,80000000.0,294804195.0,82,Adult,0,Drama,138,214804195.0,268.50524375,3
Mommy,2014,Drama,Xavier Dolan,French,4900000.0,3494070.0,82,Adult,1,Drama,138,-1405930.0,-28.692448979591838,1
Look Back,2024,"Animation, Drama",Kiyotaka Oshiyama,Japanese,,25198872.0,82,Unknown,1,Animation,58,,,2
BTS WORLD TOUR [LOVE YOURSELF] in Seoul,2019,Music,Son Sung-deuk,Korean,,10195760.0,82,Family Friendly,0,Music,160,,,1
Come and See,1985,"Drama , War , Horror , History",Elem Klimov,Russian,5000000.0,20929648.0,82,Unknown,0,Drama,142,15929648.0,318.59296,4
Django Unchained,2012,"Drama, Western",Quentin Tarantino,English,100000000.0,425368238.0,82,Adult,1,Drama,165,325368238.0,325.368238,2
The Forge,2024,"Drama, Family",Alex Kendrick,English,5000000.0,40392664.0,82,Family Friendly,0,Drama,123,35392664.0,707.85328,2
Hacksaw Ridge,2016,"Drama , History , War",Mel Gibson,English,40000000.0,175302354.0,82,Adult,1,Drama,139,135302354.0,338.255885,3
Justice League Dark: Apokolips War,2020,"Animation , Action , Adventure , Fantasy",Mairghread Scott,English,,,82,Adult,0,Animation,90,,,4
Investigation of a Citizen Above Suspicion,1970,"Drama, Thriller",Elio Petri,Italian,,,82,Adult,0,Drama,111,,,2
Steven Universe: The Movie,2019,"Animation , Family , Adventure , Fantasy , Drama , TV Movie",Rebecca Sugar,English,,,82,Family Friendly,0,Animation,83,,,6
The Apartment,1960,"Comedy , Drama , Romance",Billy Wilder,English,3000000.0,25000000.0,82,Teen,0,Comedy,126,22000000.0,733.3333333333334,3
20th Century Girl,2022,"Romance, Drama",Bang Woo-ri,Korean,,,82,Family Friendly,0,Romance,119,,,2
Red Beard,1965,Drama,Akira Kurosawa,Japanese,650000.0,1110000.0,82,Teen,1,Drama,185,460000.0,70.76923076923077,1
Innocent Voices,2005,"Drama, War",Luis Mandoki,Spanish; Castilian,,837000.0,82,Adult,0,Drama,120,,,2
The Shadow's Edge,2025,"Action , Crime , Drama , Thriller",Larry Yang,Chinese,,174400000.0,82,Unknown,0,Action,142,,,4
My Mom Is a Character 3,2019,Comedy,Susana Garcia,Portuguese,2000000.0,39273021.0,82,Family Friendly,0,Comedy,110,37273021.0,1863.65105,1
Doctor Who: The Day of the Doctor,2013,"Science Fiction, Adventure",Nick Hurran,English,,10000000.0,82,Unknown,0,Science Fiction,77,,,2
The Handmaiden,2016,"Thriller , Drama , Romance",Park Chan-wook,Korean,8575000.0,38600000.0,82,Adult,1,Thriller,145,30025000.0,350.1457725947522,3
Memento,2000,"Mystery, Thriller",Christopher Nolan,English,9000000.0,40060108.0,82,Adult,1,Mystery,113,31060108.0,345.1123111111111,2
Alien,1979,"Horror, Science Fiction",Dan O'Bannon,English,11000000.0,104931801.0,82,Adult,0,Horror,117,93931801.0,853.9254636363636,2
A Clockwork Orange,1971,"Science Fiction, Crime",Stanley Kubrick,English,2200000.0,27033812.0,82,Adult,0,Science Fiction,137,24833812.0,1128.8096363636364,2
TAYLOR SWIFT | THE ERAS TOUR,2023,Music,Sam Wrench,English,15000000.0,261656269.0,82,Teen,0,Music,169,246656269.0,1644.3751266666666,1
Billie Eilish: The World's a Little Blurry,2021,"Documentary, Music",R.J. Cutler,English,,,82,Adult,0,Documentary,140,,,2
Wolfwalkers,2020,"Animation , Family , Adventure , Fantasy",Tomm Moore,English,12000000.0,1310720.0,82,Family Friendly,0,Animation,102,-10689280.0,-89.07733333333333,4
Terminator 2: Judgment Day,1991,"Action , Thriller , Science Fiction",James Cameron,English,102000000.0,517778573.0,82,Adult,1,Action,137,415778573.0,407.6260519607843,3
BLACKPINK: Light Up the Sky,2020,"Documentary, Music",Caroline Suh,Korean,,,82,Teen,0,Documentary,79,,,2
The Usual Suspects,1995,"Drama , Crime , Thriller",Bryan Singer,English,6000000.0,23300000.0,82,Adult,1,Drama,106,17300000.0,288.3333333333333,3
Good Will Hunting,1997,Drama,Gus Van Sant,English,10000000.0,225933435.0,82,Adult,1,Drama,127,215933435.0,2159.33435,1
Hoppers,2026,"Adventure , Animation , Comedy , Family , Science Fiction",Daniel Chong,English,150000000.0,389685783.0,82,Family Friendly,0,Adventure,104,239685783.0,159.790522,5
Silenced,2011,Drama,Hwang Dong-hyuk,Korean,2200000.0,31500000.0,82,Adult,0,Drama,125,29300000.0,1331.8181818181818,1
Bicycle Thieves,1948,Drama,Vittorio De Sica,Italian,133000.0,450159.0,82,Unknown,1,Drama,89,317159.0,238.46541353383458,1
Ne Zha 2,2025,"Animation , Action , Fantasy , Adventure",Jiao Zi,Chinese,80000000.0,2259822417.0,82,Unknown,0,Animation,144,2179822417.0,2724.77802125,4
Top Gun: Maverick,2022,"Action, Drama",Jim Cash,English,170000000.0,1488732821.0,82,Teen,1,Action,131,1318732821.0,775.7251888235294,2
The Furious,2026,"Action , Crime , Thriller",Kenji Tanigaki,Chinese,20000000.0,39745080.0,82,Adult,1,Action,114,19745080.0,98.7254,3
The Departed,2006,"Drama , Thriller , Crime",Martin Scorsese,English,90000000.0,291465000.0,82,Adult,1,Drama,151,201465000.0,223.85,3
The Truman Show,1998,"Comedy, Drama",Peter Weir,English,60000000.0,264118712.0,82,Family Friendly,0,Comedy,103,204118712.0,340.19785333333334,2
The Art of Racing in the Rain,2019,"Drama, Romance",Simon Curtis,English,18000000.0,33800000.0,82,Family Friendly,0,Drama,109,15800000.0,87.77777777777777,2
Scarface,1983,"Action , Crime , Drama",Brian De Palma,English,25000000.0,66023329.0,82,Adult,0,Action,170,41023329.0,164.093316,3
Capernaum,2018,Drama,Nadine Labaki,Arabic,4000000.0,64978931.0,81,Family Friendly,0,Drama,126,60978931.0,1524.473275,1
Tokyo Story,1953,Drama,Yasujirō Ozu,Japanese,,,81,Unknown,1,Drama,137,,,1
The Seventh Seal,1957,"Fantasy, Drama",Ingmar Bergman,Swedish,150000.0,311212.0,81,Unknown,0,Fantasy,96,161212.0,107.47466666666666,2
Togo,2019,"Adventure , History , Drama",Ericson Core,English,,,81,Family Friendly,0,Adventure,113,,,3
Maquia: When the Promised Flower Blooms,2018,"Animation , Drama , Fantasy",Mari Okada,Japanese,,4345395.0,81,Teen,0,Animation,115,,,3
The Kid,1921,"Comedy, Drama",Charlie Chaplin,English,250000.0,5450000.0,81,Unknown,0,Comedy,68,5200000.0,2080.0,2
Casablanca,1943,"Drama, Romance",Michael Curtiz,English,878000.0,10462500.0,81,Family Friendly,0,Drama,102,9584500.0,1091.6287015945331,2
Piper,2016,"Family, Animation",Alan Barillaro,English,,,81,Family Friendly,1,Family,6,,,2
Dune: Part Two,2024,"Science Fiction, Adventure",Denis Villeneuve,English,190000000.0,714844358.0,81,Teen,1,Science Fiction,167,524844358.0,276.23387263157895,2
Vertigo,1958,"Mystery , Romance , Thriller",Alfred Hitchcock,English,2479000.0,7808900.0,81,Family Friendly,0,Mystery,128,5329900.0,215.00201694231544,3
Singin' in the Rain,1952,"Comedy, Romance",Betty Comden,English,2540800.0,7200000.0,81,Family Friendly,1,Comedy,103,4659200.0,183.37531486146096,2
My Hero Academia: Heroes Rising,2019,"Animation , Action , Fantasy , Adventure",Kohei Horikoshi,Japanese,,30017163.0,81,Teen,0,Animation,104,,,4
Earthlings,2005,Documentary,Shaun Monson,English,,,81,Adult,0,Documentary,95,,,1
Palmer,2021,Drama,Fisher Stevens,English,,,81,Adult,0,Drama,110,,,1
Kill Bill: The Whole Bloody Affair,2011,"Action , Crime , Drama , Thriller",Quentin Tarantino,English,60000000.0,12338649.0,81,Unknown,0,Action,254,-47661351.0,-79.435585,4
Taxi Driver,1976,"Crime, Drama",Martin Scorsese,English,1900000.0,28579636.0,81,Adult,0,Crime,114,26679636.0,1404.1913684210526,2
WALL·E,2008,"Animation , Family , Science Fiction",Andrew Stanton,English,180000000.0,521311860.0,81,Family Friendly,1,Animation,98,341311860.0,189.6177,3
Persona,1966,Drama,Ingmar Bergman,Swedish,,250000.0,81,Teen,0,Drama,85,,,1
Central Station,1998,Drama,Walter Salles,Portuguese,2900000.0,5596708.0,81,Family Friendly,0,Drama,111,2696708.0,92.98993103448277,1
Better Days,2019,"Drama , Crime , Romance",Derek Tsang Kwok-Cheung,Chinese,,225879065.0,81,Unknown,0,Drama,135,,,3
Dr. Strangelove or: How I Learned to Stop Worrying and Love the Bomb,1964,"Comedy, War",Stanley Kubrick,English,1800000.0,9500000.0,81,Family Friendly,1,Comedy,95,7700000.0,427.77777777777777,2
Full Metal Jacket,1987,"Drama, War",Stanley Kubrick,English,30000000.0,46357676.0,81,Adult,0,Drama,117,16357676.0,54.52558666666667,2
Joker,2019,"Crime , Thriller , Drama",Todd Phillips,English,55000000.0,1078958629.0,81,Adult,1,Crime,122,1023958629.0,1861.7429618181818,3
My Friends,1975,Comedy,Pietro Germi,Italian,,,81,Adult,0,Comedy,140,,,1
Colony,2026,"Action , Horror , Science Fiction",Yeon Sang-ho,Korean,,,81,Adult,0,Action,123,,,3
How to Make Millions Before Grandma Dies,2024,Drama,Pat Boonnitipat,Thai,1000000.0,73800000.0,81,Unknown,0,Drama,126,72800000.0,7280.0,1
Reservoir Dogs,1992,"Crime, Thriller",Quentin Tarantino,English,1200000.0,2859750.0,81,Adult,1,Crime,99,1659750.0,138.3125,2
Love Hurts,2002,"Drama, Romance",Fernando Sariñana,Spanish; Castilian,10000000.0,,81,Unknown,0,Drama,104,,,2
Prisoners,2013,"Drama , Thriller , Crime",Denis Villeneuve,English,46000000.0,122127446.0,81,Adult,0,Drama,153,76127446.0,165.49444782608697,3
Senna,2010,Documentary,Asif Kapadia,English,,8212430.0,81,Teen,1,Documentary,106,,,1
"“The Shorts” by Aldo, Giovanni and Giacomo",1996,Comedy,Arturo Brachetti,Italian,,,81,Unknown,0,Comedy,130,,,1
Jujutsu Kaisen 0,2021,"Animation , Action , Fantasy",Sunghoo Park,Japanese,,195870885.0,81,Teen,1,Animation,105,,,3
Incendies,2010,"Drama , War , Mystery",Denis Villeneuve,French,6800000.0,6788659.0,81,Adult,1,Drama,131,-11341.0,-0.16677941176470587,3
Mortal Kombat Legends: Scorpion's Revenge,2020,"Animation , Action , Fantasy",Ethan Spaulding,English,,,81,Adult,0,Animation,80,,,3
Wonder,2017,"Family, Drama",Stephen Chbosky,English,20000000.0,315025930.0,81,Family Friendly,0,Family,113,295025930.0,1475.12965,2
The Hunt,2012,Drama,Thomas Vinterberg,Danish,3800000.0,18300000.0,81,Adult,0,Drama,116,14500000.0,381.57894736842104,1
"Lock, Stock and Two Smoking Barrels",1998,"Comedy, Crime",Guy Ritchie,English,1350000.0,28356188.0,81,Adult,0,Comedy,105,27006188.0,2000.4583703703704,2
The Salt of the Earth,2014,Documentary,Juliano Ribeiro Salgado,French,,1059804.0,81,Teen,0,Documentary,110,,,1
The Father,2020,Drama,Florian Zeller,English,6000000.0,21029340.0,81,Teen,1,Drama,97,15029340.0,250.489,1
Soul,2020,"Animation , Family , Drama , Music , Fantasy",Pete Docter,English,150000000.0,121977511.0,81,Family Friendly,1,Animation,101,-28022489.0,-18.681659333333332,5
Portrait of a Lady on Fire,2019,"Drama, Romance",Céline Sciamma,French,5740000.0,9923127.0,81,Adult,0,Drama,121,4183127.0,72.87677700348432,2
Eternal Sunshine of the Spotless Mind,2004,"Science Fiction , Drama , Romance",Michel Gondry,English,20000000.0,72258126.0,81,Adult,1,Science Fiction,108,52258126.0,261.29063,3
The Tale of The Princess Kaguya,2013,"Animation , Drama , Fantasy",Isao Takahata,Japanese,49300000.0,24366656.0,81,Family Friendly,1,Animation,137,-24933344.0,-50.574734279918864,3
Stalker,1979,"Science Fiction, Drama",Andrei Tarkovsky,Russian,120000.0,,81,Unknown,0,Science Fiction,162,,,2
Double Indemnity,1944,"Crime, Thriller",Billy Wilder,English,927262.0,2500000.0,81,Unknown,0,Crime,107,1572738.0,169.6109621660329,2
In the Mood for Love,2000,"Drama, Romance",Wong Kar-Wai,Cantonese,3000000.0,15867968.0,81,Family Friendly,0,Drama,99,12867968.0,428.9322666666667,2
Metropolis,1927,"Drama, Science Fiction",Fritz Lang,German,5300000.0,1350322.0,81,Unknown,0,Drama,148,-3949678.0,-74.52222641509434,2
Violet Evergarden: Eternity and the Auto Memory Doll,2019,"Drama , Fantasy , Animation",Haruka Fujita,Japanese,,10841702.0,81,Teen,0,Drama,90,,,3
Big Deal on Madonna Street,1958,"Comedy, Crime",Mario Monicelli,Italian,,,81,Teen,0,Comedy,106,,,2
La Haine,1995,Drama,Mathieu Kassovitz,French,2600000.0,15300000.0,81,Unknown,0,Drama,98,12700000.0,488.46153846153845,1
Call Me by Your Name,2017,"Romance, Drama",Luca Guadagnino,English,3500000.0,43143046.0,81,Adult,1,Romance,132,39643046.0,1132.658457142857,2
Sansho the Bailiff,1954,Drama,Kenji Mizoguchi,Japanese,,,81,Unknown,0,Drama,124,,,1
Harry Potter and the Deathly Hallows: Part 2,2011,"Adventure, Fantasy",David Yates,English,125000000.0,1341511219.0,81,Teen,1,Adventure,130,1216511219.0,973.2089752,2
8½,1963,Drama,Federico Fellini,Italian,,,81,Unknown,0,Drama,139,,,1
Zack Snyder's Justice League,2021,"Action , Adventure , Fantasy",Zack Snyder,English,70000000.0,,81,Adult,0,Action,242,,,3
Yojimbo,1961,"Drama, Thriller",Akira Kurosawa,Japanese,,,81,Unknown,0,Drama,110,,,2
Das Boot,1981,"Drama , History , War",Wolfgang Petersen,German,14000000.0,85000000.0,81,Adult,0,Drama,150,71000000.0,507.14285714285717,3
Some Like It Hot,1959,"Comedy , Romance , Crime",Billy Wilder,English,2900000.0,25000000.0,81,Teen,0,Comedy,123,22100000.0,762.0689655172414,3
20 Days in Mariupol,2023,"Documentary, War",Mstyslav Chernov,English,,21000.0,81,Unknown,1,Documentary,94,,,2
"Miraculous World: New York, United HeroeZ",2020,"Animation , Family , Action , Adventure , TV Movie",Thomas Astruc,French,,,81,Family Friendly,0,Animation,61,,,5
The Invisible Guest,2017,"Drama , Mystery , Thriller",Oriol Paulo,Spanish; Castilian,4000000.0,30000000.0,81,Family Friendly,0,Drama,107,26000000.0,650.0,3
All About Eve,1950,Drama,Joseph L. Mankiewicz,English,1400000.0,8402553.0,81,Family Friendly,1,Drama,139,7002553.0,500.18235714285714,1
To Live,1994,"Drama , Romance , War",Yu Hua,Chinese,,,81,Teen,0,Drama,133,,,3
The Great War,1959,"Comedy , War , Drama",Mario Monicelli,Italian,,,81,Teen,0,Comedy,137,,,3
Wild Strawberries,1957,Drama,Ingmar Bergman,Swedish,,,81,Teen,0,Drama,91,,,1
The Thing,1982,"Horror , Mystery , Science Fiction",John Carpenter,English,15000000.0,19629760.0,81,Adult,0,Horror,109,4629760.0,30.865066666666667,3
"Paris, Texas",1984,Drama,Wim Wenders,English,1750000.0,2181987.0,81,Adult,0,Drama,145,431987.0,24.68497142857143,1
The Avengers,2012,"Science Fiction , Action , Adventure",Joss Whedon,English,220000000.0,1518815515.0,81,Teen,1,Science Fiction,143,1298815515.0,590.3706886363636,3
Far from the Tree,2021,"Animation, Family",Natalie Nourigat,English,,,81,Family Friendly,0,Animation,7,,,2
GOAT,2026,"Animation , Comedy , Family",Tyree Dillihay,English,90000000.0,193566330.0,81,Family Friendly,0,Animation,100,103566330.0,115.0737,3
Doctor Who: The Time of the Doctor,2013,"Drama , Science Fiction , TV Movie",Jamie Payne,English,,,81,Unknown,0,Drama,60,,,3
There's Still Tomorrow,2023,"Drama , Comedy , History",Paola Cortellesi,Italian,9000000.0,50121593.0,81,Unknown,0,Drama,118,41121593.0,456.9065888888889,3
The Hate U Give,2018,"Crime, Drama",George Tillman Jr.,English,23000000.0,34934009.0,81,Teen,0,Crime,133,11934009.0,51.886995652173916,2
Flow,2024,"Adventure , Animation , Family , Fantasy",Gints Zilbalodis,Latvian,3700000.0,17660107.0,81,Family Friendly,1,Adventure,85,13960107.0,377.3001891891892,4
My Neighbor Totoro,1988,"Fantasy , Animation , Family",Hayao Miyazaki,Japanese,3700000.0,41000000.0,81,Family Friendly,1,Fantasy,86,37300000.0,1008.1081081081081,3
There Will Be Blood,2007,Drama,Paul Thomas Anderson,English,25000000.0,77208711.0,81,Adult,1,Drama,158,52208711.0,208.834844,1
Green Snake,2021,"Animation , Fantasy , Action , Adventure",Amp Wong,Chinese,,87212911.0,81,Family Friendly,0,Animation,132,,,4
New Gods: Nezha Reborn,2021,"Animation , Fantasy , Action",Zhao Ji,Chinese,,70000000.0,81,Family Friendly,0,Animation,117,,,3
Prayers for Bobby,2009,"Drama , History , TV Movie",Russell Mulcahy,English,,,81,Family Friendly,0,Drama,89,,,3
M,1931,"Drama , Thriller , Crime",Fritz Lang,German,,35274.0,81,Teen,0,Drama,110,,,3
Memories of Murder,2003,"Crime , Drama , Thriller",Bong Joon Ho,Korean,2800000.0,26000000.0,81,Teen,0,Crime,131,23200000.0,828.5714285714286,3
Elite Squad,2007,"Drama , Action , Crime",José Padilha,Portuguese,4000000.0,14759148.0,81,Adult,0,Drama,115,10759148.0,268.9787,3
Samsara,2011,Documentary,Ron Fricke,English,4000000.0,2639616.0,81,Teen,0,Documentary,102,-1360384.0,-34.0096,1
A Special Day,1977,"Drama, Romance",Ettore Scola,Italian,,,81,Unknown,0,Drama,106,,,2
Memoir of a Snail,2024,"Animation , Comedy , Drama",Adam Elliot,English,4350000.0,7.0,81,Adult,0,Animation,94,-4349993.0,-99.99983908045976,3
The Young and the Damned,1950,"Drama, Crime",Luis Buñuel,Spanish; Castilian,,,81,Adult,0,Drama,82,,,2
The Shop Around the Corner,1940,"Comedy , Drama , Romance",Ernst Lubitsch,English,500000.0,,81,Unknown,0,Comedy,99,,,3
Dear Zachary: A Letter to a Son About His Father,2008,"Documentary, Crime",Kurt Kuenne,English,,,81,Unknown,0,Documentary,94,,,2
Pride & Prejudice,2005,"Drama, Romance",Joe Wright,English,28000000.0,124604345.0,81,Family Friendly,0,Drama,128,96604345.0,345.01551785714287,2
The Elephant Man,1980,"Drama, History",David Lynch,English,5000000.0,26000000.0,81,Family Friendly,0,Drama,124,21000000.0,420.0,2
Black Clover: Sword of the Wizard King,2023,"Animation , Fantasy , Action , Adventure",Ayataka Tanemura,Japanese,,,81,Teen,0,Animation,113,,,4
"Three Billboards Outside Ebbing, Missouri",2017,"Crime, Drama",Martin McDonagh,English,15000000.0,162729321.0,81,Adult,1,Crime,115,147729321.0,984.86214,2
The Voice of Hind Rajab,2025,"Drama, History",Kaouther Ben Hania,Arabic,,5058441.0,81,Unknown,1,Drama,89,,,2
Along with the Gods: The Last 49 Days,2018,"Action , Adventure , Fantasy , Thriller",Kim Yong-hwa,Korean,18300000.0,112790210.0,81,Unknown,0,Action,141,94490210.0,516.3399453551913,4
Along with the Gods: The Two Worlds,2017,"Action , Adventure , Drama , Fantasy , Thriller",Kim Yong-hwa,Korean,18300000.0,125983972.0,81,Unknown,0,Action,139,107683972.0,588.4370054644809,5
Hidden Figures,2016,"Drama, History",Theodore Melfi,English,25000000.0,235957472.0,80,Family Friendly,1,Drama,127,210957472.0,843.829888,2
A Dog's Journey,2019,"Family , Adventure , Drama",W. Bruce Cameron,English,16000000.0,78871079.0,80,Family Friendly,0,Family,109,62871079.0,392.94424375,3
2001: A Space Odyssey,1968,"Science Fiction , Mystery , Adventure",Stanley Kubrick,English,12000000.0,71923560.0,80,Family Friendly,0,Science Fiction,149,59923560.0,499.363,3
Scenes from a Marriage,1974,"Drama, Romance",Ingmar Bergman,Swedish,150000.0,,80,Teen,0,Drama,169,,,2
Children of Paradise,1945,"Drama, Romance",Marcel Carné,French,,1457.0,80,Unknown,0,Drama,190,,,2
Sherlock Jr.,1924,"Action , Comedy , Mystery",Buster Keaton,English,,,80,Unknown,0,Action,45,,,3
Purple Hearts,2022,"Romance, Drama",Elizabeth Allen Rosenbaum,English,,,80,Teen,0,Romance,122,,,2
Me Against You: Mr. S's Vendetta,2020,"Family, Fantasy",Luigi Calagna,Italian,75000.0,9500000.0,80,Teen,0,Family,64,9425000.0,12566.666666666666,2
The Lives of Others,2006,"Drama, Thriller",Florian Henckel von Donnersmarck,German,2000000.0,77672685.0,80,Adult,1,Drama,137,75672685.0,3783.63425,2
Lion,2016,Drama,Garth Davis,English,12000000.0,140312928.0,80,Teen,1,Drama,118,128312928.0,1069.2744,1
My Name Is Khan,2010,"Drama, Romance",Shibani Bathija,Hindi,12000000.0,42345360.0,80,Teen,0,Drama,165,30345360.0,252.878,2
HOMECOMING: A film by Beyoncé,2019,"Documentary , Music , TV Movie",Beyoncé,English,,,80,Adult,0,Documentary,137,,,3
A Taxi Driver,2017,"Action , Drama , History",Jang Hoon,Korean,12820005.0,81927980.0,80,Teen,0,Action,138,69107975.0,539.063557307505,3
The Best of Youth,2003,"Drama , History , Romance",Sandro Petraglia,Italian,,2693053.0,80,Adult,0,Drama,367,,,3
Late Spring,1949,Drama,Yasujirō Ozu,Japanese,,,80,Family Friendly,1,Drama,108,,,1
How to Train Your Dragon: Homecoming,2019,"Animation , Fantasy , Adventure , Family",Tim Johnson,English,,,80,Family Friendly,0,Animation,22,,,4
Rashomon,1950,"Crime , Drama , Mystery",Akira Kurosawa,Japanese,250000.0,117668.0,80,Unknown,1,Crime,88,-132332.0,-52.9328,3
For a Few Dollars More,1965,Western,Sergio Leone,Italian,600000.0,15000000.0,80,Adult,0,Western,132,14400000.0,2400.0,1
Paris Is Burning,1991,"Documentary, History",Jennie Livingston,English,500000.0,3906006.0,80,Adult,0,Documentary,78,3406006.0,681.2012,2
The Dawn Wall,2017,"Documentary, Adventure",Josh Lowell,English,,,80,Unknown,0,Documentary,101,,,2
La Dolce Vita,1960,"Comedy, Drama",Federico Fellini,Italian,,19647000.0,80,Unknown,0,Comedy,174,,,2
The Wolf of Wall Street,2013,"Crime , Drama , Comedy",Martin Scorsese,English,100000000.0,407039432.0,80,Adult,1,Crime,180,307039432.0,307.039432,3
The Grand Budapest Hotel,2014,"Comedy, Drama",Wes Anderson,English,30000000.0,174600318.0,80,Adult,1,Comedy,100,144600318.0,482.00106,2
Amadeus,1984,"Drama , History , Music",Miloš Forman,English,18000000.0,90007557.0,80,Family Friendly,1,Drama,160,72007557.0,400.04198333333335,3
KONOSUBA – God's blessing on this wonderful world! Legend of Crimson,2019,"Animation , Comedy , Fantasy",Takaomi Kanasaki,Japanese,,5078942.0,80,Family Friendly,0,Animation,90,,,3
No Other Land,2024,Documentary,Yuval Abraham,Arabic,,3608606.0,80,Unknown,1,Documentary,92,,,1
Oppenheimer,2023,"Drama, History",Christopher Nolan,English,100000000.0,952000000.0,80,Adult,1,Drama,181,852000000.0,852.0,2
Front of the Class,2008,Drama,Peter Werner,English,,,80,Unknown,0,Drama,95,,,1
Ultraman: Rising,2024,"Animation , Science Fiction , Family , Action",Shannon Tindle,English,,,80,Family Friendly,0,Animation,117,,,4
Ugetsu,1953,"Fantasy , Drama , Mystery",Kenji Mizoguchi,Japanese,,,80,Unknown,1,Fantasy,96,,,3
On My Skin,2018,Drama,Alessio Cremonini,Italian,,,80,Teen,0,Drama,100,,,1
Flipped,2010,"Romance, Drama",Rob Reiner,English,14000000.0,4324817.0,80,Family Friendly,0,Romance,89,-9675183.0,-69.10845,2
Ran,1985,"Action , Drama , History",Akira Kurosawa,Japanese,12000000.0,23334156.0,80,Adult,1,Action,160,11334156.0,94.4513,3
The Sting,1973,"Comedy , Crime , Drama",George Roy Hill,English,5500000.0,159616327.0,80,Family Friendly,0,Comedy,129,154116327.0,2802.1150363636366,3
Believe Me: The Abduction of Lisa McVey,2018,"Drama , TV Movie , Crime",Jim Donovan,English,,,80,Teen,0,Drama,87,,,3
The Second Mother,2015,Drama,Anna Muylaert,Portuguese,,,80,Family Friendly,0,Drama,112,,,1
"Rome, Open City",1945,"Drama, War",Roberto Rossellini,Italian,20000.0,1000000.0,80,Teen,0,Drama,104,980000.0,4900.0,2
Harry Potter and the Prisoner of Azkaban,2004,"Adventure, Fantasy",Alfonso Cuarón,English,130000000.0,789804554.0,80,Family Friendly,0,Adventure,141,659804554.0,507.54196461538464,2
Ayla: The Daughter of War,2017,"Drama , War , History",Can Ulkay,Turkish,4200000.0,21107423.0,80,Teen,0,Drama,124,16907423.0,402.5576904761905,3
Bo Burnham: Make Happy,2016,"Comedy, Music",Bo Burnham,English,,,80,Family Friendly,0,Comedy,60,,,2
3 Idiots,2009,"Drama, Comedy",Rajkumar Hirani,Hindi,9000000.0,70000000.0,80,Teen,0,Drama,171,61000000.0,677.7777777777778,2
Rocco and His Brothers,1960,"Drama , Romance , Crime",Luchino Visconti,Italian,,,80,Unknown,0,Drama,178,,,3
Requiem for a Dream,2000,"Crime, Drama",Darren Aronofsky,English,4500000.0,7390108.0,80,Unknown,1,Crime,102,2890108.0,64.22462222222222,2
Ford v Ferrari,2019,"Drama , History , Action",James Mangold,English,97600000.0,225508210.0,80,Teen,1,Drama,153,127908210.0,131.053493852459,3
Nobody Knows,2004,Drama,Hirokazu Kore-eda,Japanese,,,80,Teen,1,Drama,141,,,1
Hachi: A Dog's Tale,2009,"Drama, Family",Lasse Hallström,English,16000000.0,46800000.0,80,Family Friendly,0,Drama,93,30800000.0,192.5,2
The Wages of Fear,1953,"Drama , Thriller , Adventure",Henri-Georges Clouzot,French,,,80,Teen,0,Drama,154,,,3
Dial M for Murder,1954,"Thriller , Crime , Drama",Alfred Hitchcock,English,1400000.0,3000000.0,80,Family Friendly,0,Thriller,105,1600000.0,114.28571428571429,3
"Veinteañera, divorciada y fantástica",2020,Comedy,Noé Santillán-López,Spanish; Castilian,,,80,Unknown,0,Comedy,93,,,1
"Toto, Peppino, and the Hussy",1956,"Comedy, Romance",Nicola Manzari,Italian,,,80,Teen,0,Comedy,101,,,2
KPop Demon Hunters,2025,"Fantasy , Music , Comedy , Animation",Maggie Kang,English,100000000.0,24619953.0,80,Family Friendly,1,Fantasy,96,-75380047.0,-75.380047,4
El mesero,2021,Comedy,Raúl Martínez,Spanish; Castilian,,,80,Teen,0,Comedy,86,,,1
Lawrence of Arabia,1962,"Adventure , History , War",David Lean,English,15000000.0,70000000.0,80,Family Friendly,0,Adventure,228,55000000.0,366.6666666666667,3
Barry Lyndon,1975,"Drama, History",Stanley Kubrick,English,11000000.0,31500000.0,80,Family Friendly,0,Drama,188,20500000.0,186.36363636363637,2
Casino,1995,"Crime, Drama",Martin Scorsese,English,50000000.0,116112375.0,80,Adult,0,Crime,179,66112375.0,132.22475,2
American Beauty,1999,Drama,Sam Mendes,English,15000000.0,356296601.0,80,Adult,1,Drama,122,341296601.0,2275.3106733333334,1
Guillermo del Toro's Pinocchio,2022,"Animation , Fantasy , Adventure , Drama",Guillermo del Toro,English,35000000.0,,80,Family Friendly,1,Animation,117,,,4
Avicii: True Stories,2017,"Music, Documentary",Levan Tsikurishvili,English,,,80,Unknown,0,Music,97,,,2
The 400 Blows,1959,Drama,François Truffaut,French,,,80,Unknown,0,Drama,99,,,1
Gifted,2017,"Drama, Comedy",Marc Webb,English,7000000.0,40300000.0,80,Teen,0,Drama,101,33300000.0,475.7142857142857,2
The Hidden Fortress,1958,"Drama , Action , Adventure",Akira Kurosawa,Japanese,,57673.0,80,Unknown,0,Drama,139,,,3
Judgment at Nuremberg,1961,"Drama, History",Stanley Kramer,English,3000000.0,10000000.0,80,Unknown,0,Drama,191,7000000.0,233.33333333333334,2
Gran Torino,2008,Drama,Nick Schenk,English,33000000.0,270000000.0,80,Adult,1,Drama,116,237000000.0,718.1818181818181,1
The Odyssey,2026,"Adventure , Action , Fantasy",Christopher Nolan,English,250000000.0,1446194550.0,80,Adult,1,Adventure,173,1196194550.0,478.47782,3
Room,2015,"Drama, Thriller",Emma Donoghue,English,13000000.0,35401758.0,80,Adult,1,Drama,118,22401758.0,172.32121538461539,2
Tae Guk Gi: The Brotherhood of War,2004,"Action , Adventure , Drama , History , War",Kang Je-gyu,Korean,1500000.0,,80,Adult,0,Action,148,,,5
Toy Story,1995,"Family , Comedy , Animation , Adventure",John Lasseter,English,30000000.0,962301978.0,80,Family Friendly,1,Family,81,932301978.0,3107.67326,4
Like Stars on Earth,2007,Drama,Amole Gupte,Hindi,2600000.0,28430000.0,80,Family Friendly,0,Drama,162,25830000.0,993.4615384615385,1
1917,2019,"War , Drama , History",Sam Mendes,English,100000000.0,446064352.0,80,Adult,1,War,119,346064352.0,346.064352,3
Loving Vincent,2017,"Animation , Drama , History",Hugh Welchman,English,5500000.0,42187665.0,80,Teen,1,Animation,95,36687665.0,667.0484545454545,3
Paperman,2012,"Animation , Family , Romance , Comedy , Fantasy",John Kahrs,English,,,80,Family Friendly,1,Animation,7,,,5
The Imitation Game,2014,"History , Drama , Thriller , War",Morten Tyldum,English,14000000.0,233555708.0,80,Teen,1,History,113,219555708.0,1568.2550571428571,4
The Red Shoes,1948,"Drama, Romance",Emeric Pressburger,English,500000.0,10000000.0,80,Unknown,1,Drama,133,9500000.0,1900.0,2
To Kill a Mockingbird,1962,Drama,Robert Mulligan,English,2000000.0,13129846.0,80,Unknown,0,Drama,129,11129846.0,556.4923,1
Song of the Sea,2014,"Family , Animation , Fantasy",Tomm Moore,English,,857522.0,80,Family Friendly,0,Family,94,,,3
Transformers One,2024,"Animation , Science Fiction , Adventure , Family",Andrew Barrer,English,75000000.0,129408392.0,80,Family Friendly,1,Animation,104,54408392.0,72.54452266666667,4
Won't You Be My Neighbor?,2018,Documentary,Morgan Neville,English,,22835787.0,80,Teen,1,Documentary,95,,,1
We Are the Nobles,2013,Comedy,Gary Alazraki,Spanish; Castilian,2000000.0,26433651.0,80,Teen,0,Comedy,108,24433651.0,1221.68255,1
Catch Me If You Can,2002,"Drama, Crime",Steven Spielberg,English,52000000.0,352114312.0,80,Teen,1,Drama,141,300114312.0,577.1429076923077,2
Chungking Express,1994,"Drama , Comedy , Romance",Wong Kar-Wai,Cantonese,160000.0,1000000.0,80,Teen,0,Drama,103,840000.0,525.0,3
Jurassic Park,1993,"Adventure, Science Fiction",Michael Crichton,English,63000000.0,1058454230.0,80,Teen,1,Adventure,127,995454230.0,1580.0860793650793,2
Jojo Rabbit,2019,"Comedy , War , Drama",Taika Waititi,English,14000000.0,82468705.0,80,Teen,1,Comedy,108,68468705.0,489.06217857142855,3
Weathering with You,2019,"Animation , Drama , Fantasy , Romance",Makoto Shinkai,Japanese,11100000.0,192729404.0,80,Teen,1,Animation,112,181629404.0,1636.300936936937,4
Bingo: The King of the Mornings,2017,"Comedy, Drama",Daniel Rezende,Portuguese,,,80,Adult,0,Comedy,113,,,2
The Secret in Their Eyes,2009,"Mystery , Thriller , Drama",Juan José Campanella,Spanish; Castilian,2000000.0,33965843.0,80,Adult,1,Mystery,130,31965843.0,1598.29215,3
Castle in the Sky,1986,"Adventure , Fantasy , Animation , Action , Family",Hayao Miyazaki,Japanese,3000000.0,5228752.0,80,Family Friendly,1,Adventure,125,2228752.0,74.29173333333334,5
Kill Bill: Vol. 1,2003,"Action, Crime",Quentin Tarantino,English,30000000.0,180906076.0,80,Adult,0,Action,111,150906076.0,503.02025333333336,2
Bo Burnham: Inside,2021,Comedy,Bo Burnham,English,,,80,Adult,1,Comedy,88,,,1
Paper Lives,2021,Drama,Can Ulkay,Turkish,,,80,Unknown,0,Drama,96,,,1
Before Sunrise,1995,"Drama, Romance",Richard Linklater,English,2500000.0,5987386.0,80,Adult,0,Drama,101,3487386.0,139.49544,2
Citizen Kane,1941,"Mystery, Drama",Orson Welles,English,839727.0,23218000.0,80,Unknown,0,Mystery,119,22378273.0,2664.9462265712546,2
Society of the Snow,2023,"Drama, History",J. A. Bayona,Spanish; Castilian,65500000.0,1281.0,80,Adult,1,Drama,143,-65498719.0,-99.99804427480916,2
Cruella,2021,"Comedy , Crime , Drama",Craig Gillespie,English,200000000.0,233503234.0,80,Teen,1,Comedy,134,33503234.0,16.751617,3
The Deer Hunter,1978,"Drama, War",Michael Cimino,English,15000000.0,49000000.0,80,Adult,0,Drama,183,34000000.0,226.66666666666666,2
Aliens,1986,"Action , Thriller , Science Fiction",James Cameron,English,18500000.0,183316455.0,80,Adult,0,Action,137,164816455.0,890.8997567567568,3
Close-Up,1990,"Crime, Drama",Abbas Kiarostami,Persian,,,80,Unknown,0,Crime,98,,,2
Nights of Cabiria,1957,"Drama, Comedy",Federico Fellini,Italian,,752045.0,80,Adult,0,Drama,110,,,2
The Gold Rush,1925,"Adventure , Comedy , Drama",Charlie Chaplin,English,923000.0,4000000.0,80,Unknown,0,Adventure,95,3077000.0,333.3694474539545,3
"Love, Simon",2018,"Comedy , Drama , Romance",Greg Berlanti,English,17000000.0,66316289.0,80,Teen,0,Comedy,110,49316289.0,290.0958176470588,3
Three Men and a Leg,1997,Comedy,Giacomo Poretti,Italian,,,80,Teen,0,Comedy,98,,,1
Autumn Sonata,1978,"Drama, Music",Ingmar Bergman,Swedish,,,80,Family Friendly,0,Drama,93,,,2
Up,2009,"Animation , Comedy , Family , Adventure",Pete Docter,English,175000000.0,735103954.0,80,Family Friendly,1,Animation,96,560103954.0,320.05940228571427,4
The Iron Giant,1999,"Animation , Drama , Family , Science Fiction , Adventure",Brad Bird,English,50000000.0,23300000.0,80,Family Friendly,1,Animation,86,-26700000.0,-53.4,5
Trainspotting,1996,"Drama, Crime",Danny Boyle,English,4000000.0,71981823.0,80,Adult,1,Drama,94,67981823.0,1699.545575,2
North by Northwest,1959,"Thriller, Adventure",Alfred Hitchcock,English,4000000.0,13275000.0,80,Family Friendly,0,Thriller,137,9275000.0,231.875,2
Black Beauty,2020,Drama,Ashley Avis,English,,,80,Family Friendly,0,Drama,110,,,1
In a Heartbeat,2017,"Animation , Comedy , Romance",Esteban Bravo,English,,,80,Unknown,0,Animation,4,,,3
Dragon Ball Super: Broly,2018,"Action , Science Fiction , Animation",Akira Toriyama,Japanese,1000000.0,125002821.0,80,Family Friendly,0,Action,101,124002821.0,12400.2821,3
The Treasure of the Sierra Madre,1948,"Adventure , Drama , Western",John Huston,English,3800000.0,4307000.0,80,Unknown,1,Adventure,126,507000.0,13.342105263157896,3
The Sixth Sense,1999,"Mystery , Thriller , Drama",M. Night Shyamalan,English,40000000.0,672800000.0,80,Teen,1,Mystery,107,632800000.0,1582.0,3
The Cove,2009,Documentary,Louie Psihoyos,English,,1162422.0,80,Teen,1,Documentary,92,,,1
The Passion of Joan of Arc,1928,"Drama, History",Carl Theodor Dreyer,French,,18121.0,80,Unknown,0,Drama,81,,,2
Million Dollar Baby,2004,Drama,Clint Eastwood,English,30000000.0,216763646.0,80,Teen,1,Drama,132,186763646.0,622.5454866666666,1
Bohemian Rhapsody,2018,"Music, Drama",Anthony McCarten,English,52000000.0,910813521.0,80,Teen,1,Music,135,858813521.0,1651.5644634615385,2
El Infierno,2010,"Action , Crime , Western , Comedy , Drama",Luis Estrada,Spanish; Castilian,,6703873.0,80,Adult,0,Action,148,,,5
No Country for Old Men,2007,"Crime , Thriller , Western",Joel Coen,English,25000000.0,171627166.0,80,Adult,1,Crime,122,146627166.0,586.508664,3
Sound of Freedom,2023,"Action, Drama",Alejandro Monteverde,English,14500000.0,250600000.0,80,Teen,0,Action,131,236100000.0,1628.2758620689656,2
A Man Escaped,1956,"Drama, Thriller",Robert Bresson,French,,,79,Unknown,0,Drama,101,,,2
Yi Yi,2000,Drama,Edward Yang,Chinese,,1528767.0,79,Unknown,0,Drama,174,,,1
Under the Same Moon,2007,Drama,Patricia Riggen,Spanish; Castilian,,23311391.0,79,Unknown,0,Drama,106,,,1
Mirror,1975,"Drama, History",Andrei Tarkovsky,Russian,825000.0,124367.0,79,Unknown,0,Drama,107,-700633.0,-84.92521212121213,2
The Sheep Detectives,2026,"Comedy , Family , Mystery",Kyle Balda,English,75000000.0,131550648.0,79,Family Friendly,0,Comedy,109,56550648.0,75.400864,3
Spider-Man: No Way Home,2021,"Action , Adventure , Science Fiction",Stan Lee,English,200000000.0,1921426073.0,79,Teen,1,Action,148,1721426073.0,860.7130365,3
Pink Floyd: The Wall,1982,"Music, Drama",Alan Parker,English,12000000.0,22244207.0,79,Adult,0,Music,95,10244207.0,85.36839166666667,2
Braveheart,1995,"Action , Drama , History , War",Mel Gibson,English,72000000.0,213216216.0,79,Adult,1,Action,178,141216216.0,196.13363333333334,4
Flamin' Hot,2023,"Drama, History",Eva Longoria,English,,,79,Teen,0,Drama,99,,,2
Heat,1995,"Crime , Drama , Action",Michael Mann,English,60000000.0,187400000.0,79,Adult,0,Crime,170,127400000.0,212.33333333333334,3
Warriors of the Wind,1984,"Adventure , Animation , Fantasy",Hayao Miyazaki,Japanese,1000000.0,9016411.0,79,Family Friendly,1,Adventure,95,8016411.0,801.6411,3
Whisper of the Heart,1995,"Animation , Drama , Family",Yoshifumi Kondo,Japanese,,,79,Family Friendly,0,Animation,111,,,3
Robot Dreams,2023,"Animation , Drama , Comedy , Science Fiction",Pablo Berger,Spanish; Castilian,5300000.0,4656348.0,79,Unknown,1,Animation,102,-643652.0,-12.144377358490566,4
Something the Lord Made,2004,"TV Movie, Drama",Joseph Sargent,English,,,79,Family Friendly,0,TV Movie,110,,,2
Ordet,1955,Drama,Carl Theodor Dreyer,Danish,,,79,Teen,1,Drama,125,,,1
Akira,1988,"Animation , Science Fiction , Action",Katsuhiro Otomo,Japanese,5700000.0,49000000.0,79,Unknown,0,Animation,124,43300000.0,759.6491228070175,3
Scooby-Doo! and KISS: Rock and Roll Mystery,2015,"Family , Animation , Comedy , Mystery",Kevin Shinick,English,,,79,Family Friendly,0,Family,79,,,4
Andrei Rublev,1966,"Drama, History",Andrei Tarkovsky,Russian,1300000.0,24173.0,79,Adult,0,Drama,183,-1275827.0,-98.14053846153845,2
"ariana grande: excuse me, i love you",2020,"Music, Documentary",Paul Dugdale,English,,,79,Family Friendly,0,Music,97,,,2
Blade Runner,1982,"Science Fiction , Drama , Thriller",Ridley Scott,English,28000000.0,41722424.0,79,Adult,1,Science Fiction,118,13722424.0,49.008657142857146,3
Kitbull,2019,"Animation , Family , Drama",Rosana Sullivan,English,,,79,Family Friendly,0,Animation,9,,,3
"Red, White & Royal Blue",2023,"Comedy, Romance",Matthew López,English,20000000.0,,79,Adult,0,Comedy,118,,,2
Guardians of the Galaxy Vol. 3,2023,"Science Fiction , Adventure , Action",James Gunn,English,250000000.0,845550000.0,79,Teen,1,Science Fiction,150,595550000.0,238.22,3
Regular Show: The Movie,2015,"Animation , Comedy , Science Fiction , Adventure",J.G. Quintel,English,3000000.0,,79,Family Friendly,0,Animation,69,,,4
Coraline,2009,"Animation , Family , Fantasy",Henry Selick,English,60000000.0,185860104.0,79,Family Friendly,1,Animation,100,125860104.0,209.76684,3
Dersu Uzala,1975,"Adventure, Drama",Akira Kurosawa,Russian,4000000.0,,79,Family Friendly,0,Adventure,141,,,2
Monster,2023,"Mystery , Thriller , Drama",Hirokazu Kore-eda,Japanese,,,79,Teen,1,Mystery,125,,,3
Rope,1948,"Thriller , Crime , Drama",Alfred Hitchcock,English,1500000.0,2200000.0,79,Family Friendly,0,Thriller,81,700000.0,46.666666666666664,3
The Cabinet of Dr. Caligari,1920,"Drama , Horror , Thriller , Crime",Robert Wiene,German,18000.0,8811.0,79,Unknown,0,Drama,77,-9189.0,-51.05,4
Beyond the Universe,2022,"Romance , Drama , Music",Diego Freitas,Portuguese,,,79,Adult,0,Romance,126,,,3
Me Before You,2016,"Drama, Romance",Jojo Moyes,English,20000000.0,207945075.0,79,Teen,0,Drama,110,187945075.0,939.725375,2
How to Train Your Dragon,2025,"Fantasy , Family , Action , Adventure",Dean DeBlois,English,150000000.0,636351148.0,79,Family Friendly,1,Fantasy,125,486351148.0,324.2340986666667,4
12 Years a Slave,2013,"Drama, History",Steve McQueen,English,20000000.0,187000000.0,79,Adult,1,Drama,134,167000000.0,835.0,2
The Great Escape,1963,"Adventure , Drama , War",John Sturges,English,4000000.0,11700000.0,79,Unknown,0,Adventure,173,7700000.0,192.5,3
La Notte,1961,"Drama, Romance",Michelangelo Antonioni,Italian,,,79,Unknown,0,Drama,122,,,2
Love Exposure,2008,"Comedy , Drama , Romance",Sion Sono,Japanese,,,79,Unknown,1,Comedy,237,,,3
Tokyo Godfathers,2003,"Animation , Drama , Comedy",Satoshi Kon,Japanese,2400000.0,607735.0,79,Teen,1,Animation,92,-1792265.0,-74.67770833333333,3
Sanjuro,1962,"Drama , Action , Comedy",Akira Kurosawa,Japanese,,,79,Unknown,0,Drama,96,,,3
Raiders of the Lost Ark,1981,"Adventure, Action",Steven Spielberg,English,18000000.0,389925971.0,79,Family Friendly,0,Adventure,115,371925971.0,2066.2553944444444,2
Farewell My Concubine,1993,Drama,Lilian Lee Bik-Wah,Chinese,4000000.0,6400000.0,79,Adult,1,Drama,171,2400000.0,60.0,1
Ghost in the Shell,1995,"Action , Animation , Science Fiction",Mamoru Oshii,Japanese,3000000.0,10000000.0,79,Unknown,0,Action,83,7000000.0,233.33333333333334,3
Don't Look Now... We're Being Shot At!,1966,"Comedy, War",Gérard Oury,French,,,79,Family Friendly,0,Comedy,132,,,2
The Cure,1995,"Drama, Family",Peter Horton,English,,2568235.0,79,Teen,0,Drama,97,,,2
The Cranes Are Flying,1957,"Drama , Romance , War",Mikhail Kalatozov,Russian,,,79,Teen,0,Drama,97,,,3
Freedom Writers,2007,"Crime, Drama",Richard LaGravenese,English,21000000.0,43095175.0,79,Teen,0,Crime,123,22095175.0,105.21511904761904,2
In This Corner of the World,2016,"Animation , Drama , War , History",Sunao Katabuchi,Japanese,,19496308.0,79,Teen,1,Animation,130,,,4
Raise the Red Lantern,1991,Drama,Zhang Yimou,Chinese,1000000.0,16600000.0,79,Family Friendly,0,Drama,125,15600000.0,1560.0,1
"Batman: The Dark Knight Returns, Part 2",2013,"Science Fiction , Action , Animation , Mystery",Bob Kane,English,3500000.0,,79,Teen,0,Science Fiction,78,,,4
The Circus,1928,"Comedy , Romance , Drama",Charlie Chaplin,English,9000000.0,,79,Family Friendly,0,Comedy,72,,,3
When Marnie Was There,2014,"Animation , Drama , Family",Hiromasa Yonebayashi,Japanese,,34949567.0,79,Family Friendly,0,Animation,103,,,3
"No manches, Frida 2: paraíso destruido",2019,Comedy,Nacho G. Velilla,Spanish; Castilian,5000000.0,26500000.0,79,Adult,0,Comedy,102,21500000.0,430.0,1
Throne of Blood,1957,"Drama, History",Akira Kurosawa,Japanese,,13422.0,79,Family Friendly,1,Drama,108,,,2
Amélie,2001,"Comedy, Romance",Jean-Pierre Jeunet,French,10000000.0,173921954.0,79,Adult,1,Comedy,122,163921954.0,1639.21954,2
Where Is The Friend's House?,1987,"Drama, Adventure",Abbas Kiarostami,Persian,,,79,Family Friendly,0,Drama,83,,,2
My Way,2011,"Drama , Action , History , War",Kang Je-kyu,Korean,25500000.0,16653488.0,79,Adult,0,Drama,137,-8846512.0,-34.69220392156863,4
Hearts of Darkness: A Filmmaker's Apocalypse,1991,Documentary,George Hickenlooper,English,,1394661.0,79,Adult,0,Documentary,96,,,1
The General,1926,"Comedy , War , Romance",Clyde Bruckman,English,750000.0,1000000.0,79,Unknown,0,Comedy,79,250000.0,33.333333333333336,3
The Witch: Part 1. The Subversion,2018,"Action, Science Fiction",Park Hoon-jung,Korean,5500000.0,24340302.0,79,Teen,0,Action,126,18840302.0,342.55094545454546,2
The Way He Looks,2014,"Drama, Romance",Daniel Ribeiro,Portuguese,,1207841.0,79,Unknown,0,Drama,96,,,2
The Exterminating Angel,1962,"Comedy , Drama , Fantasy",Luis Buñuel,Spanish; Castilian,,,79,Unknown,0,Comedy,93,,,3
Tel chi el telùn,1999,Comedy,Arturo Brachetti,Italian,,,79,Teen,0,Comedy,120,,,1
The Postman,1994,"Comedy , Drama , Romance",Michael Radford,Italian,3000000.0,33000000.0,79,Family Friendly,1,Comedy,114,30000000.0,1000.0,3
Unforgiven,1992,Western,Clint Eastwood,English,14400000.0,159157447.0,79,Adult,1,Western,130,144757447.0,1005.2600486111111,1
Return of the Jedi,1983,"Adventure , Action , Science Fiction",George Lucas,English,32350000.0,572700000.0,79,Family Friendly,0,Adventure,132,540350000.0,1670.3245749613602,3
Miraculous World: Shanghai - The Legend of Ladydragon,2021,"Animation , Family , Action , Adventure , Fantasy",Thomas Astruc,French,,,79,Unknown,0,Animation,54,,,5
Guardians of the Galaxy,2014,"Action , Science Fiction , Adventure",James Gunn,English,170000000.0,772776600.0,79,Teen,0,Action,121,602776600.0,354.5744705882353,3
Castaway on the Moon,2009,"Drama , Comedy , Romance",Lee Hae-jun,Korean,,,79,Family Friendly,0,Drama,119,,,3
The Boy and the Beast,2015,"Action , Adventure , Animation , Drama , Family , Fantasy",Mamoru Hosoda,Japanese,,49714378.0,79,Teen,1,Action,119,,,6
Inside Out,2015,"Animation , Family , Adventure , Drama , Comedy",Pete Docter,English,175000000.0,857611174.0,79,Family Friendly,1,Animation,95,682611174.0,390.063528,5
It's Such a Beautiful Day,2012,"Animation, Comedy",Don Hertzfeldt,English,,,79,Family Friendly,0,Animation,62,,,2
Dallas Buyers Club,2013,"Drama, History",Jean-Marc Vallée,English,5000000.0,55736588.0,79,Adult,1,Drama,117,50736588.0,1014.73176,2
La Strada,1954,Drama,Federico Fellini,Italian,,,79,Unknown,0,Drama,115,,,1
The Count of Monte Cristo,2024,"Adventure , Action , Drama",Alexandre de La Patellière,French,46000000.0,75360860.0,79,Unknown,1,Adventure,178,29360860.0,63.82795652173913,3
I'm Still Here,2024,"Drama, History",Marcelo Rubens Paiva,Portuguese,8000000.0,36361572.0,79,Teen,1,Drama,138,28361572.0,354.51965,2
La Maison en Petits Cubes,2008,"Animation, Drama",Kunio Kato,Japanese,,,79,Unknown,1,Animation,12,,,2
The Miracle Worker,1962,"Drama, History",Arthur Penn,English,500000.0,2500000.0,79,Unknown,0,Drama,106,2000000.0,400.0,2
Chinatown,1974,"Crime , Mystery , Thriller",Roman Polanski,English,6000000.0,30000000.0,79,Adult,1,Crime,130,24000000.0,400.0,3
Gone with the Wind,1939,"Drama , War , Romance",Victor Fleming,English,4000000.0,402352579.0,79,Family Friendly,0,Drama,238,398352579.0,9958.814475,3
A Separation,2011,Drama,Asghar Farhadi,Persian,5000000.0,24426169.0,79,Teen,1,Drama,123,19426169.0,388.52338,1
Harry Potter and the Philosopher's Stone,2001,"Adventure, Fantasy",Chris Columbus,English,125000000.0,1029374615.0,79,Family Friendly,0,Adventure,152,904374615.0,723.499692,2
About Time,2013,"Drama , Romance , Fantasy",Richard Curtis,English,12000000.0,87100449.0,79,Adult,0,Drama,123,75100449.0,625.837075,3
Mulan,1998,"Animation , Family , Adventure",Tony Bancroft,English,90000000.0,304320254.0,79,Family Friendly,1,Animation,88,214320254.0,238.13361555555556,3
Faust,1926,"Fantasy , Drama , Horror",F. W. Murnau,German,,,79,Unknown,0,Fantasy,116,,,3
Free Solo,2018,"Documentary, Adventure",Jimmy Chin,English,,21790193.0,79,Teen,1,Documentary,100,,,2
Titanic,1997,"Drama, Romance",James Cameron,English,200000000.0,2264162353.0,79,Teen,1,Drama,194,2064162353.0,1032.0811765,2
The Battle of Algiers,1966,"Drama , War , History",Gillo Pontecorvo,Italian,800000.0,964028.0,79,Unknown,0,Drama,122,164028.0,20.5035,3
A Bronx Tale,1993,"Drama, Crime",Robert De Niro,English,22000000.0,17287898.0,79,Adult,0,Drama,121,-4712102.0,-21.418645454545455,2
V for Vendetta,2006,"Action , Thriller , Science Fiction",James McTeigue,English,54000000.0,134686457.0,79,Adult,0,Action,132,80686457.0,149.41936481481483,3
La La Land,2016,"Comedy , Drama , Romance",Damien Chazelle,English,30000000.0,509183536.0,79,Teen,1,Comedy,129,479183536.0,1597.2784533333333,3
Raging Bull,1980,"Drama, History",Martin Scorsese,English,18000000.0,23380203.0,79,Adult,0,Drama,129,5380203.0,29.890016666666668,2
All Your Faces,2023,Drama,Jeanne Herry,French,,,79,Unknown,1,Drama,115,,,1
My Father's Violin,2022,"Drama, Music",Andaç Haznedaroğlu,Turkish,,,79,Teen,0,Drama,112,,,2
Simone: Woman of the Century,2022,"Drama, History",Olivier Dahan,French,,,79,Unknown,1,Drama,140,,,2
What Ever Happened to Baby Jane?,1962,"Drama , Horror , Thriller",Robert Aldrich,English,980000.0,,79,Teen,0,Drama,135,,,3
My Octopus Teacher,2020,Documentary,Pippa Ehrlich,English,,,79,Family Friendly,1,Documentary,85,,,1
Hannah Gadsby: Nanette,2018,Comedy,Madeleine Parry,English,,,79,Unknown,0,Comedy,69,,,1
Ben-Hur,1959,"History , Drama , Adventure",William Wyler,English,15000000.0,164000000.0,79,Family Friendly,0,History,212,149000000.0,993.3333333333334,3
Dragon Ball Super: Super Hero,2022,"Animation , Science Fiction , Action",Akira Toriyama,Japanese,,86600000.0,79,Teen,0,Animation,100,,,3
Miracle in Cell No. 7,2013,"Drama, Comedy",Lee Hwan-kyung,Korean,,80300000.0,79,Teen,0,Drama,128,,,2
Roman Holiday,1953,"Romance , Comedy , Drama",Ian McLellan Hunter,English,1500000.0,12000000.0,79,Family Friendly,1,Romance,119,10500000.0,700.0,3
Ivan Vasilyevich Changes His Profession,1973,"Comedy, Science Fiction",Leonid Gaidai,Russian,,,79,Unknown,0,Comedy,88,,,2
Captain Fantastic,2016,"Drama, Comedy",Matt Ross,English,5000000.0,23123592.0,79,Adult,1,Drama,119,18123592.0,362.47184,2
Limelight,1952,"Romance , Drama , Music , Comedy",Charlie Chaplin,English,900000.0,1000000.0,79,Family Friendly,0,Romance,137,100000.0,11.11111111111111,4
Army of Shadows,1969,"War , Drama , Thriller , History",Jean-Pierre Melville,French,,906133.0,79,Unknown,0,War,145,,,4
The Notebook,2004,"Romance, Drama",Nick Cassavetes,English,29000000.0,115600000.0,79,Teen,0,Romance,123,86600000.0,298.62068965517244,2
Suzume,2022,"Animation , Drama , Adventure , Fantasy",Makoto Shinkai,Japanese,13000000.0,314992206.0,79,Family Friendly,1,Animation,122,301992206.0,2323.016969230769,4
Gone Girl,2014,"Mystery , Thriller , Drama",Gillian Flynn,English,61000000.0,370890259.0,79,Adult,0,Mystery,149,309890259.0,508.0168180327869,3
Spider-Man: Brand New Day,2026,"Science Fiction , Action , Adventure",Stan Lee,English,225000000.0,2332508000.0,79,Teen,0,Science Fiction,145,2107508000.0,936.6702222222223,3
Three Colors: Red,1994,"Drama , Mystery , Romance",Krzysztof Kieślowski,French,,4127033.0,79,Adult,1,Drama,100,,,3
Ne Zha,2019,"Animation , Fantasy , Adventure",Jiao Zi,Chinese,22000000.0,742718496.0,79,Unknown,0,Animation,110,720718496.0,3275.9931636363635,3
In the Name of the Father,1993,Drama,Jim Sheridan,English,13000000.0,65796862.0,79,Adult,0,Drama,133,52796862.0,406.1297076923077,1
My Hero Academia: Two Heroes,2018,"Animation , Action , Adventure , Fantasy",Kohei Horikoshi,Japanese,12000000.0,27507549.0,79,Teen,1,Animation,96,15507549.0,129.229575,4
Children of Heaven,1997,"Drama, Family",Majid Majidi,Persian,180000.0,925402.0,79,Family Friendly,0,Drama,88,745402.0,414.1122222222222,2
A Street Cat Named Bob,2016,"Family, Drama",Roger Spottiswoode,English,8000000.0,17900000.0,79,Teen,0,Family,103,9900000.0,123.75,2
Justice League: The Flashpoint Paradox,2013,"Animation , Action , Science Fiction",Jerry Siegel,English,3500000.0,,79,Teen,0,Animation,81,,,3
The Third Man,1949,"Thriller, Mystery",Carol Reed,English,,1226098.0,79,Unknown,0,Thriller,105,,,2
Lee Cronin's The Mummy,2026,"Horror, Mystery",Lee Cronin,English,22000000.0,90552113.0,79,Adult,0,Horror,133,68552113.0,311.60051363636364,2
The Pursuit of Happyness,2006,Drama,Gabriele Muccino,English,55000000.0,307077295.0,79,Teen,0,Drama,117,252077295.0,458.3223545454546,1
The Boy Who Harnessed the Wind,2019,"Drama, History",Chiwetel Ejiofor,English,,,79,Family Friendly,0,Drama,113,,,2
Forgotten,2017,"Thriller , Mystery , Crime",Chang Hang-jun,Korean,,9968972.0,79,Teen,0,Thriller,108,,,3
The Legend of La Llorona,2011,"Animation , Family , Fantasy , Horror",Alberto Rodríguez,Spanish; Castilian,,3900000.0,79,Unknown,0,Animation,75,,,4
The Greatest Night in Pop,2024,"Documentary, Music",Bao Nguyen,English,,,79,Teen,1,Documentary,96,,,2
Searching for Sugar Man,2012,"Music, Documentary",Malik Bendjelloul,English,1000000.0,3696196.0,79,Teen,1,Music,85,2696196.0,269.6196,2
Rebecca,1940,"Mystery , Romance , Thriller",Alfred Hitchcock,English,,,79,Unknown,0,Mystery,130,,,3
Persepolis,2007,"Animation, Drama",Marjane Satrapi,French,7300000.0,22783990.0,79,Teen,0,Animation,95,15483990.0,212.10945205479453,2
Diabolique,1955,"Thriller, Mystery",Henri-Georges Clouzot,French,,,79,Unknown,0,Thriller,118,,,2
CODA,2021,"Drama , Music , Romance",Sian Heder,English,10000000.0,1905058.0,79,Teen,1,Drama,112,-8094942.0,-80.94942,3
Winter Light,1963,Drama,Ingmar Bergman,Swedish,,,79,Teen,0,Drama,80,,,1
Divorce Italian Style,1961,"Comedy, Crime",Pietro Germi,Italian,,,79,Teen,0,Comedy,104,,,2
A Trip to the Moon,1902,"Adventure , Science Fiction , Comedy",Georges Méliès,French,5985.0,,79,Family Friendly,0,Adventure,15,,,3
Redeeming Love,2022,"Romance , Drama , Western",D.J. Caruso,English,30000000.0,9464198.0,79,Teen,0,Romance,134,-20535802.0,-68.45267333333334,3
Mary and Max,2009,"Animation , Comedy , Drama",Adam Elliot,English,8240000.0,1740429.0,79,Unknown,0,Animation,92,-6499571.0,-78.87828883495146,3
Koyaanisqatsi,1983,"Documentary, Music",Godfrey Reggio,English,600000.0,3200000.0,79,Unknown,0,Documentary,86,2600000.0,433.3333333333333,2
Your Name Engraved Herein,2020,"Romance, Drama",Liu Kuang-Hui,Chinese,,,79,Unknown,0,Romance,115,,,2
Umberto D.,1952,Drama,Vittorio De Sica,Italian,,71461.0,79,Unknown,0,Drama,91,,,1
Where Hands Touch,2018,"War , Drama , Romance",Amma Asante,English,,128269.0,79,Teen,0,War,122,,,3
Estômago: A Gastronomic Story,2008,"Drama , Comedy , Mystery , Crime",Marcos Jorge,Portuguese,536279.0,,79,Adult,0,Drama,113,,,4
Dangal,2016,"Drama , Family , Comedy",Nitesh Tiwari,Hindi,10400000.0,311000000.0,79,Family Friendly,0,Drama,161,300600000.0,2890.3846153846152,3
Mamma Roma,1962,Drama,Pier Paolo Pasolini,Italian,,,79,Teen,0,Drama,110,,,1
Kill Bill: Vol. 2,2004,"Action , Crime , Thriller",Quentin Tarantino,English,30000000.0,152159461.0,79,Adult,0,Action,136,122159461.0,407.1982033333333,3
Let Go,2024,Drama,Josephine Bornebusch,Swedish,,,79,Adult,0,Drama,110,,,1
"Remi, Nobody's Boy",2018,"Adventure , Family , Drama",Antoine Blossier,French,,7434840.0,79,Family Friendly,0,Adventure,109,,,3
Temple Grandin,2010,"Drama, History",Margaret Scarciano,English,,,79,Family Friendly,0,Drama,108,,,2
Amarcord,1973,"Comedy, Drama",Federico Fellini,Italian,,,79,Adult,0,Comedy,123,,,2
The Internet's Own Boy: The Story of Aaron Swartz,2014,"Documentary, Crime",Brian Knappenberger,English,,48911.0,79,Unknown,1,Documentary,105,,,2
A Whisker Away,2020,"Animation , Drama , Romance , Fantasy",Junichi Sato,Japanese,,,79,Family Friendly,0,Animation,104,,,4
"The Gangster, the Cop, the Devil",2019,"Action , Crime , Thriller",Lee Won-tae,Korean,6500000.0,25775371.0,79,Adult,0,Action,110,19275371.0,296.5441692307692,3
Death Note Relight 1: Visions of a God,2007,"TV Movie , Crime , Drama , Fantasy , Thriller , Animation",Tetsuro Araki,Japanese,,,79,Teen,0,TV Movie,131,,,6
An Autumn Afternoon,1962,Drama,Yasujirō Ozu,Japanese,,,79,Unknown,1,Drama,113,,,1
Honeyland,2019,Documentary,Tamara Kotevska,Turkish,,1133735.0,79,Family Friendly,0,Documentary,89,,,1
A Movie of Eggs,2006,"Animation , Comedy , Family",Rodolfo Riva Palacio Alatriste,Spanish; Castilian,800000.0,7144638.0,79,Family Friendly,0,Animation,90,6344638.0,793.07975,3
Paper Moon,1973,"Comedy , Crime , Drama",Peter Bogdanovich,English,2500000.0,30900000.0,79,Family Friendly,1,Comedy,102,28400000.0,1136.0,3
How to Train Your Dragon,2010,"Fantasy , Adventure , Animation , Family",Chris Sanders,English,165000000.0,495141736.0,79,Family Friendly,0,Fantasy,98,330141736.0,200.08590060606062,4
Nobody,2021,"Action, Thriller",Ilya Naishuller,English,16000000.0,57512470.0,79,Adult,0,Action,91,41512470.0,259.4529375,2
Wild Tales,2014,"Drama , Thriller , Comedy",Damián Szifron,Spanish; Castilian,4000000.0,31478893.0,79,Adult,1,Drama,122,27478893.0,686.972325,3
Werckmeister Harmonies,2001,Drama,László Krasznahorkai,Hungarian,,64974.0,79,Family Friendly,0,Drama,139,,,1
Winter on Fire: Ukraine's Fight for Freedom,2015,Documentary,Evgeny Afineevsky,English,,,79,Adult,0,Documentary,98,,,1
An Egg Rescue,2021,"Animation , Comedy , Adventure , Family",Rodolfo Riva Palacio Alatriste,Spanish; Castilian,6400000.0,4093345.0,79,Family Friendly,0,Animation,89,-2306655.0,-36.041484375,4
Cries and Whispers,1972,Drama,Ingmar Bergman,Swedish,400000.0,,79,Adult,0,Drama,95,,,1
La Jetée,1962,"Drama , Romance , Science Fiction",Chris Marker,French,,,79,Unknown,0,Drama,29,,,3
Downfall,2004,"Drama , History , War",Joachim Fest,German,16000000.0,92181574.0,79,Adult,0,Drama,155,76181574.0,476.1348375,3
Bad Genius,2017,"Drama , Crime , Thriller , Comedy",Nattawut Poonpiriya,Thai,1839169.0,42350000.0,79,Teen,0,Drama,130,40510831.0,2202.6703908123723,4
Grand Illusion,1937,"Drama , History , War",Jean Renoir,French,,172885.0,79,Unknown,0,Drama,114,,,3
Apollo 11,2019,"Documentary , History , Drama",Todd Douglas Miller,English,,,79,Family Friendly,1,Documentary,93,,,3
I'm No Longer Here,2019,Drama,Luis Fernando Frías de la Parra,Spanish; Castilian,849080.0,,79,Adult,0,Drama,112,,,1
The Night of the Hunter,1955,"Crime , Drama , Thriller",Charles Laughton,English,795000.0,,79,Adult,0,Crime,93,,,3
Made in Abyss: Dawn of the Deep Soul,2020,"Animation , Adventure , Fantasy , Mystery",Masayuki Kojima,Japanese,,4971635.0,79,Adult,0,Animation,105,,,4
Sing Street,2016,"Romance , Drama , Music , Comedy",John Carney,English,4000000.0,13624522.0,79,Teen,0,Romance,105,9624522.0,240.61305,4
Blackfish,2013,Documentary,Gabriela Cowperthwaite,English,,2063312.0,79,Teen,0,Documentary,83,,,1
Millennium Actress,2002,"Animation , Drama , Romance",Satoshi Kon,Japanese,,37641.0,79,Family Friendly,1,Animation,87,,,3
"Monsters, Inc.",2001,"Animation , Comedy , Family , Fantasy",Pete Docter,English,115000000.0,579700000.0,79,Family Friendly,1,Animation,92,464700000.0,404.0869565217391,4
Indiana Jones and the Last Crusade,1989,"Adventure, Action",George Lucas,English,48000000.0,474171806.0,79,Teen,0,Adventure,127,426171806.0,887.8579291666666,2
Young Woman and the Sea,2024,"History, Drama",Joachim Rønning,English,40000000.0,581725.0,79,Family Friendly,0,History,129,-39418275.0,-98.5456875,2
Wish Dragon,2021,"Animation , Family , Comedy , Fantasy , Romance , Adventure",Chris Appelhans,English,,25860000.0,79,Family Friendly,0,Animation,99,,,6
The Greatest Showman,2017,Drama,Jenny Bicks,English,84000000.0,459066134.0,79,Family Friendly,1,Drama,105,375066134.0,446.50730238095235,1
The Virgin Spring,1960,"Drama, History",Ingmar Bergman,Swedish,,700000.0,79,Teen,0,Drama,90,,,2
Young Frankenstein,1974,Comedy,Mel Brooks,English,2800000.0,86273333.0,79,Family Friendly,0,Comedy,106,83473333.0,2981.1904642857144,1
Dog Day Afternoon,1975,"Crime , Drama , Thriller",Sidney Lumet,English,1800000.0,56665856.0,79,Adult,1,Crime,125,54865856.0,3048.103111111111,3
Ron's Gone Wrong,2021,"Animation , Science Fiction , Family , Comedy",Sarah Smith,English,57000000.0,60692022.0,79,Family Friendly,0,Animation,107,3692022.0,6.477231578947368,4
Perfect Strangers,2016,Drama,Paolo Genovese,Italian,,32207491.0,79,Teen,0,Drama,97,,,1
Elite Squad: The Enemy Within,2010,"Drama , Action , Crime",José Padilha,Portuguese,,63027681.0,79,Adult,0,Drama,115,,,3
On the Waterfront,1954,"Crime , Drama , Romance",Elia Kazan,English,910000.0,9600631.0,79,Unknown,1,Crime,108,8690631.0,955.0143956043956,3
A Beautiful Mind,2001,"Drama, Romance",Ron Howard,English,58000000.0,316791257.0,79,Teen,1,Drama,135,258791257.0,446.1918224137931,2
Nimona,2023,"Animation , Family , Fantasy , Adventure , Science Fiction , Action",Nick Bruno,English,,,79,Family Friendly,1,Animation,99,,,6
One Week,1920,Comedy,Buster Keaton,No Language,,,79,Unknown,0,Comedy,25,,,1
Departures,2008,Drama,Yojiro Takita,Japanese,,69932387.0,79,Teen,1,Drama,130,,,1
Fargo,1996,"Crime , Drama , Thriller",Ethan Coen,English,7000000.0,60611975.0,78,Adult,1,Crime,98,53611975.0,765.8853571428572,3
The Wizards Return: Alex vs. Alex,2013,"Family , Comedy , TV Movie , Fantasy",Victor Gonzalez,English,,,78,Family Friendly,0,Family,60,,,4
Teen Titans: Trouble in Tokyo,2006,"Animation , Action , Science Fiction , TV Movie",Michael Chang,English,,,79,Family Friendly,0,Animation,75,,,4
Isle of Dogs,2018,"Adventure , Comedy , Animation",Wes Anderson,English,35000000.0,72991435.0,78,Teen,1,Adventure,101,37991435.0,108.54695714285714,3
Ratatouille,2007,"Animation , Comedy , Family , Fantasy",Brad Bird,English,150000000.0,623726000.0,78,Family Friendly,1,Animation,111,473726000.0,315.81733333333335,4
Vincent,1982,"Animation, Fantasy",Tim Burton,English,60000.0,,78,Family Friendly,0,Animation,6,,,2
Sword Art Online the Movie - Progressive - Aria of a Starless Night,2021,"Animation , Action , Fantasy , Science Fiction",Ayako Kono,Japanese,,14037060.0,78,Teen,0,Animation,97,,,4
Just Mercy,2019,"Drama , Crime , History",Destin Daniel Cretton,English,25000000.0,50401502.0,78,Teen,0,Drama,137,25401502.0,101.606008,3
Ace in the Hole,1951,Drama,Billy Wilder,English,1821052.0,1300000.0,78,Unknown,0,Drama,112,-521052.0,-28.61269200440185,1
Knives Out,2019,"Comedy , Crime , Mystery",Rian Johnson,English,40000000.0,312897920.0,78,Teen,1,Comedy,131,272897920.0,682.2448,3
Dances with Wolves,1990,"Adventure , Drama , Western",Kevin Costner,English,22000000.0,424208848.0,78,Teen,1,Adventure,181,402208848.0,1828.2220363636363,3
Mortal Kombat II,2026,"Action , Fantasy , Adventure",Simon McQuoid,English,80000000.0,129470110.0,78,Adult,0,Action,116,49470110.0,61.8376375,3
Tod@s Caen,2019,Comedy,Ariel Winograd,Spanish; Castilian,,,78,Family Friendly,0,Comedy,120,,,1
Little Women,2019,"Drama, Romance",Greta Gerwig,English,40000000.0,332103783.0,78,Family Friendly,1,Drama,135,292103783.0,730.2594575,2
Warrior,2011,"Drama, Action",Gavin O'Connor,English,25000000.0,23300000.0,78,Teen,0,Drama,140,-1700000.0,-6.8,2
Man with a Movie Camera,1929,Documentary,Dziga Vertov,Russian,,,78,Teen,0,Documentary,68,,,1
The Breadwinner,2017,"Animation , War , Drama",Nora Twomey,English,,2790214.0,78,Teen,0,Animation,94,,,3
Kiki's Delivery Service,1989,"Animation , Family , Fantasy",Hayao Miyazaki,Japanese,6900000.0,4493017.0,78,Family Friendly,1,Animation,103,-2406983.0,-34.883811594202896,3
Fail Safe,1964,"Thriller , Drama , War",Sidney Lumet,English,,,78,Unknown,0,Thriller,112,,,3
Late Shift,2025,Drama,Petra Biondina Volpe,German,4600000.0,3995267.0,78,Family Friendly,0,Drama,92,-604733.0,-13.146369565217391,1
War Room,2015,Drama,Alex Kendrick,English,3000000.0,73267874.0,78,Family Friendly,0,Drama,120,70267874.0,2342.2624666666666,1
Her,2013,"Romance , Science Fiction , Drama",Spike Jonze,English,23000000.0,47351251.0,78,Adult,1,Romance,126,24351251.0,105.87500434782609,3
The Marquis of Grillo,1981,Comedy,Mario Monicelli,Italian,,7283223.0,78,Teen,0,Comedy,139,,,1
The Wrong Trousers,1993,"Animation , Comedy , Family",Nick Park,English,832000.0,,78,Family Friendly,0,Animation,30,,,3
Dancer in the Dark,2000,"Drama, Crime",Lars von Trier,English,12500000.0,40061153.0,78,Adult,1,Drama,140,27561153.0,220.489224,2
The Nightmare Before Christmas,1993,"Fantasy , Animation , Family",Tim Burton,English,18000000.0,75634409.0,78,Family Friendly,0,Fantasy,76,57634409.0,320.1911611111111,3
The Big Lebowski,1998,"Comedy, Crime",Joel Coen,English,15000000.0,47010480.0,78,Adult,0,Comedy,117,32010480.0,213.4032,2
Pirates of the Caribbean: The Curse of the Black Pearl,2003,"Adventure , Fantasy , Action",Gore Verbinski,English,140000000.0,655011224.0,78,Teen,1,Adventure,143,515011224.0,367.86516,3
Dogman,2023,"Action , Drama , Crime",Luc Besson,French,,4082217.0,78,Adult,0,Action,115,,,3
13th,2016,Documentary,Ava DuVernay,English,,,78,Adult,1,Documentary,100,,,1
Stand by Me,1986,"Drama, Adventure",Rob Reiner,English,8000000.0,52289686.0,78,Adult,0,Drama,89,44289686.0,553.621075,2
Sing 2,2021,"Animation , Comedy , Family , Music",Garth Jennings,English,85000000.0,408402685.0,78,Family Friendly,0,Animation,110,323402685.0,380.4737470588235,4
Sherlock: The Abominable Bride,2016,"Crime , Drama , Mystery , Thriller , TV Movie",Arthur Conan Doyle,English,,,78,Teen,0,Crime,90,,,5
Lisbela and the Prisoner,2003,"Comedy, Romance",Guel Arraes,Portuguese,,,78,Family Friendly,0,Comedy,106,,,2
The Mitchells vs. the Machines,2021,"Animation , Adventure , Comedy",Mike Rianda,English,75000000.0,,78,Family Friendly,1,Animation,110,,,3
No Game No Life: Zero,2017,"Adventure , Animation , Drama , Fantasy , Romance",Atsuko Ishizuka,Japanese,,6356284.0,78,Adult,0,Adventure,106,,,5
Predator: Badlands,2025,"Action , Science Fiction , Adventure",Dan Trachtenberg,English,105000000.0,184500000.0,78,Teen,1,Action,107,79500000.0,75.71428571428571,3
Joint Security Area,2000,"Drama , Thriller , Mystery",Park Chan-wook,Korean,12500000.0,20300000.0,78,Teen,0,Drama,108,7800000.0,62.4,3
Anatomy of a Murder,1959,"Crime , Drama , Mystery",Otto Preminger,English,2000000.0,8000000.0,78,Unknown,0,Crime,161,6000000.0,300.0,3
Shoplifters,2018,"Drama , Crime , Thriller",Hirokazu Kore-eda,Japanese,,,78,Adult,1,Drama,120,,,3
Inner Workings,2016,"Animation , Family , Comedy",Leo Matsuda,English,,,78,Unknown,0,Animation,7,,,3
Ivan's Childhood,1962,"Drama, War",Andrei Tarkovsky,Russian,,,78,Teen,0,Drama,95,,,2
Snatch,2000,"Crime, Comedy",Guy Ritchie,English,100000000.0,83557872.0,78,Adult,0,Crime,103,-16442128.0,-16.442128,2
We Bare Bears: The Movie,2020,"Animation , Adventure , Family , Comedy , TV Movie",Daniel Chong,English,,,78,Family Friendly,0,Animation,69,,,5
The Man Who Shot Liberty Valance,1962,Western,John Ford,English,3200000.0,8000000.0,78,Teen,0,Western,123,4800000.0,150.0,1
Charm City Kings,2020,Drama,Ángel Manuel Soto,English,,,78,Adult,0,Drama,125,,,1
Feast,2014,"Animation , Comedy , Drama , Family",Patrick Osborne,English,,,78,Family Friendly,1,Animation,6,,,4
Carlito's Way,1993,"Crime , Drama , Thriller",Brian De Palma,English,30000000.0,63848322.0,78,Adult,0,Crime,144,33848322.0,112.82774,3
Papillon,1973,"Crime, Drama",Franklin J. Schaffner,English,12000000.0,53267000.0,78,Family Friendly,0,Crime,151,41267000.0,343.89166666666665,2
Friends: The Reunion,2021,"Documentary, Comedy",Ben Winston,English,,,78,Teen,0,Documentary,104,,,2
The Theory of Everything,2014,"Drama, Romance",James Marsh,English,15000000.0,123726688.0,78,Teen,1,Drama,123,108726688.0,724.8445866666667,2
Mishima: A Life in Four Chapters,1985,Drama,Paul Schrader,Japanese,5000000.0,502758.0,78,Adult,0,Drama,121,-4497242.0,-89.94484,1
A Fistful of Dollars,1964,Western,Sergio Leone,Italian,200000.0,14500000.0,78,Adult,0,Western,99,14300000.0,7150.0,1
Argentina 1985,2022,"Drama , History , Crime",Santiago Mitre,Spanish; Castilian,20000000.0,58424000.0,78,Adult,1,Drama,141,38424000.0,192.12,3
See You Up There,2017,"Drama , Crime , War",Albert Dupontel,French,23000000.0,15100000.0,78,Unknown,0,Drama,113,-7900000.0,-34.34782608695652,3
Jodorowsky's Dune,2013,Documentary,Frank Pavich,English,,662736.0,78,Teen,0,Documentary,87,,,1
Fantastic Mr. Fox,2009,"Adventure , Animation , Comedy , Family",Wes Anderson,English,40000000.0,46471023.0,78,Family Friendly,0,Adventure,87,6471023.0,16.1775575,4
F1,2025,"Action, Drama",Joseph Kosinski,English,300000000.0,634142436.0,78,Teen,1,Action,156,334142436.0,111.380812,2
3-Iron,2004,"Drama , Romance , Crime",Kim Ki-duk,Korean,,3403957.0,78,Adult,0,Drama,88,,,3
The Bridge on the River Kwai,1957,"Drama , History , War",David Lean,English,2800000.0,44908000.0,78,Family Friendly,1,Drama,162,42108000.0,1503.857142857143,3
The Look of Silence,2014,"History, Documentary",Joshua Oppenheimer,English,,332710.0,78,Teen,1,History,100,,,2
Logan,2017,"Action , Drama , Science Fiction",James Mangold,English,97000000.0,619021436.0,78,Adult,0,Action,137,522021436.0,538.1664288659794,3
Thirteen Lives,2022,"Drama , Thriller , History",William Nicholson,English,55000000.0,,78,Teen,1,Drama,147,,,3
Finding Nemo,2003,"Animation , Family , Adventure",Andrew Stanton,English,94000000.0,940335536.0,78,Family Friendly,1,Animation,100,846335536.0,900.3569531914893,3
Perfect Days,2023,Drama,Wim Wenders,Japanese,14000000.0,24094016.0,78,Family Friendly,1,Drama,124,10094016.0,72.10011428571428,1
The Cameraman,1928,"Comedy , Romance , Drama",Edward Sedgwick,English,,797000.0,78,Family Friendly,0,Comedy,74,,,3
Miss Americana,2020,"Documentary, Music",Lana Wilson,English,,,78,Adult,0,Documentary,85,,,2
The Boy in the Striped Pyjamas,2008,"Drama , War , History",Mark Herman,English,12500000.0,20416563.0,78,Teen,0,Drama,94,7916563.0,63.332504,3
Rosemary's Baby,1968,"Drama , Horror , Thriller",Roman Polanski,English,3200000.0,33395426.0,78,Adult,0,Drama,138,30195426.0,943.6070625,3
Finch,2021,"Science Fiction , Drama , Adventure",Miguel Sapochnik,English,2500000.0,,78,Teen,0,Science Fiction,116,,,3
It Happened One Night,1934,"Comedy, Romance",Frank Capra,English,325000.0,4500000.0,78,Unknown,0,Comedy,105,4175000.0,1284.6153846153845,2
Forgotten Love,2023,"Drama, Romance",Michał Gazda,Polish,,,78,Teen,0,Drama,140,,,2
Bajrangi Bhaijaan,2015,"Comedy , Drama , Adventure",Kabir Khan,Hindi,13000000.0,150000000.0,78,Unknown,0,Comedy,159,137000000.0,1053.8461538461538,3
Evangelion: 2.0 You Can (Not) Advance,2009,"Animation , Science Fiction , Action , Drama",Hideaki Anno,Japanese,10000000.0,44339362.0,78,Unknown,0,Animation,112,34339362.0,343.39362,4
Toy Story 3,2010,"Animation , Family , Comedy",Lee Unkrich,English,200000000.0,1067316101.0,78,Family Friendly,1,Animation,103,867316101.0,433.6580505,3
Mr. Smith Goes to Washington,1939,"Comedy, Drama",Frank Capra,English,1500000.0,9600000.0,78,Unknown,0,Comedy,130,8100000.0,540.0,2
Die Hard,1988,"Action, Thriller",John McTiernan,English,28000000.0,140767956.0,78,Adult,0,Action,132,112767956.0,402.7427,2
The Plague Dogs,1982,"Adventure , Animation , Drama",Martin Rosen,English,6000000.0,423281.0,78,Unknown,0,Adventure,103,-5576719.0,-92.94531666666667,3
Two Women,1960,"Drama, War",Vittorio De Sica,Italian,,,78,Unknown,0,Drama,100,,,2
Gifted Hands: The Ben Carson Story,2009,Drama,Thomas Carter,English,,,78,Unknown,0,Drama,86,,,1
Paprika,2006,"Animation , Science Fiction , Thriller",Satoshi Kon,Japanese,2600000.0,946590.0,78,Adult,0,Animation,90,-1653410.0,-63.59269230769231,3
"Love, Rosie",2014,"Romance , Drama , Comedy",Christian Ditter,English,,4439431.0,78,Adult,0,Romance,102,,,3
Spotlight,2015,"Drama, History",Tom McCarthy,English,20000000.0,98690254.0,78,Adult,1,Drama,129,78690254.0,393.45127,2
Kagemusha,1980,"Action , Drama , History , War",Akira Kurosawa,Japanese,6000000.0,4000000.0,78,Family Friendly,1,Action,180,-2000000.0,-33.333333333333336,4
To Be or Not to Be,1942,"Comedy , War , Romance",Ernst Lubitsch,English,1200000.0,1500000.0,78,Unknown,0,Comedy,99,300000.0,25.0,3
Pather Panchali,1955,"Drama, History",Satyajit Ray,Bengali,,536364.0,78,Family Friendly,0,Drama,125,,,2
Interstella 5555: The 5tory of the 5ecret 5tar 5ystem,2003,"Animation , Science Fiction , Music , Adventure",Daisuke Nishio,English,4000000.0,6664789.0,78,Family Friendly,0,Animation,68,2664789.0,66.619725,4
Sunrise: A Song of Two Humans,1927,"Drama, Romance",Hermann Sudermann,English,,1636000.0,78,Unknown,0,Drama,94,,,2
Us Again,2021,"Animation , Drama , Family , Romance",Zach Parrish,English,,,78,Family Friendly,0,Animation,7,,,4
I Saw the Devil,2010,"Thriller, Horror",Kim Jee-woon,Korean,6000000.0,12966357.0,78,Adult,0,Thriller,144,6966357.0,116.10595,2
1900,1976,"Drama, History",Bernardo Bertolucci,Italian,9000000.0,,78,Adult,0,Drama,317,,,2
Always,2011,"Romance, Drama",Song Il-gon,Korean,,6941450.0,78,Teen,0,Romance,108,,,2
Infernal Affairs,2002,"Drama , Action , Thriller , Crime , Mystery",Alan Mak Siu-Fai,Cantonese,6400000.0,8836958.0,78,Adult,0,Drama,101,2436958.0,38.07746875,5
The Shadow in My Eye,2021,"War , Drama , History",Ole Bornedal,Danish,,,78,Teen,0,War,107,,,3
The Best Offer,2013,"Drama , Romance , Crime",Giuseppe Tornatore,Italian,13500000.0,19255873.0,78,Adult,0,Drama,131,5755873.0,42.636096296296294,3
Home,2009,"Documentary , Drama , Family",Yann Arthus-Bertrand,French,,,78,Unknown,0,Documentary,95,,,3
L.A. Confidential,1997,"Crime , Mystery , Thriller",Curtis Hanson,English,35000000.0,126216940.0,78,Adult,1,Crime,138,91216940.0,260.61982857142857,3
The Perks of Being a Wallflower,2012,Drama,Stephen Chbosky,English,13000000.0,33384127.0,78,Teen,1,Drama,103,20384127.0,156.80097692307692,1
The Fool,2014,Drama,Yury Bykov,Russian,1300005.0,,78,Adult,0,Drama,116,,,1
Before Sunset,2004,"Drama, Romance",Richard Linklater,English,2700000.0,15992615.0,78,Adult,0,Drama,80,13292615.0,492.3190740740741,2
Midnight Sun,2018,"Romance, Drama",Scott Speer,English,2800000.0,27365467.0,78,Teen,0,Romance,92,24565467.0,877.3381071428571,2
World of Tomorrow,2015,"Animation , Drama , Science Fiction",Don Hertzfeldt,English,,,78,Unknown,0,Animation,17,,,3
The Grapes of Wrath,1940,Drama,John Ford,English,800000.0,1591000.0,78,Unknown,0,Drama,129,791000.0,98.875,1
Close to the Horizon,2019,"Romance, Drama",Tim Trachte,German,,,78,Family Friendly,0,Romance,117,,,2
The Working Class Goes to Heaven,1971,Drama,Elio Petri,Italian,,,78,Unknown,0,Drama,113,,,1
Monty Python and the Holy Grail,1975,"Adventure , Comedy , Fantasy",Terry Gilliam,English,400000.0,5763644.0,78,Family Friendly,0,Adventure,91,5363644.0,1340.911,3
Harry Potter and the Goblet of Fire,2005,"Adventure, Fantasy",Mike Newell,English,150000000.0,895921036.0,78,Teen,0,Adventure,157,745921036.0,497.28069066666666,2
Seaspiracy,2021,"Documentary, Crime",Ali Tabrizi,English,,,78,Unknown,0,Documentary,89,,,2
Rocky,1976,Drama,John G. Avildsen,English,1000000.0,117253345.0,78,Family Friendly,0,Drama,120,116253345.0,11625.3345,1
Reminders of Him,2026,"Romance, Drama",Colleen Hoover,English,30000000.0,89039780.0,78,Teen,0,Romance,114,59039780.0,196.79926666666665,2
Let the Bullets Fly,2010,"Action, Comedy",Jiang Wen,Chinese,,104731450.0,78,Family Friendly,0,Action,132,,,2
Z,1969,"Thriller , Crime , Drama",Costa-Gavras,French,,83305.0,78,Unknown,0,Thriller,122,,,3
"Spring, Summer, Fall, Winter... and Spring",2003,Drama,Kim Ki-duk,Korean,,8945072.0,78,Teen,0,Drama,103,,,1
La luna,2012,"Animation , Family , Fantasy",Enrico Casarosa,English,,,78,Family Friendly,0,Animation,7,,,3
Rio Bravo,1959,"Western, Drama",Howard Hawks,English,1200000.0,5750000.0,78,Family Friendly,0,Western,141,4550000.0,379.1666666666667,2
Mulholland Drive,2001,"Thriller , Drama , Mystery",David Lynch,English,15000000.0,20289986.0,78,Adult,1,Thriller,147,5289986.0,35.26657333333333,3
Land of Mine,2015,"War , Drama , History",Martin Zandvliet,Danish,5070773.0,,78,Adult,0,War,100,,,3
The Dark Knight Rises,2012,"Action , Crime , Drama , Thriller",Christopher Nolan,English,250000000.0,1081041287.0,78,Teen,1,Action,165,831041287.0,332.4165148,4
Still Walking,2008,"Drama, Family",Hirokazu Kore-eda,Japanese,,3511120.0,78,Unknown,1,Drama,114,,,2
Saint Seiya Heaven Chapter: Overture,2004,"Animation, Fantasy",Shigeyasu Yamauchi,Japanese,,,78,Unknown,0,Animation,83,,,2
Network,1976,Drama,Sidney Lumet,English,3800000.0,23700000.0,78,Adult,1,Drama,122,19900000.0,523.6842105263158,1
Raya and the Last Dragon,2021,"Animation , Action , Adventure , Fantasy , Family",Carlos López Estrada,English,100000000.0,130423032.0,78,Family Friendly,0,Animation,107,30423032.0,30.423032,5
A Bag of Marbles,2017,"War, Drama",Christian Duguay,French,21400000.0,10898998.0,78,Family Friendly,0,War,113,-10501002.0,-49.070102803738315,2
Louis C.K.: Hilarious,2010,"Comedy, TV Movie",Louis C.K.,English,,,78,Unknown,0,Comedy,84,,,2
Presto,2008,"Animation , Family , Comedy",Doug Sweetland,English,,,78,Family Friendly,0,Animation,5,,,3
The Ten Commandments,1956,"Drama, History",Cecil B. DeMille,English,13000000.0,122700000.0,78,Family Friendly,0,Drama,220,109700000.0,843.8461538461538,2
Into the Wild,2007,"Adventure, Drama",Sean Penn,English,15000000.0,56255142.0,78,Adult,1,Adventure,148,41255142.0,275.03428,2
Fantozzi: White Collar Blues,1975,Comedy,Luciano Salce,Italian,,,78,Teen,0,Comedy,108,,,1
Porco Rosso,1992,"Animation , Adventure , Fantasy",Hayao Miyazaki,Japanese,9200000.0,44600000.0,78,Family Friendly,1,Animation,93,35400000.0,384.7826086956522,3
Scent of a Woman,1992,Drama,Dino Risi,English,31000000.0,134100000.0,78,Adult,0,Drama,156,103100000.0,332.5806451612903,1
Nostalgia,1983,"Drama, Romance",Andrei Tarkovsky,Russian,875000.0,311708.0,78,Family Friendly,0,Drama,124,-563292.0,-64.37622857142857,2
My Life as a Zucchini,2016,"Animation , Comedy , Drama",Claude Barras,French,8000000.0,5873256.0,78,Teen,0,Animation,66,-2126744.0,-26.5843,3
Ninja Scroll,1993,"Fantasy , Animation , Action , Horror , History",Yoshiaki Kawajiri,Japanese,,,78,Adult,0,Fantasy,94,,,5
Evil Dead Burn,2026,Horror,Sébastien Vaniček,English,20000000.0,71491178.0,78,Adult,0,Horror,110,51491178.0,257.45589,1
Mr. Nobody,2009,"Science Fiction , Drama , Romance",Jaco Van Dormael,English,47000000.0,2331721.0,78,Adult,0,Science Fiction,141,-44668279.0,-95.0388914893617,3
Tampopo,1985,Comedy,Jūzō Itami,Japanese,1500000.0,,78,Unknown,1,Comedy,115,,,1
The Wind Rises,2013,"Animation , Drama , History , Romance",Hayao Miyazaki,Japanese,30000000.0,117932401.0,78,Teen,1,Animation,126,87932401.0,293.10800333333333,4
Nine Queens,2000,"Crime , Thriller , Drama",Fabián Bielinsky,Spanish; Castilian,1300000.0,12413888.0,78,Adult,0,Crime,114,11113888.0,854.9144615384615,3
Pressure,2026,"Thriller , History , War",Anthony Maras,English,30000000.0,18338606.0,78,Teen,0,Thriller,101,-11661394.0,-38.87131333333333,3
Awakenings,1990,Drama,Penny Marshall,English,31000000.0,52096475.0,78,Teen,0,Drama,120,21096475.0,68.05314516129032,1
Back to the Future Part II,1989,"Adventure , Comedy , Science Fiction",Bob Gale,English,40000000.0,332000000.0,78,Family Friendly,0,Adventure,108,292000000.0,730.0,3
Dune,2021,"Science Fiction, Adventure",Denis Villeneuve,English,165000000.0,410668500.0,78,Teen,1,Science Fiction,155,245668500.0,148.89,2
The Twilight Samurai,2002,"Drama, Romance",Yoji Yamada,Japanese,5000000.0,7372769.0,78,Adult,1,Drama,129,2372769.0,47.45538,2
Le Samouraï,1967,"Crime , Thriller , Drama",Jean-Pierre Melville,French,,215245.0,78,Family Friendly,0,Crime,105,,,3
Brokeback Mountain,2005,"Drama, Romance",Ang Lee,English,14000000.0,178043761.0,78,Adult,1,Drama,134,164043761.0,1171.74115,2
Rififi,1955,"Crime , Thriller , Drama",Auguste Le Breton,French,200000.0,460000.0,78,Teen,0,Crime,118,260000.0,130.0,3
Io Capitano,2023,"Adventure, Drama",Matteo Garrone,Italian,13272819.0,,78,Teen,0,Adventure,121,,,2
Shelter,2026,"Action , Crime , Thriller",Ric Roman Waugh,English,50000000.0,53933639.0,78,Adult,0,Action,107,3933639.0,7.867278,3
A Moment to Remember,2004,"Drama, Romance",John H. Lee,Korean,4200000.0,,78,Family Friendly,0,Drama,117,,,2
Predator: Killer of Killers,2025,"Animation , Action , Science Fiction , Thriller",Dan Trachtenberg,English,,,78,Adult,0,Animation,85,,,4
The Chaser,2008,"Crime , Thriller , Action",Na Hong-jin,Korean,2600000.0,35800000.0,78,Unknown,0,Crime,125,33200000.0,1276.923076923077,3
Godzilla vs. Destoroyah,1995,"Action , Science Fiction , Horror",Takao Okawara,Japanese,10000000.0,18000000.0,78,Unknown,0,Action,103,8000000.0,80.0,3
Through a Glass Darkly,1961,Drama,Ingmar Bergman,Swedish,,8939.0,78,Teen,0,Drama,91,,,1
Letter from an Unknown Woman,1948,"Drama, Romance",Stefan Zweig,English,,,78,Unknown,0,Drama,87,,,2
Whiplash,2013,"Drama, Music",Damien Chazelle,English,,,78,Unknown,0,Drama,18,,,2
Day for Night,1973,"Comedy, Drama",François Truffaut,French,700000.0,850000.0,78,Family Friendly,0,Comedy,116,150000.0,21.428571428571427,2
Shrek,2001,"Animation , Comedy , Fantasy , Adventure , Family",Vicky Jenson,English,60000000.0,489676241.0,78,Family Friendly,1,Animation,90,429676241.0,716.1270683333333,5
One Life,2023,"History, Drama",James Hawes,English,,51437352.0,78,Family Friendly,1,History,109,,,2
The King of Comedy,1982,"Drama, Comedy",Martin Scorsese,English,19000000.0,2536000.0,78,Family Friendly,0,Drama,109,-16464000.0,-86.65263157894736,2
Luck,2022,"Animation , Adventure , Comedy , Fantasy , Family",Kiel Murray,English,,,78,Family Friendly,0,Animation,105,,,5
Luca,2021,"Animation , Family , Fantasy , Drama , Comedy",Enrico Casarosa,English,200000000.0,51074773.0,78,Family Friendly,0,Animation,95,-148925227.0,-74.4626135,5
Close,2022,Drama,Lukas Dhont,French,,3129968.0,78,Teen,1,Drama,104,,,1
One Hundred Steps,2000,"Drama, History",Marco Tullio Giordana,Italian,,3000000.0,78,Family Friendly,0,Drama,114,,,2
The Girl Who Leapt Through Time,2006,"Fantasy , Animation , Drama , Science Fiction",Mamoru Hosoda,Japanese,,3478290.0,78,Unknown,1,Fantasy,98,,,4
A Short Film About Love,1988,"Drama, Romance",Krzysztof Kieślowski,Polish,,,78,Family Friendly,0,Drama,87,,,2
Do the Right Thing,1989,Drama,Spike Lee,English,6500000.0,37300000.0,78,Adult,0,Drama,120,30800000.0,473.84615384615387,1
Straight Outta Compton,2015,"Drama , Music , History",Andrea Berloff,English,28000000.0,201634991.0,78,Adult,1,Drama,147,173634991.0,620.1249678571429,3
One Piece: Stampede,2019,"Animation , Action , Adventure , Fantasy",Takashi Otsuka,Japanese,,81562741.0,78,Teen,0,Animation,101,,,4
Pan's Labyrinth,2006,"Fantasy , Drama , War",Guillermo del Toro,Spanish; Castilian,19000000.0,83258226.0,78,Adult,1,Fantasy,118,64258226.0,338.2011894736842,3
Forbidden Games,1952,"Drama, War",François Boyer,French,,10188.0,78,Family Friendly,0,Drama,87,,,2
Freaks,1932,"Drama, Horror",Tod Browning,English,310607.0,,78,Unknown,0,Drama,64,,,2
The First Slam Dunk,2022,"Animation , Comedy , Drama",Takehiko Inoue,Japanese,,258000000.0,78,Teen,1,Animation,125,,,3
The Specials,2019,"Comedy, Drama",Éric Toledano,French,,,78,Family Friendly,0,Comedy,114,,,2
Zootopia,2016,"Animation , Adventure , Family , Comedy",Byron Howard,English,150000000.0,1025521689.0,78,Family Friendly,1,Animation,109,875521689.0,583.681126,4
A Woman Under the Influence,1974,"Drama, Romance",John Cassavetes,English,1000000.0,12200000.0,78,Adult,0,Drama,155,11200000.0,1120.0,2
Fanny and Alexander,1982,"Fantasy , Drama , Mystery",Ingmar Bergman,Swedish,6000000.0,6800000.0,78,Adult,0,Fantasy,188,800000.0,13.333333333333334,3
They Shall Not Grow Old,2018,"Documentary , History , War",Peter Jackson,English,,20904188.0,78,Adult,0,Documentary,99,,,3
Ip Man,2008,"Drama , Action , History",Wilson Yip,Cantonese,11700000.0,22100000.0,78,Adult,0,Drama,106,10400000.0,88.88888888888889,3
Batman: Under the Red Hood,2010,"Mystery , Crime , Animation",Judd Winick,English,,6629178.0,78,Teen,0,Mystery,75,,,3
Ponyo,2008,"Animation , Fantasy , Family",Hayao Miyazaki,Japanese,34000000.0,202404009.0,78,Family Friendly,1,Animation,100,168404009.0,495.3059088235294,3
Life of Brian,1979,Comedy,Terry Jones,English,4000000.0,20833252.0,78,Adult,0,Comedy,94,16833252.0,420.8313,1
The Dinner Game,1998,Comedy,Francis Veber,French,12500000.0,78599508.0,78,Unknown,0,Comedy,80,66099508.0,528.796064,1
Wings of Desire,1987,"Drama , Fantasy , Romance",Wim Wenders,German,2500000.0,3548590.0,78,Teen,1,Drama,128,1048590.0,41.9436,3
Solaris,1972,"Drama , Science Fiction , Mystery",Andrei Tarkovsky,Russian,,,78,Family Friendly,0,Drama,167,,,3
The Last Laugh,1924,Drama,F. W. Murnau,German,,,78,Family Friendly,0,Drama,90,,,1
In the Arms of an Assassin,2019,"Romance, Thriller",Matías Moltrasio,Spanish; Castilian,,425332.0,78,Adult,0,Romance,101,,,2
Invisible Life,2019,Drama,Karim Aïnouz,Portuguese,,,78,Adult,0,Drama,140,,,1
Donnie Darko,2001,"Fantasy , Drama , Mystery",Richard Kelly,English,4500000.0,7500000.0,78,Adult,0,Fantasy,114,3000000.0,66.66666666666667,3
The King and the Mockingbird,1980,"Animation , Family , Fantasy",Paul Grimault,French,,,78,Unknown,0,Animation,83,,,3
The Hateful Eight,2015,"Drama , Mystery , Western",Quentin Tarantino,English,44000000.0,155760117.0,78,Adult,1,Drama,188,111760117.0,254.0002659090909,3
Ernest & Celestine,2012,"Animation , Family , Crime , Drama , Comedy",Stéphane Aubier,French,12500000.0,8170333.0,78,Family Friendly,0,Animation,80,-4329667.0,-34.637336,5
Polisse,2011,"Drama, Crime",Maïwenn,French,,20374201.0,78,Unknown,0,Drama,123,,,2
All Quiet on the Western Front,1930,"Drama, War",Lewis Milestone,English,1448864.0,3270000.0,78,Unknown,0,Drama,133,1821136.0,125.69406100227489,2
Maudie,2016,"Drama , Romance , History",Aisling Walsh,English,,6170998.0,78,Teen,0,Drama,115,,,3
All My Life,2020,"Romance, Drama",Marc Meyers,English,25000000.0,2000000.0,78,Teen,0,Romance,93,-23000000.0,-92.0,2
Misery,1990,"Drama, Thriller",Rob Reiner,English,20000000.0,61300000.0,78,Adult,0,Drama,107,41300000.0,206.5,2
The Whale,2022,Drama,Darren Aronofsky,English,3000000.0,57615635.0,78,Adult,1,Drama,117,54615635.0,1820.5211666666667,1
Train to Busan,2016,"Action , Horror , Thriller",Yeon Sang-ho,Korean,8500000.0,87547518.0,78,Unknown,0,Action,118,79047518.0,929.9708,3
The Untouchables,1987,"Crime , History , Thriller",Brian De Palma,English,25000000.0,76270454.0,78,Adult,0,Crime,119,51270454.0,205.081816,3
How to Train Your Dragon: The Hidden World,2019,"Animation , Family , Adventure",Dean DeBlois,English,129000000.0,539987993.0,78,Family Friendly,0,Animation,104,410987993.0,318.5953434108527,3
Stand and Deliver,1988,Drama,Ramón Menéndez,English,1600000.0,13994920.0,78,Family Friendly,1,Drama,103,12394920.0,774.6825,1
Shelter,2007,"Drama, Romance",Jonah Markowitz,English,500000.0,142666.0,78,Adult,0,Drama,89,-357334.0,-71.4668,2
Words on Bathroom Walls,2020,"Drama, Romance",Thor Freudenthal,English,8000000.0,3151849.0,78,Teen,0,Drama,111,-4848151.0,-60.6018875,2
A Matter of Life and Death,1946,"Romance , Fantasy , Drama , Comedy",Emeric Pressburger,English,450000.0,1750000.0,78,Family Friendly,0,Romance,104,1300000.0,288.8888888888889,4
A Walk to Remember,2002,"Drama, Romance",Adam Shankman,English,11800000.0,47494916.0,78,Family Friendly,0,Drama,102,35694916.0,302.49928813559325,2
Rain Man,1988,Drama,Barry Morrow,English,25000000.0,354825435.0,78,Adult,1,Drama,134,329825435.0,1319.30174,1
Amour,2012,"Drama, Romance",Michael Haneke,French,8900000.0,29800000.0,78,Teen,1,Drama,127,20900000.0,234.8314606741573,2
Platoon,1986,"Drama , War , Action",Oliver Stone,English,6000000.0,138530565.0,78,Adult,1,Drama,120,132530565.0,2208.84275,3
The Phantom Carriage,1921,"Drama , Fantasy , Horror",Victor Sjöström,Swedish,,,77,Unknown,0,Drama,108,,,3
A Man Called Otto,2022,"Comedy, Drama",Marc Forster,English,50000000.0,113360085.0,77,Teen,0,Comedy,126,63360085.0,126.72017,2
Don't Be Bad,2015,"Crime, Drama",Claudio Caligari,Italian,,,77,Adult,0,Crime,102,,,2
Scooby-Doo! Camp Scare,2010,"Animation , Comedy , Family , Mystery",Ethan Spaulding,English,,,77,Family Friendly,0,Animation,72,,,4
Big Fish,2003,"Adventure , Fantasy , Drama",Tim Burton,English,70000000.0,123200000.0,77,Teen,0,Adventure,125,53200000.0,76.0,3
Tetris,2023,"Thriller , History , Drama",Jon S. Baird,English,,,77,Adult,0,Thriller,118,,,3
Don't Blame the Kid,2016,"Comedy, Romance",Gustavo Loza,Spanish; Castilian,,,77,Family Friendly,0,Comedy,113,,,2
Emancipation,2022,"Drama , War , History",Antoine Fuqua,English,,,77,Adult,0,Drama,132,,,3
The Chorus,2004,"Drama , Comedy , Music",Christophe Barratier,French,5300000.0,83600000.0,77,Teen,0,Drama,97,78300000.0,1477.3584905660377,3
Touch of Evil,1958,"Crime , Thriller , Drama",Orson Welles,English,829000.0,2247500.0,77,Teen,0,Crime,111,1418500.0,171.10977080820265,3
The Best Years of Our Lives,1946,"Drama , Romance , War",William Wyler,English,2100000.0,23650000.0,77,Unknown,1,Drama,171,21550000.0,1026.1904761904761,3
Rush,2013,"Drama, Action",Ron Howard,English,38000000.0,90200000.0,77,Adult,1,Drama,123,52200000.0,137.3684210526316,2
The Diamond Arm,1969,"Adventure , Comedy , Crime",Leonid Gaidai,Russian,,2258.0,77,Adult,0,Adventure,94,,,3
The Exorcist,1973,Horror,William Peter Blatty,English,11000000.0,430872776.0,77,Adult,0,Horror,122,419872776.0,3817.0252363636364,1
Ali: Fear Eats the Soul,1974,"Romance, Drama",Rainer Werner Fassbinder,German,130000.0,186757.0,77,Unknown,0,Romance,93,56757.0,43.65923076923077,2
Short Term 12,2013,Drama,Destin Daniel Cretton,English,1000000.0,1645164.0,77,Adult,1,Drama,96,645164.0,64.5164,1
All Quiet on the Western Front,2022,"War, Drama",Edward Berger,German,20000000.0,,77,Adult,1,War,147,,,2
Dogville,2003,"Crime , Drama , Thriller",Lars von Trier,English,10000000.0,16690617.0,77,Adult,0,Crime,178,6690617.0,66.90617,3
Mystic River,2003,"Thriller , Drama , Mystery , Crime",Clint Eastwood,English,25000000.0,156800000.0,77,Adult,1,Thriller,138,131800000.0,527.2,4
Dreams,1990,"Fantasy, Drama",Akira Kurosawa,Japanese,12000000.0,2970161.0,77,Family Friendly,1,Fantasy,119,-9029839.0,-75.24865833333334,2
I Am Not Your Negro,2017,Documentary,Raoul Peck,English,1000000.0,7123919.0,77,Adult,1,Documentary,93,6123919.0,612.3919,1
Never Look Away,2018,"Drama , Romance , History",Florian Henckel von Donnersmarck,German,18000000.0,4831836.0,77,Adult,0,Drama,188,-13168164.0,-73.15646666666666,3
"Batman: The Dark Knight Returns, Part 1",2012,"Science Fiction , Action , Animation , Mystery",Jay Oliva,English,3500000.0,,77,Teen,0,Science Fiction,76,,,4
Partly Cloudy,2009,"Animation , Family , Comedy , Fantasy",Peter Sohn,English,,,77,Family Friendly,0,Animation,6,,,4
The Straight Story,1999,"Drama, Adventure",David Lynch,English,10000000.0,6418028.0,77,Family Friendly,1,Drama,112,-3581972.0,-35.81972,2
My Mom Is a Character,2013,Comedy,André Pellenz,Portuguese,2000000.0,20552094.0,77,Family Friendly,0,Comedy,84,18552094.0,927.6047,1
Fiddler on the Roof,1971,"Drama, Romance",Norman Jewison,English,9000000.0,83304330.0,77,Family Friendly,0,Drama,181,74304330.0,825.6036666666666,2
The Normal Heart,2014,Drama,Ryan Murphy,English,,,77,Family Friendly,1,Drama,133,,,1
The Heist of the Century,2020,"Comedy , Thriller , Crime",Ariel Winograd,Spanish; Castilian,,7627100.0,77,Unknown,0,Comedy,114,,,3
Citizenfour,2014,Documentary,Laura Poitras,English,,3003169.0,77,Adult,1,Documentary,113,,,1
Harry Potter and the Deathly Hallows: Part 1,2010,"Adventure, Fantasy",David Yates,English,250000000.0,954305868.0,77,Teen,0,Adventure,146,704305868.0,281.7223472,2
Marriage Story,2019,Drama,Noah Baumbach,English,18000000.0,333686.0,77,Adult,1,Drama,137,-17666314.0,-98.14618888888889,1
Instructions Not Included,2013,"Comedy, Drama",Eugenio Derbez,Spanish; Castilian,5500000.0,99067206.0,77,Teen,0,Comedy,122,93567206.0,1701.2219272727273,2
The King's Speech,2010,"Drama, History",Tom Hooper,English,15000000.0,414211549.0,77,Adult,1,Drama,118,399211549.0,2661.4103266666666,2
Nothing Left to Do But Cry,1984,"Comedy, Fantasy",Roberto Benigni,Italian,,,77,Teen,0,Comedy,112,,,2
Cool Hand Luke,1967,"Drama, Crime",Donn Pearce,English,3200000.0,16217773.0,77,Family Friendly,0,Drama,127,13017773.0,406.80540625,2
Three Steps Above Heaven,2010,"Romance, Drama",Fernando González Molina,Spanish; Castilian,,,77,Teen,0,Romance,122,,,2
The Summit of the Gods,2021,"Animation , Adventure , Mystery",Patrick Imbert,French,9850000.0,1756552.0,77,Family Friendly,1,Animation,95,-8093448.0,-82.16698477157361,3
Batman Begins,2005,"Drama , Crime , Action",Christopher Nolan,English,150000000.0,374218673.0,77,Teen,0,Drama,140,224218673.0,149.47911533333334,3
My Fault,2023,"Drama , Romance , Thriller",Domingo González,Spanish; Castilian,,,77,Unknown,0,Drama,116,,,3
Safety Last!,1923,"Comedy , Romance , Thriller",Sam Taylor,English,121000.0,1500000.0,77,Unknown,0,Comedy,73,1379000.0,1139.6694214876034,3
The Sound of Music,1965,"Drama , Family , Music , Romance",Robert Wise,English,8200000.0,286214286.0,77,Family Friendly,1,Drama,174,278014286.0,3390.4181219512193,4
The King of Kong: A Fistful of Quarters,2007,Documentary,Seth Gordon,English,,790128.0,77,Teen,0,Documentary,83,,,1
Slumdog Millionaire,2008,"Drama, Romance",Danny Boyle,English,15000000.0,378400000.0,77,Adult,1,Drama,121,363400000.0,2422.6666666666665,2
The Incredibles,2004,"Action , Adventure , Animation , Family",Brad Bird,English,92000000.0,631442092.0,77,Family Friendly,1,Action,115,539442092.0,586.3501,4
God's Own Country,2017,"Romance, Drama",Francis Lee,English,,2559939.0,77,Adult,0,Romance,104,,,2
Jiro Dreams of Sushi,2011,Documentary,David Gelb,English,,2550508.0,77,Family Friendly,0,Documentary,82,,,1
"No manches, Frida",2016,Comedy,Nacho G. Velilla,Spanish; Castilian,5000000.0,23500000.0,77,Teen,0,Comedy,100,18500000.0,370.0,1
For Love and Gold,1966,"Comedy, Adventure",Mario Monicelli,Italian,,1314230.0,77,Adult,0,Comedy,120,,,2
Big Hero 6,2014,"Adventure , Family , Animation , Action , Comedy",Robert L. Baird,English,165000000.0,657870525.0,77,Family Friendly,1,Adventure,102,492870525.0,298.7094090909091,5
Beauty and the Beast,1991,"Romance , Family , Animation , Fantasy",Kirk Wise,English,25000000.0,424967620.0,77,Family Friendly,1,Romance,84,399967620.0,1599.87048,4
Magnolia,1999,Drama,Paul Thomas Anderson,English,37000000.0,48451803.0,77,Adult,0,Drama,189,11451803.0,30.95081891891892,1
Tune in for Love,2019,"Romance, Drama",Jung Ji-woo,Korean,,8631781.0,77,Family Friendly,0,Romance,122,,,2
Kwaidan,1965,"Horror , Fantasy , Drama",Masaki Kobayashi,Japanese,,,77,Teen,1,Horror,183,,,3
Two Is a Family,2016,"Drama, Comedy",Hugo Gélin,French,,1447740.0,77,Family Friendly,0,Drama,118,,,2
The Color Purple,1985,"Drama, History",Steven Spielberg,English,15000000.0,146300000.0,77,Teen,0,Drama,154,131300000.0,875.3333333333334,2
Selena,1997,"Drama , Music , History",Gregory Nava,English,20000000.0,60000000.0,77,Family Friendly,0,Drama,127,40000000.0,200.0,3
Edward Scissorhands,1990,"Fantasy , Drama , Romance",Tim Burton,English,20000000.0,86024005.0,77,Teen,0,Fantasy,105,66024005.0,330.120025,3
Crooks in Clover,1963,"Comedy, Crime",Georges Lautner,French,,,77,Unknown,0,Comedy,111,,,2
Deep Red,1975,"Horror , Mystery , Thriller",Dario Argento,Italian,,2900000.0,77,Adult,0,Horror,127,,,3
The Big Bad Fox and Other Tales,2017,"Family , Animation , Comedy",Benjamin Renner,French,3000000.0,19030780.0,77,Family Friendly,0,Family,83,16030780.0,534.3593333333333,3
The Fog of War,2003,"Documentary, TV Movie",Errol Morris,English,,,77,Teen,1,Documentary,107,,,2
Cowboy Bebop: The Movie,2001,"Action , Animation , Science Fiction",Shinichiro Watanabe,Japanese,,,77,Adult,0,Action,115,,,3
The Breakfast Club,1985,"Comedy, Drama",John Hughes,English,1000000.0,51530442.0,77,Adult,0,Comedy,98,50530442.0,5053.0442,2
Annie Hall,1977,"Comedy , Drama , Romance",Woody Allen,English,4000000.0,43989445.0,77,Family Friendly,1,Comedy,93,39989445.0,999.736125,3
Hotel Rwanda,2004,"Drama , History , War",Terry George,English,17500000.0,38000000.0,77,Teen,0,Drama,122,20500000.0,117.14285714285714,3
Guy Ritchie's The Covenant,2023,"War , Action , Thriller",Guy Ritchie,English,55000000.0,21948551.0,77,Adult,0,War,123,-33051449.0,-60.093543636363634,3
Hamnet,2025,"Drama, Romance",Chloé Zhao,English,30000000.0,107756183.0,77,Teen,1,Drama,125,77756183.0,259.18727666666666,2
Vampire Hunter D: Bloodlust,2001,"Animation , Fantasy , Horror",Yoshiaki Kawajiri,Japanese,,151086.0,77,Adult,0,Animation,103,,,3
Good Morning,1959,"Comedy , Family , Drama",Yasujirō Ozu,Japanese,,,77,Unknown,0,Comedy,94,,,3
Mysterious Skin,2005,Drama,Gregg Araki,English,3000000.0,2148548.0,77,Unknown,0,Drama,105,-851452.0,-28.381733333333333,1
The Blues Brothers,1980,"Music , Comedy , Crime",John Landis,English,27000000.0,115229890.0,77,Adult,0,Music,133,88229890.0,326.77737037037036,3
Sniper: The White Raven,2022,"War , Action , Drama",Marian Bushan,Ukrainian,1000000.0,881.0,77,Adult,0,War,120,-999119.0,-99.9119,3
Accattone,1961,Drama,Pier Paolo Pasolini,Italian,,,77,Unknown,0,Drama,117,,,1
The Bridges of Madison County,1995,"Drama, Romance",Clint Eastwood,English,24000000.0,182000000.0,77,Teen,1,Drama,135,158000000.0,658.3333333333334,2
Cousins,2019,"Comedy , Romance , Drama",Thiago Cazado,Portuguese,,,77,Adult,0,Comedy,83,,,3
John Wick: Chapter 4,2023,"Action , Thriller , Crime",Derek Kolstad,English,100000000.0,447316405.0,77,Adult,1,Action,170,347316405.0,347.316405,3
"I, Daniel Blake",2016,Drama,Ken Loach,English,,15697699.0,77,Adult,1,Drama,100,,,1
The Leopard,1963,Drama,Luchino Visconti,Italian,,,77,Unknown,0,Drama,186,,,1
RRR,2022,"Action , History , Drama",S. S. Rajamouli,Telugu,69000000.0,160000000.0,77,Adult,1,Action,187,91000000.0,131.8840579710145,3
Inside Job,2010,"Documentary, Crime",Charles Ferguson,English,2000000.0,7871522.0,77,Teen,1,Documentary,109,5871522.0,293.5761,2
Notorious,1946,"Romance , Mystery , Thriller",Alfred Hitchcock,English,2000000.0,24500000.0,77,Family Friendly,0,Romance,103,22500000.0,1125.0,3
The Sacrifice,1986,Drama,Andrei Tarkovsky,Swedish,,1095380.0,77,Family Friendly,0,Drama,149,,,1
Alice in the Cities,1974,Drama,Wim Wenders,German,,,77,Family Friendly,0,Drama,110,,,1
The Red Balloon,1956,"Comedy , Drama , Family , Fantasy",Albert Lamorisse,French,,48980.0,77,Unknown,0,Comedy,34,,,4
Everything Everywhere All at Once,2022,"Action , Adventure , Science Fiction",Daniel Scheinert,English,25000000.0,139200000.0,77,Adult,1,Action,140,114200000.0,456.8,3
Nightcrawler,2014,"Crime , Drama , Thriller",Dan Gilroy,English,8500000.0,47425835.0,77,Adult,1,Crime,118,38925835.0,457.951,3
The Ultimate Gift,2007,"Romance , Drama , Family",Michael O. Sajbel,English,9000000.0,3438735.0,77,Family Friendly,0,Romance,114,-5561265.0,-61.79183333333334,3
Rental Family,2025,"Comedy, Drama",Hikari,English,,26585129.0,77,Teen,1,Comedy,110,,,2
Kizumonogatari Part 1: Tekketsu,2016,"Animation , Fantasy , Drama , Mystery , Action",Tatsuya Oishi,Japanese,,6319100.0,77,Adult,0,Animation,63,,,5
Harry Potter and the Chamber of Secrets,2002,"Adventure, Fantasy",Chris Columbus,English,100000000.0,876688482.0,77,Family Friendly,1,Adventure,161,776688482.0,776.688482,2
The Martian,2015,"Science Fiction , Drama , Adventure",Ridley Scott,English,108000000.0,631058917.0,77,Teen,1,Science Fiction,141,523058917.0,484.31381203703705,3
Mother,2009,"Crime , Drama , Mystery",Bong Joon Ho,Korean,5000000.0,17112713.0,77,Adult,0,Crime,129,12112713.0,242.25426,3
Underground,1995,"Comedy , Drama , War",Emir Kusturica,Serbian,14000000.0,182134.0,77,Adult,0,Comedy,170,-13817866.0,-98.69904285714286,3
Spirit: Stallion of the Cimarron,2002,"Animation , Adventure , Family , Drama , Western",Kelly Asbury,English,80000000.0,122563539.0,77,Family Friendly,1,Animation,83,42563539.0,53.20442375,5
Flee,2021,"Documentary, Animation",Jonas Poher Rasmussen,Danish,3400000.0,712229.0,77,Teen,1,Documentary,89,-2687771.0,-79.05208823529412,2
Sword Art Online the Movie: Ordinal Scale,2017,"Animation , Action , Adventure , Fantasy , Science Fiction",Tomohiko Ito,Japanese,,29322339.0,77,Teen,0,Animation,119,,,5
The Princess Bride,1987,"Adventure , Fantasy , Romance , Family",William Goldman,English,16000000.0,30900000.0,77,Family Friendly,0,Adventure,99,14900000.0,93.125,4
The Ox-Bow Incident,1943,Western,William A. Wellman,English,565000.0,,77,Unknown,0,Western,76,,,1
Sound of Metal,2020,"Drama, Music",Darius Marder,English,,516520.0,77,Adult,1,Drama,121,,,2
PK,2014,"Comedy , Drama , Science Fiction",Rajkumar Hirani,Hindi,13000000.0,118920000.0,77,Teen,0,Comedy,153,105920000.0,814.7692307692307,3
Philadelphia,1993,Drama,Jonathan Demme,English,26000000.0,206678440.0,77,Teen,0,Drama,126,180678440.0,694.9170769230769,1
The Maltese Falcon,1941,"Mystery , Crime , Thriller",John Huston,English,375000.0,1772000.0,77,Family Friendly,0,Mystery,100,1397000.0,372.53333333333336,3
Manhattan,1979,"Comedy , Drama , Romance",Woody Allen,English,9000000.0,40194067.0,77,Adult,0,Comedy,96,31194067.0,346.60074444444444,3
Entergalactic,2022,"Animation , Romance , Music , Comedy",Fletcher Moules,English,,,77,Adult,0,Animation,93,,,4
"Like Father, Like Son",2013,Drama,Hirokazu Kore-eda,Japanese,,19978961.0,77,Family Friendly,1,Drama,120,,,1
Taste of Cherry,1997,Drama,Abbas Kiarostami,Persian,120000.0,10923.0,77,Family Friendly,0,Drama,99,-109077.0,-90.8975,1
Sleuth,1972,"Thriller , Mystery , Crime",Joseph L. Mankiewicz,English,3500000.0,5750000.0,77,Family Friendly,0,Thriller,138,2250000.0,64.28571428571429,3
Past Lives,2023,"Drama, Romance",Celine Song,English,12000000.0,28126646.0,77,Teen,1,Drama,106,16126646.0,134.38871666666665,2
The Man from Nowhere,2010,"Action , Thriller , Crime",Lee Jeong-beom,Korean,1255000.0,43059790.0,77,Adult,0,Action,119,41804790.0,3331.0589641434262,3
If Anything Happens I Love You,2020,"Drama, Animation",Michael Govier,English,,,77,Family Friendly,1,Drama,12,,,2
Kin-dza-dza!,1986,"Comedy , Science Fiction , Adventure",Georgiy Daneliya,Russian,,,77,Family Friendly,0,Comedy,135,,,3
Azur & Asmar: The Princes' Quest,2006,"Animation, Family",Michel Ocelot,French,,,77,Family Friendly,0,Animation,99,,,2
Fireproof,2008,"Drama, Romance",Alex Kendrick,English,500000.0,33473297.0,77,Family Friendly,0,Drama,118,32973297.0,6594.6594,2
Vivre Sa Vie,1962,Drama,Jean-Luc Godard,French,64000.0,24517.0,77,Unknown,0,Drama,84,-39483.0,-61.6921875,1
Hustle,2022,"Drama, Comedy",Jeremiah Zagar,English,21000000.0,,77,Adult,0,Drama,117,,,2
Day & Night,2010,"Animation , Family , Comedy , Fantasy",Teddy Newton,English,,,77,Family Friendly,0,Animation,6,,,4
Angel's Egg,1985,"Animation , Fantasy , Mystery , Science Fiction",Mamoru Oshii,Japanese,,,77,Unknown,0,Animation,71,,,4
Brief Encounter,1945,"Drama, Romance",David Lean,English,1200000.0,,77,Unknown,0,Drama,86,,,2
Gran Turismo,2023,"Adventure , Drama , Action",Neill Blomkamp,English,60000000.0,121700000.0,77,Teen,0,Adventure,135,61700000.0,102.83333333333333,3
12 Angry Men,1997,"Drama, TV Movie",William Friedkin,English,1750000.0,2000000.0,77,Teen,0,Drama,117,250000.0,14.285714285714286,2
The Gorge,2025,"Romance , Science Fiction , Thriller",Scott Derrickson,English,70000000.0,,77,Teen,0,Romance,128,,,3
BPM (Beats per Minute),2017,Drama,Robin Campillo,French,6600000.0,7632420.0,77,Unknown,0,Drama,143,1032420.0,15.642727272727273,1
Mustang,2015,Drama,Deniz Gamze Ergüven,French,1300000.0,5300000.0,77,Teen,0,Drama,97,4000000.0,307.6923076923077,1
Little Miss Sunshine,2006,"Comedy, Drama",Valerie Faris,English,8000000.0,100523351.0,77,Adult,1,Comedy,102,92523351.0,1156.5418875,2
White Snake,2019,"Romance , Animation , Fantasy",Amp Wong,Chinese,11936735.0,62098770.0,77,Family Friendly,0,Romance,99,50162035.0,420.23245887589866,3
Pride,2014,"Drama, Comedy",Matthew Warchus,English,,16700000.0,77,Adult,1,Drama,120,,,2
Monsieur Verdoux,1947,"Comedy , Crime , Drama",Charlie Chaplin,English,2000000.0,,77,Unknown,0,Comedy,124,,,3
Fallen Angels,1995,"Action , Romance , Crime",Wong Kar-Wai,Cantonese,,,77,Unknown,0,Action,98,,,3
Rurouni Kenshin Part III: The Legend Ends,2014,"Action , Adventure , Fantasy",Keishi Otomo,Japanese,,,77,Adult,1,Action,135,,,3
Love Don't Co$t a Thing,2003,"Comedy , Drama , Family , Romance",Troy Byer,English,,21964072.0,77,Teen,0,Comedy,100,,,4
A Charlie Brown Christmas,1965,"Animation , Family , Comedy , TV Movie",Bill Melendez,English,96000.0,,77,Family Friendly,0,Animation,25,,,4
Who's Afraid of Virginia Woolf?,1966,Drama,Mike Nichols,English,7500000.0,33736689.0,77,Unknown,1,Drama,131,26236689.0,349.82252,1
STRAW,2025,"Thriller , Drama , Crime",Tyler Perry,English,,,77,Adult,1,Thriller,105,,,3
The Terminator,1984,"Action , Thriller , Science Fiction",James Cameron,English,6400000.0,78371200.0,77,Adult,0,Action,108,71971200.0,1124.55,3
Overcomer,2019,Drama,Alex Kendrick,English,5000000.0,38026103.0,77,Family Friendly,0,Drama,119,33026103.0,660.52206,1
The Seven Deadly Sins: Cursed by Light,2021,"Animation, Fantasy",Takayuki Hamana,Japanese,,1094673.0,77,Teen,0,Animation,79,,,2
The Count of Monte Cristo,2002,"Adventure , Drama , History , Action",Kevin Reynolds,English,35000000.0,75395048.0,77,Teen,0,Adventure,131,40395048.0,115.41442285714285,4
The Celebration,1998,Drama,Thomas Vinterberg,Danish,1300000.0,,77,Adult,1,Drama,101,,,1
Ordinary Angels,2024,Drama,Jon Gunn,English,13000000.0,20571534.0,77,Family Friendly,0,Drama,118,7571534.0,58.24256923076923,1
How to Train Your Dragon 2,2014,"Fantasy , Action , Adventure , Animation , Family",Dean DeBlois,English,145000000.0,621537519.0,77,Family Friendly,1,Fantasy,102,476537519.0,328.6465648275862,5
Black Swan,2010,"Drama , Thriller , Horror",Andres Heinz,English,13000000.0,329398046.0,77,Adult,1,Drama,108,316398046.0,2433.831123076923,3
Jaws,1975,"Horror , Thriller , Adventure",Peter Benchley,English,7000000.0,470653000.0,77,Family Friendly,0,Horror,124,463653000.0,6623.614285714286,3
The World's Fastest Indian,2005,"Drama , Adventure , History",Roger Donaldson,English,25000000.0,18300000.0,77,Teen,0,Drama,127,-6700000.0,-26.8,3
Tangerines,2013,"Drama, War",Zaza Urushadze,Estonian,,,77,Teen,0,Drama,87,,,2
Jean de Florette,1986,Drama,Claude Berri,French,4940939.0,,77,Family Friendly,0,Drama,122,,,1
Harry Potter and the Half-Blood Prince,2009,"Adventure, Fantasy",David Yates,English,250000000.0,933959197.0,77,Family Friendly,0,Adventure,153,683959197.0,273.5836788,2
Rurouni Kenshin: The Final,2021,"Action , Adventure , History , Drama",Keishi Otomo,Japanese,,33457923.0,77,Teen,1,Action,138,,,4
The Warriors,1979,"Action, Thriller",Walter Hill,English,4000000.0,22490039.0,77,Adult,0,Action,94,18490039.0,462.250975,2
Onibaba,1964,Horror,Kaneto Shindō,Japanese,,,77,Teen,0,Horror,105,,,1
Knockin' on Heaven's Door,1997,"Comedy , Crime , Action , Drama",Thomas Jahn,German,3500000.0,,77,Family Friendly,0,Comedy,89,,,4
Before the Flood,2016,Documentary,Fisher Stevens,English,,,77,Family Friendly,0,Documentary,93,,,1
Marriage Italian Style,1964,"Drama , Romance , Comedy",Vittorio De Sica,Italian,,12800000.0,77,Unknown,0,Drama,102,,,3
In the Heat of the Night,1967,"Crime , Drama , Mystery , Thriller",Norman Jewison,English,2000000.0,27379978.0,77,Teen,0,Crime,109,25379978.0,1268.9989,4
The Searchers,1956,Western,John Ford,English,3750000.0,,77,Unknown,0,Western,119,,,1
Stalag 17,1953,"Comedy , Drama , War",Billy Wilder,English,1661530.0,10000000.0,77,Unknown,0,Comedy,120,8338470.0,501.85491685374325,3
Descendants 3,2019,"Family , TV Movie , Adventure , Fantasy",Kenny Ortega,English,15000000.0,,77,Family Friendly,0,Family,106,,,4
Moonrise Kingdom,2012,"Comedy , Drama , Romance",Wes Anderson,English,16000000.0,68263166.0,77,Teen,1,Comedy,94,52263166.0,326.6447875,3
Red Shoes and the Seven Dwarfs,2019,"Animation , Fantasy , Family , Comedy , Romance , Adventure",Hong Sung-ho,Korean,20000000.0,10054356.0,77,Family Friendly,0,Animation,92,-9945644.0,-49.72822,6
The Broken Circle Breakdown,2012,Drama,Felix van Groeningen,Dutch; Flemish,,5500000.0,77,Family Friendly,0,Drama,112,,,1
The Secret World of Arrietty,2010,"Fantasy , Animation , Family",Hiromasa Yonebayashi,Japanese,23000000.0,149660003.0,77,Family Friendly,1,Fantasy,94,126660003.0,550.6956652173913,3
Kabhi Khushi Kabhie Gham,2001,"Comedy, Drama",Karan Johar,Hindi,7500000.0,11336308.0,77,Family Friendly,0,Comedy,209,3836308.0,51.15077333333333,2
Shottas,2002,"Action , Adventure , Crime , Drama",Cess Silvera,English,200000.0,,77,Adult,0,Action,95,,,4
Scooby-Doo on Zombie Island,1998,"Animation , Mystery , Family , Horror",Glenn Leopold,English,,,77,Family Friendly,0,Animation,77,,,4
Officer Black Belt,2024,"Action , Comedy , Crime , Drama",Jason Kim,Korean,,,77,Adult,0,Action,108,,,4
Zootopia 2,2025,"Animation , Adventure , Comedy , Mystery , Family",Jared Bush,English,150000000.0,1868208796.0,77,Family Friendly,1,Animation,108,1718208796.0,1145.4725306666667,5
Embrace of the Serpent,2015,"Drama, Adventure",Ciro Guerra,Spanish; Castilian,1400000.0,1320005.0,77,Family Friendly,0,Drama,125,-79995.0,-5.713928571428571,2
October Sky,1999,"Drama , History , Family",Joe Johnston,English,25000000.0,34698685.0,77,Family Friendly,0,Drama,107,9698685.0,38.79474,3
Harvey,1950,"Comedy, Fantasy",Henry Koster,English,,,77,Unknown,1,Comedy,104,,,2
Mississippi Burning,1988,"Drama , Crime , Mystery , Thriller",Alan Parker,English,15000000.0,34604000.0,77,Adult,0,Drama,128,19604000.0,130.69333333333333,4
Waltz with Bashir,2008,"Animation , Documentary , Drama , War",Ari Folman,Hebrew,1500000.0,11179372.0,77,Adult,1,Animation,90,9679372.0,645.2914666666667,4
Fireworks,1997,"Crime, Drama",Takeshi Kitano,Japanese,,,77,Adult,1,Crime,103,,,2
Harry Potter and the Order of the Phoenix,2007,"Adventure, Fantasy",David Yates,English,150000000.0,938212738.0,77,Teen,0,Adventure,138,788212738.0,525.4751586666666,2
Constantine: City of Demons - The Movie,2018,"Fantasy , Animation , Horror , Action",J. M. DeMatteis,English,,,77,Adult,0,Fantasy,90,,,4
Holding the Man,2015,Drama,Timothy Conigrave,English,,,77,Unknown,0,Drama,128,,,1
Mickey's Christmas Carol,1983,"Family, Animation",Burny Mattinson,English,3000000.0,21000000.0,77,Family Friendly,0,Family,25,18000000.0,600.0,2
The Young Girls of Rochefort,1967,"Romance , Comedy , Drama",Jacques Demy,French,,,77,Family Friendly,0,Romance,126,,,3
Rich in Love,2020,"Romance, Comedy",Bruno Garotti,Portuguese,,,77,Family Friendly,0,Romance,104,,,2
Father There Is Only One,2019,"Comedy, Family",Santiago Segura,Spanish; Castilian,3400000.0,15894372.0,77,Family Friendly,0,Comedy,96,12494372.0,367.4815294117647,2
Boys,2014,"Drama , Romance , TV Movie",Mischa Kamp,Dutch; Flemish,,,77,Family Friendly,0,Drama,77,,,3
Hiroshima Mon Amour,1959,"Drama , History , Romance",Alain Resnais,French,,3193.0,77,Unknown,0,Drama,92,,,3
The Batman,2022,"Crime , Mystery , Thriller",Matt Reeves,English,185000000.0,772775278.0,77,Teen,1,Crime,177,587775278.0,317.7163664864865,3
The Promised Land,2023,"Action , Drama , History",Nikolaj Arcel,Danish,8500000.0,2246680.0,77,Unknown,1,Action,127,-6253320.0,-73.5684705882353,3
Rurouni Kenshin: The Beginning,2021,"Action , Adventure , Drama , Romance",Keishi Otomo,Japanese,,,77,Adult,0,Action,138,,,4
Cast Away,2000,"Adventure, Drama",Robert Zemeckis,English,90000000.0,429632142.0,77,Teen,0,Adventure,143,339632142.0,377.3690466666667,2
PlayTime,1967,Comedy,Jacques Tati,French,,,77,Unknown,0,Comedy,115,,,1
The Hustler,1961,"Drama, Romance",Robert Rossen,English,2000000.0,7600000.0,77,Unknown,0,Drama,134,5600000.0,280.0,2
"Duck, You Sucker",1971,Western,Sergio Leone,Italian,,,77,Family Friendly,0,Western,157,,,1
The Act of Killing,2012,"Documentary, History",Joshua Oppenheimer,Danish,1000000.0,722714.0,77,Unknown,1,Documentary,159,-277286.0,-27.7286,2
The Blind Side,2009,Drama,John Lee Hancock,English,29000000.0,309231694.0,77,Teen,1,Drama,129,280231694.0,966.3161862068965,1
Iron Man,2008,"Action , Science Fiction , Adventure",Jon Favreau,English,140000000.0,585174222.0,77,Teen,1,Action,126,445174222.0,317.98158714285717,3
Viridiana,1962,Drama,Luis Buñuel,Spanish; Castilian,,679244.0,77,Teen,0,Drama,90,,,1
The Big Heat,1953,"Crime, Thriller",Fritz Lang,English,,,77,Teen,0,Crime,89,,,2
Cléo from 5 to 7,1962,Drama,Agnès Varda,French,,,77,Unknown,0,Drama,90,,,1
Strangers on a Train,1951,"Crime , Thriller , Drama",Alfred Hitchcock,English,1200000.0,7000000.0,77,Family Friendly,0,Crime,101,5800000.0,483.3333333333333,3
The Children's Hour,1961,Drama,William Wyler,English,3600000.0,3000000.0,77,Unknown,0,Drama,108,-600000.0,-16.666666666666668,1
Primal Fear,1996,"Crime , Drama , Thriller",Gregory Hoblit,English,30000000.0,102616183.0,77,Adult,0,Crime,130,72616183.0,242.05394333333334,3
Apocalypto,2006,"Action , Drama , History",Mel Gibson,English,40000000.0,120654337.0,77,Adult,0,Action,138,80654337.0,201.6358425,3
Remember the Titans,2000,Drama,Boaz Yakin,English,30000000.0,136700000.0,77,Family Friendly,0,Drama,113,106700000.0,355.6666666666667,1
Fried Green Tomatoes,1991,"Drama, Comedy",Fannie Flagg,English,11000000.0,119418501.0,77,Teen,0,Drama,130,108418501.0,985.6227363636364,2
Out of the Past,1947,"Crime, Thriller",Daniel Mainwaring,English,,,77,Teen,0,Crime,97,,,2
Straight Outta Nowhere: Scooby-Doo! Meets Courage the Cowardly Dog,2021,"Animation, Mystery",John R. Dilworth,English,,,77,Family Friendly,0,Animation,72,,,2
The Edge of Democracy,2019,Documentary,Petra Costa,Portuguese,,,77,Teen,0,Documentary,121,,,1
The Gentlemen,2020,"Action , Comedy , Crime",Guy Ritchie,English,22000000.0,115171795.0,77,Adult,0,Action,113,93171795.0,423.5081590909091,3
The Outlaws,2017,"Action , Crime , Thriller",Kang Yun-sung,Korean,5900000.0,52946454.0,77,Adult,0,Action,121,47046454.0,797.3975254237288,3
Free Fall,2013,"Drama, Romance",Stephan Lacant,German,,599721.0,77,Unknown,0,Drama,97,,,2
The Spirit of the Beehive,1973,"Drama, Fantasy",Víctor Erice,Spanish; Castilian,,,77,Adult,0,Drama,98,,,2
Divines,2016,Drama,Houda Benyamina,French,2791874.0,,77,Family Friendly,0,Drama,105,,,1
What's Eating Gilbert Grape,1993,"Romance, Drama",Peter Hedges,English,11000000.0,10000000.0,77,Teen,0,Romance,118,-1000000.0,-9.090909090909092,2
Planet of the Apes,1968,"Science Fiction , Adventure , Drama , Action",Franklin J. Schaffner,English,5800000.0,32589624.0,77,Family Friendly,0,Science Fiction,112,26789624.0,461.89006896551723,4
Brazil,1985,"Comedy, Science Fiction",Terry Gilliam,English,15000000.0,9953708.0,77,Adult,0,Comedy,143,-5046292.0,-33.64194666666667,2
My Mom Is a Character 2,2016,Comedy,César Rodrigues,Portuguese,2000000.0,39195565.0,77,Family Friendly,0,Comedy,88,37195565.0,1859.77825,1
Berserk: The Golden Age Arc III - The Advent,2013,"Animation , Action , Adventure , Drama , Fantasy",Toshiyuki Kubooka,Japanese,,399445.0,77,Adult,0,Animation,110,,,5
The Last Waltz,1978,"Documentary, Music",Martin Scorsese,English,,321952.0,77,Family Friendly,0,Documentary,117,,,2
All the President's Men,1976,"Drama , Mystery , Thriller",Alan J. Pakula,English,8500000.0,70600000.0,77,Family Friendly,1,Drama,138,62100000.0,730.5882352941177,3
Aladdin,1992,"Animation , Family , Adventure , Fantasy , Romance",Ron Clements,English,28000000.0,504050219.0,77,Family Friendly,1,Animation,91,476050219.0,1700.1793535714285,5
Ricky Gervais: Humanity,2018,Comedy,John L. Spencer,English,,,77,Adult,0,Comedy,79,,,1
The Thin Blue Line,1988,"Crime, Documentary",Errol Morris,English,,1209846.0,77,Teen,0,Crime,103,,,2
Charade,1963,"Comedy , Mystery , Romance",Peter Stone,English,4000000.0,13475000.0,77,Unknown,0,Comedy,113,9475000.0,236.875,3
High Noon,1952,Western,Fred Zinnemann,English,730000.0,8000000.0,77,Unknown,1,Western,85,7270000.0,995.8904109589041,1
The Trial of the Chicago 7,2020,"Drama, History",Aaron Sorkin,English,35000000.0,107423.0,77,Adult,1,Drama,130,-34892577.0,-99.69307714285715,2
Captain America: The Winter Soldier,2014,"Action , Adventure , Science Fiction",Joe Russo,English,170000000.0,714766572.0,77,Teen,0,Action,136,544766572.0,320.45092470588236,3
L'Eclisse,1962,"Drama, Romance",Michelangelo Antonioni,Italian,,,77,Unknown,0,Drama,126,,,2
Baki Hanma VS Kengan Ashura,2024,"Animation , Action , Fantasy",Toshiki Hirano,Japanese,,,77,Adult,0,Animation,60,,,3
Exhuma,2024,"Mystery , Horror , Thriller",Jang Jae-hyun,Korean,,97974828.0,77,Unknown,0,Mystery,134,,,3
"Quo Vadis, Aida?",2021,"War , Drama , History",Jasmila Žbanić,Serbian,4750000.0,813253.0,77,Adult,1,War,104,-3936747.0,-82.87888421052632,3
Nosferatu,1922,"Horror, Fantasy",F. W. Murnau,German,,27964.0,77,Unknown,0,Horror,94,,,2
Monica and Friends: Bonds,2019,"Family , Adventure , Comedy",Mauricio de Sousa,Portuguese,1803570.0,1357142.0,77,Family Friendly,0,Family,97,-446428.0,-24.75246317026786,3
Inherit the Wind,1960,Drama,Stanley Kramer,English,2000000.0,2000000.0,77,Unknown,0,Drama,128,0.0,0.0,1
Avatar: Fire and Ash,2025,"Science Fiction , Adventure , Fantasy",James Cameron,English,350000000.0,1485999890.0,77,Teen,1,Science Fiction,198,1135999890.0,324.57139714285717,3
Ask Me If I'm Happy,2000,Comedy,Giovanni Storti,Italian,,,77,Teen,0,Comedy,100,,,1
Prey,2022,"Thriller , Action , Science Fiction",Dan Trachtenberg,English,65000000.0,,77,Adult,0,Thriller,100,,,3
Little Eggs: A Frozen Rescue,2022,"Animation , Adventure , Comedy , Family",Rodolfo Riva Palacio Alatriste,Spanish; Castilian,,,77,Unknown,0,Animation,91,,,4
I Vitelloni,1953,"Comedy, Drama",Federico Fellini,Italian,,,76,Unknown,0,Comedy,103,,,2
Fabricated City,2017,"Action , Thriller , Crime",Bae Jong,Korean,,,76,Teen,0,Action,126,,,3
Breakthrough,2019,Drama,Roxann Dawson,English,14000000.0,49200000.0,76,Family Friendly,0,Drama,116,35200000.0,251.42857142857142,1
White Heat,1949,"Crime , Drama , Thriller",Raoul Walsh,English,1300000.0,3483000.0,76,Unknown,0,Crime,114,2183000.0,167.92307692307693,3
A Night to Remember,1958,"Drama , Action , History",Roy Ward Baker,English,1680000.0,,76,Unknown,0,Drama,123,,,3
Orpheus,1950,"Romance , Fantasy , Drama",Jean Cocteau,French,,,76,Unknown,0,Romance,95,,,3
The Killing,1956,"Crime , Thriller , Drama",Stanley Kubrick,English,320000.0,,76,Unknown,0,Crime,85,,,3
Amores Perros,2000,"Drama, Thriller",Alejandro G. Iñárritu,Spanish; Castilian,2000000.0,20908467.0,76,Adult,0,Drama,154,18908467.0,945.42335,2
"Black Cat, White Cat",1998,"Comedy , Romance , Crime",Emir Kusturica,Serbian,,353734.0,76,Adult,0,Comedy,127,,,3
Aftersun,2022,Drama,Charlotte Wells,English,,7834405.0,76,Adult,1,Drama,101,,,1
The Holdovers,2023,"Drama, Comedy",Alexander Payne,English,13000000.0,42513270.0,76,Adult,1,Drama,133,29513270.0,227.02515384615384,2
Earth,2007,Documentary,Alastair Fothergill,English,15000000.0,109000000.0,76,Family Friendly,0,Documentary,90,94000000.0,626.6666666666666,1
The Conformist,1971,Drama,Bernardo Bertolucci,Italian,750000.0,233493.0,76,Adult,0,Drama,108,-516507.0,-68.8676,1
Hunt for the Wilderpeople,2016,"Adventure , Comedy , Drama",Taika Waititi,English,2500000.0,23900000.0,76,Teen,0,Adventure,101,21400000.0,856.0,3
Threads,1984,"War , Drama , Science Fiction",Mick Jackson,English,420000.0,,76,Adult,0,War,117,,,3
Lucky and Zorba,1998,"Family, Animation",Enzo D'Alò,Italian,,,76,Family Friendly,0,Family,76,,,2
Icarus,2017,Documentary,Bryan Fogel,English,,,76,Adult,1,Documentary,121,,,1
Edge of Tomorrow,2014,"Action, Science Fiction",Doug Liman,English,178000000.0,370541256.0,76,Teen,0,Action,114,192541256.0,108.16924494382023,2
The Traitor,2019,"Drama , Crime , Thriller",Marco Bellocchio,Italian,,,76,Adult,0,Drama,151,,,3
A Dog's Purpose,2017,"Adventure , Fantasy , Family , Drama",W. Bruce Cameron,English,22000000.0,205000000.0,76,Family Friendly,0,Adventure,100,183000000.0,831.8181818181819,4
Kubo and the Two Strings,2016,"Animation , Adventure , Family",Marc Haimes,English,60000000.0,76249438.0,76,Family Friendly,1,Animation,102,16249438.0,27.082396666666668,3
Zindagi Na Milegi Dobara,2011,"Drama , Comedy , Romance",Zoya Akhtar,Hindi,7700000.0,160000000.0,76,Unknown,0,Drama,154,152300000.0,1977.922077922078,3
Boogie Nights,1997,"Drama, Comedy",Paul Thomas Anderson,English,15000000.0,43101594.0,76,Adult,0,Drama,156,28101594.0,187.34396,2
Batman and Superman: Battle of the Super Sons,2022,"Animation , Action , Science Fiction",Bob Kane,English,,,76,Teen,0,Animation,80,,,3
All the Bright Places,2020,"Romance, Drama",Jennifer Niven,English,,,76,Adult,0,Romance,108,,,2
Mad Max: Fury Road,2015,"Action , Adventure , Science Fiction",George Miller,English,150000000.0,378858340.0,76,Adult,1,Action,121,228858340.0,152.57222666666667,3
Boyz n the Hood,1991,"Drama, Crime",John Singleton,English,6500000.0,57504069.0,76,Adult,0,Drama,112,51004069.0,784.6779846153846,2
The Longest Ride,2015,"Drama, Romance",George Tillman Jr.,English,34000000.0,63013281.0,76,Teen,0,Drama,128,29013281.0,85.3331794117647,2
My Friends Act II,1982,Comedy,Mario Monicelli,Italian,,,76,Teen,0,Comedy,130,,,1
Memoirs of a Geisha,2005,"Drama , Romance , History",Rob Marshall,English,85000000.0,162242962.0,76,Teen,1,Drama,146,77242962.0,90.87407294117646,3
Godzilla,1954,"Thriller , Horror , Science Fiction",Ishirō Honda,Japanese,60000.0,2250000.0,76,Unknown,0,Thriller,96,2190000.0,3650.0,3
Groundhog Day,1993,"Romance , Fantasy , Comedy",Harold Ramis,English,14600000.0,71108778.0,76,Family Friendly,0,Romance,101,56508778.0,387.04642465753426,3
Onward,2020,"Adventure , Animation , Comedy , Family , Fantasy",Dan Scanlon,English,200000000.0,141888276.0,76,Family Friendly,0,Adventure,102,-58111724.0,-29.055862,5
Fantastic Planet,1973,"Animation, Science Fiction",René Laloux,French,,,76,Family Friendly,0,Animation,72,,,2
The Eight Mountains,2022,Drama,Charlotte Vandermeersch,Italian,,9494985.0,76,Unknown,0,Drama,147,,,1
Arrival,2016,"Drama , Science Fiction , Mystery",Denis Villeneuve,English,47000000.0,203388186.0,76,Teen,1,Drama,116,156388186.0,332.74082127659574,3
The Graduate,1967,"Drama , Romance , Comedy",Mike Nichols,English,3000000.0,104945305.0,76,Family Friendly,1,Drama,107,101945305.0,3398.1768333333334,3
Atonement,2007,"Drama, Romance",Joe Wright,English,30000000.0,131016624.0,76,Adult,1,Drama,123,101016624.0,336.72208,2
Barfi!,2012,"Drama , Romance , Comedy",Anurag Basu,Hindi,4437508.0,2804874.0,76,Family Friendly,0,Drama,151,-1632634.0,-36.79168578400309,3
Courageous,2011,Drama,Alex Kendrick,English,1000000.0,35690739.0,76,Teen,0,Drama,129,34690739.0,3469.0739,1
Sin Nombre,2009,"Drama , Action , Thriller , Crime",Cary Joji Fukunaga,Spanish; Castilian,,5102705.0,76,Adult,0,Drama,96,,,4
A Little Princess,1995,"Drama , Family , Fantasy",Alfonso Cuarón,English,17000000.0,10000000.0,76,Family Friendly,0,Drama,97,-7000000.0,-41.1764705882353,3
Mortal Kombat Legends: Battle of the Realms,2021,"Animation , Action , Fantasy",Ethan Spaulding,English,,,76,Adult,0,Animation,80,,,3
Better Man,2024,"Music, Drama",Michael Gracey,English,110000000.0,22549151.0,76,Adult,0,Music,135,-87450849.0,-79.50077181818182,2
My Night at Maud's,1969,"Romance , Comedy , Drama",Éric Rohmer,French,,,76,Family Friendly,0,Romance,110,,,3
The Fall,2006,"Adventure , Fantasy , Drama",Tarsem Singh,English,30000000.0,3984390.0,76,Adult,0,Adventure,117,-26015610.0,-86.7187,3
Laura,1944,"Drama, Mystery",Otto Preminger,English,1020000.0,2000000.0,76,Family Friendly,0,Drama,88,980000.0,96.07843137254902,2
Cat on a Hot Tin Roof,1958,Drama,Richard Brooks,English,3000000.0,17570324.0,76,Unknown,0,Drama,108,14570324.0,485.67746666666665,1
A Million Miles Away,2023,"Drama, History",Alejandra Márquez Abella,English,,,76,Family Friendly,0,Drama,122,,,2
The Killer,2022,"Action , Crime , Thriller",Choi Jae-hoon,Korean,,595112.0,76,Adult,0,Action,95,,,3
Poor Things,2023,"Science Fiction , Romance , Comedy",Yorgos Lanthimos,English,35000000.0,117607117.0,76,Adult,1,Science Fiction,141,82607117.0,236.02033428571428,3
Bacurau,2019,"Mystery , Western , Thriller",Kleber Mendonça Filho,Portuguese,1430000.0,3554178.0,76,Adult,0,Mystery,131,2124178.0,148.5439160839161,3
Gladiator,1992,Drama,Robert Mark Kamen,English,20000000.0,9223441.0,76,Adult,0,Drama,101,-10776559.0,-53.882795,1
Another Round,2020,"Comedy, Drama",Thomas Vinterberg,Danish,5150000.0,21700000.0,76,Unknown,1,Comedy,117,16550000.0,321.3592233009709,2
Forever My Girl,2018,"Romance , Drama , Music",Bethany Ashton Wolf,English,3500000.0,16367326.0,76,Family Friendly,0,Romance,108,12867326.0,367.6378857142857,3
Time of the Gypsies,1988,"Drama , Crime , Fantasy , Romance",Emir Kusturica,Serbo-Croatian,,,76,Adult,0,Drama,142,,,4
The Bad Guys 2,2025,"Family , Comedy , Crime , Adventure , Animation , Action",Pierre Perifel,English,80000000.0,239676236.0,76,Family Friendly,1,Family,104,159676236.0,199.595295,6
Cowspiracy: The Sustainability Secret,2014,Documentary,Kip Andersen,English,117.0,,76,Unknown,0,Documentary,90,,,1
In a Lonely Place,1950,"Thriller , Drama , Romance , Mystery",Nicholas Ray,English,,1400000.0,76,Unknown,0,Thriller,93,,,4
Geri's Game,1997,"Animation , Comedy , Family",Jan Pinkava,English,,,76,Family Friendly,1,Animation,4,,,3
The Banker,2020,Drama,George Nolfi,English,,,76,Teen,0,Drama,120,,,1
One Cut of the Dead,2017,"Comedy , Horror , Drama",Shinichiro Ueda,Japanese,52406.0,27590180.0,76,Adult,1,Comedy,96,27537774.0,52546.98698622295,3
Dragon Ball Z: The History of Trunks,1993,"Animation , Action , Science Fiction",Akira Toriyama,Japanese,,,76,Unknown,0,Animation,48,,,3
The Hill,2023,"History, Drama",Jeff Celentano,English,,7600000.0,76,Family Friendly,0,History,121,,,2
Get Out,2017,"Mystery , Thriller , Horror",Jordan Peele,English,4500000.0,255407969.0,76,Adult,1,Mystery,104,250907969.0,5575.732644444444,3
Deadpool,2016,"Action , Adventure , Comedy",Tim Miller,English,58000000.0,782837347.0,76,Adult,0,Action,108,724837347.0,1249.7195637931034,3
Lilya 4-ever,2002,"Drama, Crime",Lukas Moodysson,Swedish,2700000.0,1007747.0,76,Adult,0,Drama,109,-1692253.0,-62.676037037037034,2
Detachment,2011,Drama,Tony Kaye,English,3000000.0,3742697.0,76,Unknown,0,Drama,98,742697.0,24.756566666666668,1
I'm Starting from Three,1981,Comedy,Massimo Troisi,Italian,,,76,Teen,0,Comedy,107,,,1
Corpus Christi,2019,Drama,Jan Komasa,Polish,1300000.0,9943901.0,76,Adult,1,Drama,116,8643901.0,664.9154615384615,1
Eddie Murphy: Delirious,1983,Comedy,Bruce Gowers,English,,,76,Adult,0,Comedy,69,,,1
Kind Hearts and Coronets,1949,"Comedy, Crime",Robert Hamer,English,,,76,Unknown,0,Comedy,104,,,2
EXIT,2019,"Action, Comedy",Lee Sang-geun,Korean,10892000.0,69501772.0,76,Family Friendly,0,Action,103,58609772.0,538.099265515975,2
Tumbbad,2018,"Fantasy, Horror",Rahi Anil Barve,Hindi,,,76,Unknown,0,Fantasy,113,,,2
Faces Places,2017,Documentary,Agnès Varda,French,,1108983.0,76,Family Friendly,1,Documentary,94,,,1
Häxan,1922,"Documentary , Horror , History",Benjamin Christensen,Swedish,220000.0,,76,Teen,0,Documentary,105,,,3
The Man from Earth,2007,"Science Fiction, Drama",Richard Schenkman,English,200000.0,,76,Unknown,0,Science Fiction,87,,,2
Cobain: Montage of Heck,2015,"Documentary, Music",Brett Morgen,English,,,76,Unknown,0,Documentary,132,,,2
The Little Prince,2015,"Adventure , Animation , Fantasy , Family",Mark Osborne,English,64000000.0,101281211.0,76,Family Friendly,0,Adventure,106,37281211.0,58.2518921875,4
Marcel the Shell with Shoes On,2022,"Animation , Comedy , Drama , Family , Fantasy",Dean Fleischer Camp,English,6000000.0,6909209.0,76,Family Friendly,1,Animation,90,909209.0,15.153483333333334,5
Toy Story 2,1999,"Animation , Comedy , Family",John Lasseter,English,90000000.0,497375404.0,76,Family Friendly,1,Animation,92,407375404.0,452.63933777777777,3
Frankenstein,2025,"Drama , Fantasy , Horror",Guillermo del Toro,English,120000000.0,480678.0,76,Adult,1,Drama,150,-119519322.0,-99.599435,3
The Others,2001,"Horror , Mystery , Thriller",Alejandro Amenábar,English,17000000.0,210002906.0,76,Teen,0,Horror,101,193002906.0,1135.3112117647058,3
Arsenic and Old Lace,1944,"Comedy, Crime",Frank Capra,English,1120175.0,,76,Unknown,0,Comedy,118,,,2
Kingsman: The Secret Service,2015,"Crime , Comedy , Action , Adventure",Matthew Vaughn,English,81000000.0,414351546.0,76,Adult,0,Crime,129,333351546.0,411.5451185185185,4
A Streetcar Named Desire,1951,"Drama, Thriller",Elia Kazan,English,1800000.0,8000000.0,76,Family Friendly,1,Drama,122,6200000.0,344.44444444444446,2
Tangled,2010,"Animation , Family , Adventure",Nathan Greno,English,260000000.0,592461732.0,76,Family Friendly,0,Animation,100,332461732.0,127.86989692307692,3
Eat Drink Man Woman,1994,"Comedy , Drama , Romance",Ang Lee,Chinese,,24194403.0,76,Unknown,0,Comedy,123,,,3
Mildred Pierce,1945,"Crime, Drama",Michael Curtiz,English,1453000.0,5638000.0,76,Unknown,0,Crime,111,4185000.0,288.02477632484516,2
System Crasher,2019,Drama,Nora Fingscheidt,German,,,76,Family Friendly,1,Drama,118,,,1
Roma,2018,Drama,Alfonso Cuarón,Spanish; Castilian,15000000.0,1140769.0,76,Adult,1,Drama,135,-13859231.0,-92.39487333333334,1
The Raid 2,2014,"Action , Crime , Thriller",Gareth Evans,Indonesian,4500000.0,6566916.0,76,Adult,0,Action,150,2066916.0,45.931466666666665,3
Barbie in the 12 Dancing Princesses,2006,"Animation, Family",Ruth Handler,English,,,76,Family Friendly,0,Animation,83,,,2
Il Divo,2008,Drama,Paolo Sorrentino,Italian,7275000.0,11260366.0,76,Unknown,0,Drama,113,3985366.0,54.78166323024055,1
Sweet Smell of Success,1957,Drama,Ernest Lehman,English,3400000.0,2500000.0,76,Teen,0,Drama,97,-900000.0,-26.470588235294116,1
Breakfast at Tiffany's,1961,"Comedy , Romance , Drama",Blake Edwards,English,2500000.0,9500000.0,76,Unknown,0,Comedy,115,7000000.0,280.0,3
Three Colors: Blue,1993,Drama,Krzysztof Kieślowski,French,,1527572.0,76,Adult,0,Drama,98,,,1
Big George Foreman,2023,"History, Drama",George Tillman Jr.,English,32000000.0,3800000.0,76,Teen,0,History,129,-28200000.0,-88.125,2
My Little Pony: A New Generation,2021,"Animation , Family , Fantasy , Comedy , Adventure",José Luis Ucha,English,,4100000.0,76,Family Friendly,0,Animation,90,,,5
Maurice,1987,"Drama, Romance",James Ivory,English,2600000.0,2438304.0,76,Adult,0,Drama,140,-161696.0,-6.219076923076923,2
The Last Picture Show,1971,"Drama, Romance",Peter Bogdanovich,English,1300000.0,29133000.0,76,Adult,0,Drama,119,27833000.0,2141.0,2
Children of Men,2006,"Science Fiction , Thriller , Action",Alfonso Cuarón,English,76000000.0,70595464.0,76,Adult,0,Science Fiction,109,-5404536.0,-7.111231578947368,3
"Germany, Year Zero",1948,Drama,Roberto Rossellini,Italian,115000.0,,76,Unknown,0,Drama,74,,,1
The Last Samurai,2003,"Drama , Action , War",Edward Zwick,English,140000000.0,456800000.0,76,Adult,1,Drama,154,316800000.0,226.28571428571428,3
Twelve Monkeys,1995,"Science Fiction , Thriller , Mystery",Terry Gilliam,English,29000000.0,168841459.0,76,Adult,0,Science Fiction,129,139841459.0,482.2119275862069,3
"Miraculous: Ladybug & Cat Noir, The Movie",2023,"Animation , Fantasy , Action , Romance , Family",Jeremy Zag,French,86000000.0,40208268.0,76,Family Friendly,0,Animation,105,-45791732.0,-53.2462,5
Laurence Anyways,2012,"Drama, Romance",Xavier Dolan,French,9500000.0,,76,Teen,1,Drama,168,,,2
The Lost Weekend,1945,Drama,Billy Wilder,English,1250000.0,11000000.0,76,Unknown,1,Drama,101,9750000.0,780.0,1
All About My Mother,1999,"Comedy, Drama",Pedro Almodóvar,Spanish; Castilian,5000000.0,67958231.0,76,Adult,1,Comedy,101,62958231.0,1259.16462,2
"Paul, Apostle of Christ",2018,"Drama, History",Andrew Hyatt,English,5000000.0,26078500.0,76,Teen,0,Drama,108,21078500.0,421.57,2
Guardians of the Galaxy Vol. 2,2017,"Science Fiction , Adventure , Action",James Gunn,English,200000000.0,863756051.0,76,Teen,0,Science Fiction,137,663756051.0,331.8780255,3
Avatar,2009,"Science Fiction , Action , Adventure",James Cameron,English,237000000.0,2923706026.0,76,Teen,1,Science Fiction,162,2686706026.0,1133.6312345991562,3
A Short Film About Killing,1988,"Crime, Drama",Krzysztof Kieślowski,Polish,,,76,Adult,0,Crime,85,,,2
Blue Velvet,1986,"Mystery , Thriller , Crime",David Lynch,English,6000000.0,8636706.0,76,Adult,1,Mystery,120,2636706.0,43.9451,3
Bad Seeds,2018,"Comedy, Drama",Kheiron,French,,,76,Adult,0,Comedy,100,,,2
Belle,2021,"Animation , Science Fiction , Drama , Music",Mamoru Hosoda,Japanese,,63501160.0,76,Family Friendly,1,Animation,121,,,4
Mediterraneo,1991,"Comedy , Romance , War",Enzo Monteleone,Italian,,4532791.0,76,Teen,0,Comedy,96,,,3
Le Cercle Rouge,1970,"Crime , Drama , Thriller",Jean-Pierre Melville,French,,,76,Unknown,0,Crime,140,,,3
The Servant,1963,Drama,Joseph Losey,English,,,76,Family Friendly,0,Drama,116,,,1
Persian Lessons,2020,"War, Drama",Vadim Perelman,German,,3825668.0,76,Family Friendly,0,War,127,,,2
Night of the Living Dead,1968,"Horror , Thriller , Science Fiction",George A. Romero,English,114000.0,30236452.0,76,Unknown,0,Horror,96,30122452.0,26423.20350877193,3
Butch Cassidy and the Sundance Kid,1969,"Western , Crime , Drama",George Roy Hill,English,6000000.0,102308889.0,76,Family Friendly,1,Western,111,96308889.0,1605.14815,3
A Man Called Ove,2015,"Comedy, Drama",Hannes Holm,Swedish,,30692889.0,76,Teen,0,Comedy,116,,,2
Drunken Angel,1948,Drama,Akira Kurosawa,Japanese,,,76,Unknown,1,Drama,98,,,1
Anastasia,1997,"Animation , Family , Fantasy , Adventure",Don Bluth,English,53000000.0,139804348.0,76,Family Friendly,1,Animation,94,86804348.0,163.7817886792453,4
Elevator to the Gallows,1958,"Crime , Drama , Thriller",Louis Malle,French,,263404.0,76,Unknown,0,Crime,92,,,3
The Anthem of the Heart,2015,"Animation , Drama , Music , Romance",Tatsuyuki Nagai,Japanese,,8852989.0,76,Family Friendly,0,Animation,119,,,4
Blade Runner 2049,2017,"Science Fiction, Drama",Hampton Fancher,English,150000000.0,259239658.0,76,Adult,1,Science Fiction,164,109239658.0,72.82643866666666,2
Dragon Ball Z: Bardock - The Father of Goku,1990,"Animation , Action , Science Fiction , Drama , Fantasy",Mitsuo Hashimoto,Japanese,,,76,Unknown,0,Animation,48,,,5
Evangelion: 1.0 You Are (Not) Alone,2007,"Animation , Science Fiction , Action , Drama",Hideaki Anno,Japanese,7000000.0,20121073.0,76,Teen,0,Animation,101,13121073.0,187.4439,4
The Longest Day,1962,"War , Action , Drama",Cornelius Ryan,English,10000000.0,50100000.0,76,Family Friendly,0,War,178,40100000.0,401.0,3
Sonic the Hedgehog 3,2024,"Action , Science Fiction , Comedy , Family",Josh Miller,English,122000000.0,492162604.0,76,Family Friendly,0,Action,110,370162604.0,303.4119704918033,4
"Steamboat Bill, Jr.",1928,"Comedy, Romance",Buster Keaton,English,,,76,Unknown,0,Comedy,70,,,2
Happy Together,1997,"Drama, Romance",Wong Kar-Wai,Cantonese,125000.0,5000000.0,76,Unknown,0,Drama,96,4875000.0,3900.0,2
Scarlet Street,1945,"Drama, Crime",Fritz Lang,English,1202000.0,2948500.0,76,Unknown,0,Drama,103,1746500.0,145.29950083194674,2
The Curious Case of Benjamin Button,2008,"Drama , Fantasy , Romance",David Fincher,English,150000000.0,335802786.0,76,Teen,1,Drama,166,185802786.0,123.868524,3
The Dirty Dozen,1967,"Action , Adventure , War",Robert Aldrich,English,5400000.0,45300000.0,76,Unknown,0,Action,149,39900000.0,738.8888888888889,3
Andhadhun,2018,"Crime , Mystery , Thriller , Comedy",Sriram Raghavan,Hindi,4500000.0,40000000.0,76,Adult,0,Crime,139,35500000.0,788.8888888888889,4
The Kissing Booth 2,2020,"Comedy, Romance",Vince Marcello,English,,,76,Teen,0,Comedy,132,,,2
Eyes Without a Face,1960,"Drama , Horror , Thriller",Jean Redon,French,,58656.0,76,Unknown,0,Drama,84,,,3
Seven Pounds,2008,Drama,Gabriele Muccino,English,55000000.0,168167691.0,76,Teen,0,Drama,123,113167691.0,205.75943818181818,1
My Hero Academia: World Heroes' Mission,2021,"Animation , Action , Adventure , Science Fiction",Kohei Horikoshi,Japanese,,46940541.0,76,Teen,0,Animation,105,,,4
King Richard,2021,"Drama, History",Reinaldo Marcus Green,English,50000000.0,39400000.0,76,Teen,1,Drama,144,-10600000.0,-21.2,2
Undisputed III: Redemption,2010,"Action , Thriller , Crime , Drama",Isaac Florentine,English,3000000.0,76500000.0,76,Adult,0,Action,96,73500000.0,2450.0,4
10 Things I Hate About You,1999,"Comedy , Romance , Drama",Gil Junger,English,16000000.0,53478166.0,76,Teen,0,Comedy,97,37478166.0,234.2385375,3
Billy Elliot,2000,"Drama , Comedy , Music",Stephen Daldry,English,5000000.0,109280263.0,76,Adult,1,Drama,111,104280263.0,2085.60526,3
Nuremberg,2025,"History, Drama",James Vanderbilt,English,11800000.0,37009109.0,76,Teen,0,History,149,25209109.0,213.63651694915254,2
Desert Flower,2009,Drama,Sherry Hormann,English,,14682943.0,76,Family Friendly,0,Drama,120,,,1
"They Shoot Horses, Don't They?",1969,Drama,Sydney Pollack,English,,,76,Family Friendly,0,Drama,120,,,1
Elemental,2023,"Animation , Comedy , Family , Romance",Peter Sohn,English,200000000.0,496444308.0,76,Family Friendly,0,Animation,102,296444308.0,148.222154,4
The Super Mario Bros. Movie,2023,"Family , Comedy , Adventure , Fantasy , Animation",Michael Jelenic,English,100000000.0,1360879735.0,76,Family Friendly,0,Family,93,1260879735.0,1260.879735,5
The Killer,1989,"Action , Crime , Drama , Thriller",John Woo,Cantonese,,2350174.0,76,Adult,0,Action,110,,,4
Thelma & Louise,1991,"Drama , Crime , Adventure",Ridley Scott,English,16000000.0,45361000.0,76,Adult,1,Drama,130,29361000.0,183.50625,3
Stagecoach,1939,Western,John Ford,English,531374.0,1103757.0,76,Family Friendly,0,Western,96,572383.0,107.71753981188391,1
The Big Sleep,1946,"Mystery , Crime , Thriller",Howard Hawks,English,250000.0,10682000.0,76,Unknown,0,Mystery,114,10432000.0,4172.8,3
Sleepers,1996,"Crime , Drama , Thriller",Barry Levinson,English,44000000.0,165600000.0,76,Adult,0,Crime,147,121600000.0,276.3636363636364,3
Godzilla Minus One,2023,"Science Fiction , Horror , Action",Takashi Yamazaki,Japanese,15000000.0,113676322.0,76,Teen,1,Science Fiction,125,98676322.0,657.8421466666666,3
Being There,1979,"Comedy, Drama",Jerzy Kosiński,English,,30177511.0,76,Family Friendly,1,Comedy,130,,,2
Fitzcarraldo,1982,"Drama, Adventure",Werner Herzog,German,7362000.0,,76,Family Friendly,0,Drama,157,,,2
American Gangster,2007,"Drama, Crime",Mark Jacobson,English,100000000.0,269755430.0,76,Adult,1,Drama,157,169755430.0,169.75543,2
Giant,1956,"Drama, Western",George Stevens,English,5400000.0,32855818.0,76,Unknown,1,Drama,201,27455818.0,508.4410740740741,2
The Wild Bunch,1969,Western,Sam Peckinpah,English,6244087.0,638641.0,76,Adult,0,Western,145,-5605446.0,-89.77206755767496,1
JFK,1991,"Drama , Thriller , History",Oliver Stone,English,40000000.0,205405498.0,76,Adult,1,Drama,189,165405498.0,413.513745,3
In the Grey,2026,"Action, Thriller",Guy Ritchie,English,70000000.0,27117528.0,76,Adult,0,Action,97,-42882472.0,-61.26067428571429,2
The Fault in Our Stars,2014,"Romance, Drama",Josh Boone,English,14000000.0,307166834.0,76,Teen,0,Romance,126,293166834.0,2094.0488142857143,2
Stray Dog,1949,"Crime , Drama , Thriller , Mystery",Akira Kurosawa,Japanese,,47005.0,76,Family Friendly,1,Crime,122,,,4
The Tenant,1976,"Thriller , Mystery , Drama",Roman Polanski,English,,5100000.0,76,Adult,0,Thriller,126,,,3
The Train,1964,"War, Thriller",John Frankenheimer,English,5800000.0,6800000.0,76,Unknown,0,War,133,1000000.0,17.24137931034483,2
The Last Emperor,1987,"Drama, History",Bernardo Bertolucci,English,23800000.0,44000000.0,76,Teen,0,Drama,163,20200000.0,84.87394957983193,2
A Close Shave,1996,"Family , Animation , Comedy",Nick Park,English,,4638.0,76,Unknown,0,Family,30,,,3
The Fifth Element,1997,"Science Fiction , Action , Adventure",Luc Besson,French,90000000.0,263920180.0,76,Teen,0,Science Fiction,126,173920180.0,193.24464444444445,3
To All the Boys I've Loved Before,2018,"Comedy, Romance",Susan Johnson,English,,,76,Teen,0,Comedy,100,,,2
Corpse Bride,2005,"Romance , Fantasy , Animation",Tim Burton,English,40000000.0,118133252.0,76,Family Friendly,0,Romance,77,78133252.0,195.33313,3
Sword of the Stranger,2007,"Action , Animation , History",Masahiro Ando,Japanese,,,76,Family Friendly,0,Action,103,,,3
My Man Godfrey,1936,Comedy,Eric Hatch,English,575375.0,684200.0,76,Unknown,0,Comedy,95,108825.0,18.913751900934173,1
Hoop Dreams,1994,Documentary,Steve James,English,700000.0,7830611.0,76,Teen,0,Documentary,174,7130611.0,1018.6587142857143,1
"tick, tick... BOOM!",2021,"Drama, Music",Lin-Manuel Miranda,English,,,76,Teen,1,Drama,120,,,2
Ready Player One,2018,"Adventure , Action , Science Fiction",Ernest Cline,English,175000000.0,607274134.0,76,Teen,0,Adventure,140,432274134.0,247.01379085714285,3
Avatar: The Way of Water,2022,"Action , Adventure , Science Fiction",James Cameron,English,460000000.0,2334484620.0,76,Teen,1,Action,192,1874484620.0,407.4966565217391,3
Coach Carter,2005,"Drama, History",Thomas Carter,English,30000000.0,76669554.0,76,Teen,0,Drama,136,46669554.0,155.56518,2
Harold and Maude,1971,"Comedy , Drama , Romance",Hal Ashby,English,1200000.0,,76,Family Friendly,0,Comedy,92,,,3
Deadpool & Wolverine,2024,"Action , Comedy , Science Fiction",Shawn Levy,English,200000000.0,1338073645.0,76,Adult,1,Action,128,1138073645.0,569.0368225,3
The Big Country,1958,"Drama , Western , Romance",William Wyler,English,,3500000.0,76,Unknown,0,Drama,167,,,3
The Garden of Words,2013,"Animation , Drama , Romance",Makoto Shinkai,Japanese,,820165.0,76,Teen,0,Animation,46,,,3
King Kong,1933,"Adventure , Fantasy , Horror",Merian C. Cooper,English,672000.0,10001781.0,76,Teen,0,Adventure,100,9329781.0,1388.3602678571428,3
Beasts of No Nation,2015,"Drama, War",Cary Joji Fukunaga,English,6000000.0,9077700.0,76,Adult,1,Drama,137,3077700.0,51.295,2
The Wizard of Oz,1939,"Adventure , Fantasy , Family",Victor Fleming,English,2777000.0,33754967.0,76,Family Friendly,0,Adventure,102,30977967.0,1115.519157364062,3
Drive,2011,"Drama , Thriller , Crime",Nicolas Winding Refn,English,15000000.0,79713640.0,76,Adult,0,Drama,100,64713640.0,431.42426666666665,3
Cinderella Man,2005,"Romance , Drama , History",Cliff Hollingsworth,English,88000000.0,108539911.0,76,Teen,1,Romance,144,20539911.0,23.340807954545454,3
The Hobbit: The Desolation of Smaug,2013,"Fantasy , Adventure , Action",Peter Jackson,English,250000000.0,958400000.0,76,Teen,0,Fantasy,161,708400000.0,283.36,3
Confessions,2010,"Drama , Thriller , Mystery",Tetsuya Nakashima,Japanese,,45203103.0,76,Teen,1,Drama,107,,,3
Tombstone,1993,"Western, Action",George P. Cosmatos,English,25000000.0,73205065.0,76,Adult,0,Western,130,48205065.0,192.82026,2
Minions & Monsters,2026,"Adventure , Animation , Comedy , Family , Fantasy",Pierre Coffin,English,85000000.0,505515960.0,76,Family Friendly,0,Adventure,90,420515960.0,494.7246588235294,5
Back to the Outback,2021,"Family , Animation , Adventure , Comedy",Harry Cripps,English,,,76,Family Friendly,0,Family,92,,,4
Thor: Ragnarok,2017,"Action , Science Fiction , Comedy , Adventure",Taika Waititi,English,180000000.0,855301806.0,76,Teen,0,Action,131,675301806.0,375.16767,4
Finding Vivian Maier,2014,Documentary,John Maloof,English,,1503616.0,76,Unknown,0,Documentary,83,,,1
Secrets & Lies,1996,Drama,Mike Leigh,English,4500000.0,13417292.0,76,Adult,1,Drama,142,8917292.0,198.16204444444443,1
Guess Who's Coming to Dinner,1967,"Drama, Romance",Stanley Kramer,English,4000000.0,56666667.0,76,Unknown,0,Drama,108,52666667.0,1316.666675,2
Imagine Me & You,2006,"Drama , Comedy , Romance",Ol Parker,English,1000000.0,2500000.0,76,Adult,0,Drama,93,1500000.0,150.0,3
The Six Triple Eight,2024,"Drama , War , History",Tyler Perry,English,,,76,Teen,1,Drama,130,,,3
The Butterfly Effect,2004,"Science Fiction, Thriller",Eric Bress,English,13000000.0,96800000.0,76,Adult,0,Science Fiction,113,83800000.0,644.6153846153846,2
Ready or Not: Here I Come,2026,"Horror, Comedy",R. Christopher Murphy,English,14000000.0,42940054.0,76,Adult,0,Horror,108,28940054.0,206.71467142857142,2
The Sicilian Clan,1969,"Crime, Drama",Henri Verneuil,French,19000000.0,,76,Family Friendly,0,Crime,121,,,2
Predator,1987,"Science Fiction , Action , Adventure , Thriller",John McTiernan,English,15000000.0,98267558.0,76,Adult,0,Science Fiction,107,83267558.0,555.1170533333334,4
Victoria,2015,"Crime , Thriller , Romance",Sebastian Schipper,German,,3191971.0,76,Unknown,1,Crime,138,,,3
Casino Royale,2006,"Adventure , Action , Thriller",Martin Campbell,English,150000000.0,599045960.0,76,Teen,0,Adventure,144,449045960.0,299.3639733333333,3
The Snowman,1982,"Adventure , Animation , Family , Fantasy",Dianne Jackson,English,,,76,Family Friendly,0,Adventure,25,,,4
Treasure Planet,2002,"Science Fiction , Adventure , Animation , Family , Fantasy",John Musker,English,140000000.0,109578115.0,76,Family Friendly,0,Science Fiction,96,-30421885.0,-21.72991785714286,5
The Diving Bell and the Butterfly,2007,"Drama, History",Julian Schnabel,French,14000020.0,19777647.0,76,Teen,1,Drama,112,5777627.0,41.26870533042096,2
The Game,1997,"Drama , Thriller , Mystery",David Fincher,English,50000000.0,109423648.0,76,Adult,0,Drama,129,59423648.0,118.847296,3
Going Clear: Scientology and the Prison of Belief,2015,Documentary,Alex Gibney,English,,,76,Teen,1,Documentary,120,,,1
Battleship Potemkin,1925,"Drama , History , War",Sergei Eisenstein,Russian,,45100.0,76,Unknown,0,Drama,75,,,3
Girl in the Basement,2021,"Thriller , Crime , TV Movie",Elisabeth Röhm,English,,,76,Teen,0,Thriller,88,,,3
Dave Chappelle: Sticks & Stones,2019,Comedy,Stan Lathan,English,,,76,Adult,1,Comedy,65,,,1
Cure,1997,"Crime , Horror , Mystery",Kiyoshi Kurosawa,Japanese,20000.0,234821.0,76,Unknown,1,Crime,111,214821.0,1074.105,3
Wrath of Man,2021,"Thriller , Crime , Drama",Guy Ritchie,English,40000000.0,103966489.0,76,Adult,0,Thriller,119,63966489.0,159.9162225,3
Amy,2015,"Documentary, Music",Asif Kapadia,English,,23706386.0,76,Adult,1,Documentary,128,,,2
Changeling,2008,"Crime , Drama , Mystery",Clint Eastwood,English,55000000.0,113400000.0,76,Adult,0,Crime,142,58400000.0,106.18181818181819,3
The Irishman,2019,"Crime , Drama , History",Martin Scorsese,English,159000000.0,968853.0,76,Adult,1,Crime,209,-158031147.0,-99.39065849056604,3
Ex Machina,2015,"Drama, Science Fiction",Alex Garland,English,15000000.0,36869414.0,76,Adult,1,Drama,108,21869414.0,145.79609333333335,2
Manon of the Spring,1986,Drama,Claude Berri,French,,,76,Family Friendly,0,Drama,115,,,1
Hot Fuzz,2007,"Crime , Action , Comedy",Edgar Wright,English,12000000.0,80600000.0,76,Adult,0,Crime,121,68600000.0,571.6666666666666,3
Gattaca,1997,"Science Fiction, Drama",Andrew Niccol,English,36000000.0,12532777.0,76,Teen,0,Science Fiction,107,-23467223.0,-65.18673055555556,2
Hair Love,2019,"Animation , Family , Comedy",Matthew A. Cherry,English,284058.0,,76,Family Friendly,1,Animation,7,,,3
I Still Believe,2020,"Music , Drama , Romance",Jon Erwin,English,12000000.0,16069730.0,76,Family Friendly,0,Music,115,4069730.0,33.91441666666667,3
Talk to Her,2002,"Drama, Romance",Pedro Almodóvar,Spanish; Castilian,6500000.0,64826117.0,76,Adult,1,Drama,112,58326117.0,897.3248769230769,2
Searching,2018,"Drama , Mystery , Thriller",Aneesh Chaganty,English,880000.0,75636047.0,76,Teen,0,Drama,102,74756047.0,8495.00534090909,3
Steins;Gate: The Movie - Load Region of Déjà Vu,2013,"Science Fiction , Animation , Drama",Takuya Sato,Japanese,,4843719.0,76,Teen,0,Science Fiction,90,,,3
A Prophet,2009,"Crime, Drama",Jacques Audiard,French,13000000.0,17874044.0,76,Adult,0,Crime,155,4874044.0,37.49264615384615,2
Encanto,2021,"Animation , Comedy , Family , Fantasy",Jared Bush,English,150000000.0,261292688.0,76,Family Friendly,1,Animation,102,111292688.0,74.19512533333334,4
I Origins,2014,"Science Fiction, Drama",Mike Cahill,English,1000000.0,481234.0,76,Adult,0,Science Fiction,106,-518766.0,-51.8766,2
The Turin Horse,2011,Drama,László Krasznahorkai,Hungarian,1000000.0,162088.0,76,Adult,0,Drama,155,-837912.0,-83.7912,1
Meshes of the Afternoon,1943,"Mystery, Fantasy",Maya Deren,English,275.0,,76,Unknown,0,Mystery,14,,,2
The Emperor's New Groove,2000,"Adventure , Animation , Comedy , Family , Fantasy",Mark Dindal,English,100000000.0,169327687.0,76,Family Friendly,1,Adventure,78,69327687.0,69.327687,5
Moana,2016,"Adventure , Comedy , Family , Animation",John Musker,English,150000000.0,690860472.0,76,Family Friendly,0,Adventure,107,540860472.0,360.573648,4
Facing the Giants,2006,Drama,Alex Kendrick,English,100000.0,10307987.0,76,Family Friendly,0,Drama,111,10207987.0,10207.987,1
Kramer vs. Kramer,1979,Drama,Robert Benton,English,8000000.0,106260000.0,76,Family Friendly,1,Drama,105,98260000.0,1228.25,1
The Woman King,2022,"Action , Drama , History , War",Dana Stevens,English,50000000.0,97562514.0,76,Teen,1,Action,135,47562514.0,95.125028,4
Carandiru,2003,Drama,Héctor Babenco,Portuguese,4100000.0,10781635.0,76,Adult,0,Drama,145,6681635.0,162.96670731707317,1
Les Misérables,2019,"Crime , Drama , Thriller",Ladj Ly,French,2500000.0,54606372.0,76,Adult,1,Crime,104,52106372.0,2084.25488,3
Moon,2009,"Science Fiction, Drama",Duncan Jones,English,5000000.0,9760104.0,76,Adult,0,Science Fiction,97,4760104.0,95.20208,2
The Sandlot,1993,"Family , Comedy , Drama",David Mickey Evans,English,7000000.0,34348444.0,76,Family Friendly,0,Family,101,27348444.0,390.69205714285715,3
I Am Sam,2001,Drama,Jessie Nelson,English,22000000.0,92542418.0,76,Teen,0,Drama,132,70542418.0,320.64735454545456,1
Yu-Gi-Oh!: The Dark Side of Dimensions,2016,"Adventure, Animation",Satoshi Kuwabara,Japanese,,7445186.0,76,Family Friendly,0,Adventure,130,,,2
Dragon Ball Z: Fusion Reborn,1995,"Animation , Action , Science Fiction",Shigeyasu Yamauchi,Japanese,,23500000.0,76,Family Friendly,0,Animation,55,,,3
The Girl with the Needle,2024,"Drama, History",Magnus von Horn,Danish,,470300.0,76,Teen,1,Drama,123,,,2
Ferris Bueller's Day Off,1986,Comedy,John Hughes,English,6000000.0,70100000.0,76,Teen,0,Comedy,103,64100000.0,1068.3333333333333,1
The Sea Inside,2004,Drama,Alejandro Amenábar,Spanish; Castilian,12806000.0,43731621.0,76,Teen,1,Drama,126,30925621.0,241.493214118382,1
Bāhubali: The Beginning,2015,"Action, Drama",S. S. Rajamouli,Telugu,25130430.0,90747520.0,76,Unknown,0,Action,159,65617090.0,261.10611716552404,2
Rurouni Kenshin Part II: Kyoto Inferno,2014,"Action , Adventure , Drama , Fantasy",Keishi Otomo,Japanese,,,76,Teen,1,Action,138,,,4
Our Little Sister,2015,Drama,Hirokazu Kore-eda,Japanese,,346485.0,76,Family Friendly,1,Drama,127,,,1
Bullet in the Head,1990,"Action , Crime , Thriller , War",John Woo,Cantonese,3500000.0,1092869.0,76,Unknown,0,Action,136,-2407131.0,-68.77517142857143,4
Lilo & Stitch,2002,"Animation , Family , Comedy , Science Fiction",Dean DeBlois,English,80000000.0,273144151.0,76,Family Friendly,1,Animation,85,193144151.0,241.43018875,4
Blood Diamond,2006,"Drama , Thriller , Action",Charles Leavitt,English,100000000.0,171720398.0,76,Adult,0,Drama,143,71720398.0,71.720398,3
Gandhi,1982,"Drama, History",Richard Attenborough,English,22000000.0,77737889.0,76,Family Friendly,0,Drama,192,55737889.0,253.3540409090909,2
The Fabelmans,2022,Drama,Steven Spielberg,English,40000000.0,45629909.0,76,Teen,1,Drama,151,5629909.0,14.0747725,1
Rise,2022,Drama,Akin Omotoso,English,,,76,Family Friendly,0,Drama,113,,,1
Trollhunters: Rise of the Titans,2021,"Animation , Fantasy , Family , Action , Adventure",Francisco Ruiz Velasco,English,,,76,Family Friendly,0,Animation,106,,,5
Heroic Losers,2019,"Comedy, Thriller",Sebastián Borensztein,Spanish; Castilian,,7364054.0,76,Family Friendly,0,Comedy,116,,,2
Halloween,1978,"Horror, Thriller",John Carpenter,English,325000.0,70260597.0,76,Adult,0,Horror,91,69935597.0,21518.64523076923,2
Who Am I,2014,Thriller,Baran bo Odar,German,,7700259.0,76,Unknown,1,Thriller,105,,,1
Poetry,2010,Drama,Lee Chang-dong,Korean,,349899.0,76,Teen,0,Drama,139,,,1
The Little World of Don Camillo,1952,Comedy,Julien Duvivier,Italian,,,76,Teen,0,Comedy,107,,,1
Touching the Void,2003,"Documentary , Action , Adventure , Drama",Joe Simpson,English,,13885802.0,76,Adult,0,Documentary,106,,,4
Malena,2000,Drama,Giuseppe Tornatore,Italian,,14493284.0,76,Adult,0,Drama,108,,,1
"Girl, Interrupted",1999,Drama,James Mangold,English,40000000.0,48350205.0,76,Adult,1,Drama,127,8350205.0,20.8755125,1
Police Story,1985,"Action , Crime , Comedy",Jackie Chan,Cantonese,,18724000.0,76,Teen,0,Action,99,,,3
Malcolm X,1992,"Drama, History",Spike Lee,English,34000000.0,48169908.0,76,Teen,0,Drama,202,14169908.0,41.6762,2
A Few Good Men,1992,Drama,Rob Reiner,English,40000000.0,243240178.0,76,Adult,0,Drama,138,203240178.0,508.100445,1
Purple Noon,1960,"Crime , Drama , Thriller",René Clément,French,,,76,Teen,0,Crime,118,,,3
Woodstock,1970,"Documentary, Music",Michael Wadleigh,English,600000.0,50000000.0,76,Adult,0,Documentary,224,49400000.0,8233.333333333334,2
Manchester by the Sea,2016,Drama,Kenneth Lonergan,English,9000000.0,79000000.0,76,Adult,1,Drama,138,70000000.0,777.7777777777778,1
Mira,2022,"Science Fiction , Drama , Adventure , Family",Dmitry Kiselev,Russian,6042800.0,,76,Family Friendly,0,Science Fiction,110,,,4
Ride Your Wave,2019,"Animation , Romance , Comedy , Drama , Fantasy",Masaaki Yuasa,Japanese,,,75,Family Friendly,0,Animation,95,,,5
Beautiful Boy,2018,Drama,Felix van Groeningen,English,25000000.0,31749905.0,76,Adult,0,Drama,121,6749905.0,26.99962,1
Doctor Zhivago,1965,"Drama , Romance , War",David Lean,English,11000000.0,111858363.0,76,Teen,0,Drama,200,100858363.0,916.894209090909,3
Lost Highway,1997,"Drama , Thriller , Mystery",David Lynch,English,15000000.0,3897982.0,76,Adult,0,Drama,134,-11102018.0,-74.01345333333333,3
My Sassy Girl,2001,"Drama , Comedy , Romance",Kwak Jae-yong,Korean,,32000000.0,75,Teen,0,Drama,137,,,3
They Call Me Trinity,1970,"Action , Comedy , Western",Enzo Barboni,Italian,,,75,Family Friendly,0,Action,115,,,3
Mary Poppins,1964,"Comedy , Family , Fantasy",Robert Stevenson,English,4650000.0,103100000.0,75,Family Friendly,1,Comedy,139,98450000.0,2117.2043010752686,3
Feel the Beat,2020,"Comedy , Music , Drama",Elissa Down,English,,,75,Family Friendly,0,Comedy,107,,,3
Bao,2018,"Animation , Family , Fantasy , Drama , Comedy",Domee Shi,English,,,75,Family Friendly,1,Animation,8,,,5
A Chinese Odyssey Part One: Pandora's Box,1995,"Action , Adventure , Fantasy , Comedy , Romance , Drama",Jeffrey Lau Chun-Wai,Cantonese,,3237520.0,75,Adult,0,Action,88,,,6
Spielberg,2017,Documentary,Susan Lacy,English,,,75,Family Friendly,0,Documentary,147,,,1
Lou,2017,"Family , Fantasy , Animation , Comedy",Dave Mullins,English,,,75,Family Friendly,0,Family,6,,,4
Fury,2014,"War , Drama , Action",David Ayer,English,68000000.0,211817906.0,75,Adult,0,War,135,143817906.0,211.4969205882353,3
Barbie: Princess Charm School,2011,"Family , Animation , Fantasy",Ruth Handler,English,,,75,Family Friendly,0,Family,79,,,3
Let the Right One In,2008,"Horror, Drama",John Ajvide Lindqvist,Swedish,4000000.0,10785801.0,75,Adult,0,Horror,115,6785801.0,169.645025,2
Shaun of the Dead,2004,"Horror, Comedy",Edgar Wright,English,6000000.0,39396175.0,75,Adult,0,Horror,99,33396175.0,556.6029166666667,2
Spies in Disguise,2019,"Animation , Action , Adventure , Comedy , Family",Nick Bruno,English,100000000.0,171616764.0,75,Family Friendly,0,Animation,102,71616764.0,71.616764,5
The Wrestler,2008,"Drama, Romance",Darren Aronofsky,English,6000000.0,44734660.0,75,Adult,1,Drama,109,38734660.0,645.5776666666667,2
Au Hasard Balthazar,1966,Drama,Robert Bresson,French,,39388.0,75,Unknown,0,Drama,96,,,1
Drishyam,2015,"Mystery , Thriller , Drama",Nishikant Kamat,Hindi,4600000.0,18000000.0,75,Teen,0,Mystery,163,13400000.0,291.30434782608694,3
What We Do in the Shadows,2014,"Comedy, Horror",Jemaine Clement,English,1600000.0,6300000.0,75,Adult,0,Comedy,86,4700000.0,293.75,2
The Conjuring,2013,"Horror, Thriller",James Wan,English,13000000.0,321293998.0,75,Adult,0,Horror,112,308293998.0,2371.4922923076924,2
Redline,2009,"Animation , Action , Science Fiction",Takeshi Koike,Japanese,,,75,Unknown,0,Animation,102,,,3
Exit Through the Gift Shop,2010,Documentary,Banksy,English,,4790751.0,75,Adult,1,Documentary,86,,,1
Le Corbeau,1943,"Mystery , Drama , Thriller",Henri-Georges Clouzot,French,,,75,Unknown,0,Mystery,92,,,3
Inside Out 2,2024,"Animation , Adventure , Comedy , Family",Kelsey Mann,English,200000000.0,1698863816.0,75,Family Friendly,1,Animation,97,1498863816.0,749.431908,4
The Revenant,2015,"Western , Drama , Adventure",Alejandro G. Iñárritu,English,135000000.0,532950503.0,75,Adult,1,Western,157,397950503.0,294.7781503703704,3
"4 Months, 3 Weeks and 2 Days",2007,Drama,Cristian Mungiu,Romanian,852510.0,1185783.0,75,Adult,1,Drama,114,333273.0,39.093148467466655,1
Spartacus,1960,"History , Drama , Adventure",Stanley Kubrick,English,12000000.0,60000000.0,75,Teen,0,History,197,48000000.0,400.0,3
The Ghost and Mrs. Muir,1947,"Romance , Fantasy , Drama",Joseph L. Mankiewicz,English,,,75,Unknown,0,Romance,105,,,3
Who Framed Roger Rabbit,1988,"Fantasy , Animation , Comedy , Crime",Robert Zemeckis,English,50600000.0,351500000.0,75,Family Friendly,0,Fantasy,104,300900000.0,594.6640316205534,4
The Passion of the Christ,2004,Drama,Mel Gibson,English,30000000.0,610063468.0,75,Adult,0,Drama,127,580063468.0,1933.5448933333332,1
True Romance,1993,"Action , Crime , Romance",Tony Scott,English,12500000.0,12600000.0,75,Adult,0,Action,121,100000.0,0.8,3
The Danish Girl,2015,Drama,Tom Hooper,English,15000000.0,64200000.0,75,Adult,1,Drama,119,49200000.0,328.0,1
Captain Phillips,2013,"Action , Drama , Thriller",Paul Greengrass,English,55000000.0,218791811.0,75,Teen,1,Action,134,163791811.0,297.8032927272727,3
Mr. Deeds Goes to Town,1936,"Comedy , Drama , Romance",Frank Capra,English,,,75,Unknown,0,Comedy,115,,,3
Sling Blade,1996,Drama,Billy Bob Thornton,English,1200000.0,34100000.0,75,Adult,1,Drama,135,32900000.0,2741.6666666666665,1
Jules and Jim,1962,"Drama, Romance",François Truffaut,French,,,75,Unknown,0,Drama,106,,,2
Pandora,2016,"Thriller , Drama , Action",Park Jung-woo,Korean,13938145.0,30169000.0,75,Adult,0,Thriller,136,16230855.0,116.44917598432217,3
The Book of Life,2014,"Animation , Family , Fantasy",Jorge R. Gutierrez,English,50000000.0,97437106.0,75,Family Friendly,0,Animation,95,47437106.0,94.874212,3
Rurouni Kenshin Part I: Origins,2012,"Adventure , Action , Fantasy , War , History",Keishi Otomo,Japanese,,61700000.0,75,Teen,0,Adventure,134,,,5
"Ugly, Dirty and Bad",1976,"Comedy, Drama",Ettore Scola,Italian,,,75,Unknown,0,Comedy,115,,,2
The Girl with the Dragon Tattoo,2009,"Drama , Thriller , Crime , Mystery",Niels Arden Oplev,Swedish,13000000.0,109421911.0,75,Adult,1,Drama,152,96421911.0,741.7070076923077,4
My Left Foot: The Story of Christy Brown,1989,Drama,Jim Sheridan,English,645180.0,14743391.0,75,Adult,1,Drama,103,14098211.0,2185.159335379274,1
Midnight Cowboy,1969,Drama,John Schlesinger,English,3600000.0,44785053.0,75,Adult,1,Drama,113,41185053.0,1144.02925,1
The Philadelphia Story,1940,"Comedy, Romance",George Cukor,English,914000.0,3300000.0,75,Unknown,0,Comedy,113,2386000.0,261.05032822757113,2
"Good Bye, Lenin!",2003,"Comedy, Drama",Wolfgang Becker,German,4800000.0,79384880.0,75,Adult,0,Comedy,121,74584880.0,1553.8516666666667,2
Cold Eyes,2013,"Crime , Action , Thriller",Cho Ui-seok,Korean,,37795598.0,75,Teen,0,Crime,119,,,3
X-Men: Days of Future Past,2014,"Action , Adventure , Science Fiction",Simon Kinberg,English,250000000.0,748045700.0,75,Teen,0,Action,132,498045700.0,199.21828,3
Donnie Brasco,1997,"Crime , Drama , Thriller",Mike Newell,English,35000000.0,124909762.0,75,Adult,0,Crime,127,89909762.0,256.8850342857143,3
L'Avventura,1960,"Drama , Mystery , Romance",Michelangelo Antonioni,Italian,,,75,Unknown,0,Drama,144,,,3
Arthur the King,2024,"Adventure, Drama",Simon Cellan Jones,English,19000000.0,40829138.0,75,Teen,0,Adventure,107,21829138.0,114.8902,2
We Need to Talk About Kevin,2011,"Drama, Thriller",Lynne Ramsay,English,7000000.0,10800000.0,75,Adult,0,Drama,113,3800000.0,54.285714285714285,2
Grizzly Man,2005,Documentary,Werner Herzog,English,,,75,Adult,0,Documentary,103,,,1
Angels with Dirty Faces,1938,"Crime, Drama",Michael Curtiz,English,633000.0,1700000.0,75,Unknown,0,Crime,97,1067000.0,168.56240126382306,2
Evil Dead II,1987,"Horror , Comedy , Fantasy",Sam Raimi,English,3500000.0,5932279.0,75,Adult,0,Horror,84,2432279.0,69.49368571428572,3
Zodiac,2007,"Crime , Mystery , Thriller",David Fincher,English,65000000.0,84785914.0,75,Adult,0,Crime,157,19785914.0,30.439867692307693,3
Hotel Mumbai,2019,"Thriller , History , Drama , Action",Anthony Maras,English,25000000.0,16900000.0,75,Adult,0,Thriller,123,-8100000.0,-32.4,4
Italian Race,2016,Drama,Matteo Rovere,Italian,,2412312.0,75,Teen,0,Drama,119,,,1
PAW Patrol: Mighty Pups,2018,"Adventure , Animation , Family , Action",Unknown,English,,,75,Family Friendly,0,Adventure,44,,,4
The Seven Deadly Sins: Prisoners of the Sky,2018,"Action , Adventure , Fantasy , Animation",Yasuto Nishikata,Japanese,,3914227.0,75,Teen,0,Action,99,,,4
Silver Skates,2020,"Adventure , Drama , Romance , History , Crime , Family",Michael Lockshin,Russian,,7099734.0,75,Unknown,0,Adventure,136,,,6
The Crow,1994,"Fantasy , Action , Thriller",Alex Proyas,English,23000000.0,93722164.0,75,Adult,0,Fantasy,102,70722164.0,307.4876695652174,3
The Day of the Jackal,1973,"Action, Thriller",Fred Zinnemann,English,,16056255.0,75,Family Friendly,0,Action,143,,,2
The Tomorrow War,2021,"Action , Science Fiction , Adventure",Chris McKay,English,200000000.0,14400000.0,75,Teen,0,Action,138,-185600000.0,-92.8,3
Serpico,1973,"Crime , Drama , History",Sidney Lumet,English,3500000.0,30800000.0,75,Adult,1,Crime,129,27300000.0,780.0,3
The Holy Mountain,1973,Drama,Alejandro Jodorowsky,Spanish; Castilian,750000.0,96262.0,75,Adult,0,Drama,115,-653738.0,-87.16506666666666,1
"Synecdoche, New York",2008,Drama,Charlie Kaufman,English,20000000.0,4383538.0,75,Adult,1,Drama,124,-15616462.0,-78.08231,1
Training Day,2001,"Action , Crime , Drama",Antoine Fuqua,English,45000000.0,104900000.0,75,Adult,1,Action,122,59900000.0,133.11111111111111,3
Dolls,2002,"Drama, Romance",Takeshi Kitano,Japanese,,,75,Family Friendly,0,Drama,114,,,2
Me and Earl and the Dying Girl,2015,"Drama, Comedy",Jesse Andrews,English,,,75,Teen,0,Drama,105,,,2
The Round Up,2010,"Drama , History , War",Roselyne Bosch,French,20000000.0,25346148.0,75,Family Friendly,0,Drama,115,5346148.0,26.73074,3
The Consequences of Love,2004,"Drama, Thriller",Paolo Sorrentino,Italian,,,75,Family Friendly,0,Drama,100,,,2
Ninotchka,1939,"Comedy, Romance",Ernst Lubitsch,English,1365000.0,2279000.0,75,Unknown,0,Comedy,110,914000.0,66.95970695970696,2
Au Revoir les Enfants,1987,"Drama, War",Louis Malle,French,3000000.0,4542825.0,75,Family Friendly,0,Drama,105,1542825.0,51.4275,2
East of Eden,1955,Drama,Elia Kazan,English,,5000000.0,75,Family Friendly,1,Drama,115,,,1
Godzilla vs. Kong,2021,"Action , Science Fiction , Adventure",Adam Wingard,English,200000000.0,470116094.0,75,Teen,0,Action,114,270116094.0,135.058047,3
The Beatles: Eight Days a Week - The Touring Years,2016,"Documentary, Music",Ron Howard,English,,12283800.0,75,Unknown,0,Documentary,106,,,2
From Up on Poppy Hill,2011,"Animation, Drama",Goro Miyazaki,Japanese,22000000.0,61037844.0,75,Family Friendly,1,Animation,91,39037844.0,177.44474545454545,2
Kikujiro,1999,"Comedy, Drama",Takeshi Kitano,Japanese,,,75,Family Friendly,1,Comedy,121,,,2
Dark Waters,2019,"Drama, Thriller",Todd Haynes,English,20000000.0,13601384.0,75,Teen,0,Drama,127,-6398616.0,-31.99308,2
The Adventures of Pinocchio,1972,"Fantasy , Drama , Family , Comedy",Luigi Comencini,Italian,,,75,Unknown,0,Fantasy,135,,,4
The Hand of God,2021,Drama,Paolo Sorrentino,Italian,13050000.0,167909.0,75,Adult,0,Drama,130,-12882091.0,-98.71334099616858,1
The Wolf's Call,2019,"Thriller , Action , Adventure",Antonin Baudry,French,22400000.0,12652790.0,75,Teen,0,Thriller,116,-9747210.0,-43.51433035714286,3
Hard Boiled,1992,"Action , Thriller , Crime",John Woo,Cantonese,4500000.0,2592782.0,75,Unknown,0,Action,126,-1907218.0,-42.382622222222224,3
Moulin Rouge!,2001,"Drama , Romance , Music",Baz Luhrmann,English,52500000.0,179213434.0,75,Teen,1,Drama,128,126713434.0,241.3589219047619,3
Bianca,1984,"Drama , Comedy , Mystery",Nanni Moretti,Italian,,,75,Adult,0,Drama,96,,,3
The Man Who Copied,2003,"Comedy , Drama , Romance , Crime",Jorge Furtado,Portuguese,514059.0,24391.0,75,Teen,0,Comedy,123,-489668.0,-95.25521389568124,4
In Cold Blood,1967,"Crime , Drama , History",Richard Brooks,English,3500000.0,13007551.0,75,Adult,0,Crime,134,9507551.0,271.6443142857143,3
The Machinist,2004,"Thriller, Drama",Brad Anderson,English,5000000.0,8203235.0,75,Adult,0,Thriller,102,3203235.0,64.0647,2
Lady Vengeance,2005,"Drama, Thriller",Park Chan-wook,Korean,,23803308.0,75,Adult,0,Drama,115,,,2
The Seed of the Sacred Fig,2024,"Drama , Thriller , Crime",Mohammad Rasoulof,French,3000000.0,6501810.0,75,Teen,1,Drama,167,3501810.0,116.727,3
The Mandalorian and Grogu,2026,"Action , Adventure , Science Fiction",Jon Favreau,English,165000000.0,345166617.0,75,Teen,0,Action,132,180166617.0,109.19188909090909,3
Anonymously Yours,2021,"Drama, Romance",María Torres,Spanish; Castilian,,,75,Adult,0,Drama,101,,,2
The Body,2012,"Thriller, Mystery",Oriol Paulo,Spanish; Castilian,,,75,Family Friendly,0,Thriller,107,,,2
Seven Chances,1925,"Comedy, Romance",David Belasco,English,,,75,Unknown,0,Comedy,56,,,2
The Iron Claw,2023,"Drama, History",Sean Durkin,English,15900000.0,40130232.0,75,Adult,1,Drama,133,24230232.0,152.39139622641508,2
E.T. the Extra-Terrestrial,1982,"Adventure , Science Fiction , Family",Steven Spielberg,English,10500000.0,797307407.0,75,Family Friendly,1,Adventure,115,786807407.0,7493.403876190476,3
Souleymane's Story,2024,Drama,Boris Lojkine,French,,4399858.0,75,Unknown,1,Drama,94,,,1
No Other Choice,2025,"Comedy , Crime , Thriller",Park Chan-wook,Korean,12200000.0,40223568.0,75,Adult,1,Comedy,139,28023568.0,229.70137704918034,3
Winter Sleep,2014,Drama,Nuri Bilge Ceylan,Turkish,,4018705.0,75,Family Friendly,0,Drama,196,,,1
The Blue Umbrella,2013,"Animation, Romance",Saschka Unseld,English,,,75,Family Friendly,0,Animation,7,,,2
The Second Tragic Fantozzi,1976,Comedy,Paolo Villaggio,Italian,,,75,Unknown,0,Comedy,110,,,1
Menace II Society,1993,"Drama , Crime , Thriller",Allen Hughes,English,3500000.0,27900000.0,75,Adult,1,Drama,97,24400000.0,697.1428571428571,3
Bowling for Columbine,2002,"Documentary, Drama",Michael Moore,English,4000000.0,35564473.0,75,Adult,1,Documentary,120,31564473.0,789.111825,2
Teen Titans Go! vs. Teen Titans,2019,"Action , Animation , Comedy , Family , Fantasy , Science Fiction",Jack Kirby,English,,,75,Family Friendly,0,Action,77,,,6
The Flu,2013,"Action , Science Fiction , Thriller",Kim Sung-soo,Korean,,19775853.0,75,Adult,0,Action,122,,,3
All That Jazz,1979,Drama,Bob Fosse,English,12000000.0,37823676.0,75,Adult,0,Drama,123,25823676.0,215.1973,1
First Blood,1982,"Action , Thriller , Drama",Ted Kotcheff,English,15000000.0,125212904.0,75,Adult,0,Action,93,110212904.0,734.7526933333334,3
The Bad Guys,2022,"Action , Adventure , Animation , Comedy , Crime , Family",Pierre Perifel,English,80000000.0,250162278.0,75,Family Friendly,1,Action,100,170162278.0,212.7028475,6
Champions,2018,"Comedy , Family , Drama",Javier Fesser,Spanish; Castilian,4920975.0,20121318.0,75,Family Friendly,0,Comedy,124,15200343.0,308.8888482465365,3
Kung Fu Hustle,2004,"Action , Comedy , Crime , Fantasy",Stephen Chow,Cantonese,20000000.0,102034104.0,75,Adult,0,Action,99,82034104.0,410.17052,4
The Goonies,1985,"Adventure , Comedy , Family",Richard Donner,English,19000000.0,69649283.0,75,Family Friendly,0,Adventure,114,50649283.0,266.57517368421054,3
Fearless,2006,"Drama, Action",Ronny Yu,Chinese,,68072848.0,75,Teen,0,Drama,103,,,2
Paisan,1946,"Drama, War",Roberto Rossellini,Italian,,,75,Unknown,0,Drama,125,,,2
Lady Snowblood,1973,"Action , Crime , Drama",Toshiya Fujita,Japanese,,,75,Unknown,0,Action,97,,,3
Vengeance,2026,"Action, Thriller",Rodrigo Valdes,Spanish; Castilian,,,75,Adult,0,Action,103,,,2
Father There Is Only One 2,2020,"Comedy, Family",Santiago Segura,Spanish; Castilian,4000000.0,14871307.0,75,Unknown,0,Comedy,96,10871307.0,271.782675,2
The Shack,2017,"Drama, Family",Stuart Hazeldine,English,20000000.0,96942115.0,75,Teen,0,Drama,132,76942115.0,384.710575,2
Mind Game,2004,"Animation , Romance , Comedy , Drama , Fantasy , Adventure",Masaaki Yuasa,Japanese,,36613.0,75,Adult,1,Animation,103,,,6
How the Grinch Stole Christmas!,1966,"Animation , Family , Comedy",Chuck Jones,English,315000.0,,75,Family Friendly,0,Animation,25,,,3
Where Eagles Dare,1968,"Adventure, War",Alistair MacLean,English,7700000.0,21000000.0,75,Family Friendly,0,Adventure,155,13300000.0,172.72727272727272,2
Sonatine,1993,"Action , Crime , Thriller",Takeshi Kitano,Japanese,,58834.0,75,Adult,1,Action,94,,,3
Anatomy of a Fall,2023,"Thriller , Mystery , Crime",Justine Triet,French,6600000.0,36000000.0,75,Adult,1,Thriller,151,29400000.0,445.45454545454544,3
The Black Phone,2022,"Horror, Thriller",Scott Derrickson,English,16000000.0,161441914.0,75,Adult,0,Horror,103,145441914.0,909.0119625,2
Upgrade,2018,"Action , Thriller , Science Fiction",Leigh Whannell,English,3000000.0,16976561.0,75,Adult,0,Action,100,13976561.0,465.88536666666664,3
I Can Only Imagine,2018,"Music, Drama",Jon Erwin,English,7000000.0,86086881.0,75,Family Friendly,0,Music,110,79086881.0,1129.8125857142857,2
Somewhere in Time,1980,"Drama , Fantasy , Romance",Richard Matheson,English,5100000.0,,75,Family Friendly,0,Drama,103,,,3
My Policeman,2022,"Drama, Romance",Michael Grandage,English,,,75,Adult,0,Drama,113,,,2
Where the Crawdads Sing,2022,"Drama , Mystery , Romance",Olivia Newman,English,24000000.0,144353965.0,75,Teen,0,Drama,126,120353965.0,501.47485416666666,3
The Invisible Man,1933,"Horror, Science Fiction",James Whale,English,328000.0,27105.0,75,Unknown,0,Horror,71,-300895.0,-91.73628048780488,2
Bringing Up Baby,1938,"Comedy, Romance",Hagar Wilde,English,1073000.0,,75,Unknown,0,Comedy,102,,,2
Rogue One: A Star Wars Story,2016,"Action , Adventure , Science Fiction",George Lucas,English,200000000.0,1056057273.0,75,Teen,0,Action,133,856057273.0,428.0286365,3
Midnight in Paris,2011,"Fantasy , Comedy , Romance",Woody Allen,English,17000000.0,151119219.0,75,Teen,1,Fantasy,94,134119219.0,788.9365823529412,3
The Birds,1963,"Horror, Thriller",Alfred Hitchcock,English,2500000.0,11500000.0,75,Unknown,0,Horror,119,9000000.0,360.0,2
Sinners,2025,"Horror , Action , Thriller",Ryan Coogler,English,100000000.0,371368759.0,75,Adult,1,Horror,138,271368759.0,271.368759,3
Dogman,2018,"Crime , Drama , Thriller",Matteo Garrone,Italian,,5080147.0,75,Teen,0,Crime,103,,,3
BURN·E,2008,"Animation , Family , Comedy , Science Fiction",Angus MacLane,English,,,75,Family Friendly,0,Animation,8,,,4
Empire of the Sun,1987,"Drama , History , War",Steven Spielberg,English,35000000.0,66700000.0,75,Family Friendly,0,Drama,153,31700000.0,90.57142857142857,3
How to Steal a Million,1966,"Comedy , Crime , Romance",William Wyler,English,6400000.0,4400000.0,75,Unknown,0,Comedy,123,-2000000.0,-31.25,3
Life Itself,2014,Documentary,Steve James,English,,,75,Adult,0,Documentary,121,,,1
The Manchurian Candidate,1962,"Thriller, Drama",John Frankenheimer,English,2200000.0,7700000.0,75,Teen,0,Thriller,126,5500000.0,250.0,2
Rescued by Ruby,2022,"Family, Drama",Katt Shea,English,,,75,Family Friendly,0,Family,93,,,2
Balloon,2018,"Thriller , Drama , History",Michael Herbig,German,,11859396.0,75,Family Friendly,0,Thriller,125,,,3
The Call of the Wild,2020,"Adventure , Family , Drama",Chris Sanders,English,109000000.0,111200000.0,75,Family Friendly,0,Adventure,100,2200000.0,2.018348623853211,3
The Silence,1963,"Drama, Romance",Ingmar Bergman,Swedish,,,75,Teen,0,Drama,95,,,2
Night on Earth,1991,"Comedy, Drama",Jim Jarmusch,English,3500000.0,2015810.0,75,Adult,1,Comedy,129,-1484190.0,-42.40542857142857,2
The Wild Pear Tree,2018,Drama,Nuri Bilge Ceylan,Turkish,,,75,Teen,0,Drama,188,,,1
The Great Beauty,2013,Drama,Paolo Sorrentino,Italian,9200000.0,24930592.0,75,Teen,1,Drama,142,15730592.0,170.9846956521739,1
Peppermint Candy,2000,Drama,Lee Chang-dong,Korean,,,75,Adult,0,Drama,131,,,1
I Can't Think Straight,2008,"Drama, Romance",Shamim Sarif,English,,40945.0,75,Teen,0,Drama,82,,,2
The Castle of Cagliostro,1979,"Animation , Adventure , Comedy , Crime",Hayao Miyazaki,Japanese,7202188.0,8194857.0,75,Family Friendly,1,Animation,102,992669.0,13.782880980057726,4
Control,2007,Drama,Anton Corbijn,English,5000000.0,8200000.0,75,Adult,0,Drama,122,3200000.0,64.0,1
Kedi,2017,Documentary,Ceyda Torun,English,,5037923.0,75,Unknown,0,Documentary,79,,,1
Indie Game: The Movie,2012,"Documentary, Drama",James Swirsky,English,,,75,Unknown,0,Documentary,103,,,2
Black Narcissus,1947,Drama,Michael Powell,English,1200000.0,,75,Unknown,1,Drama,100,,,1
"It's the Great Pumpkin, Charlie Brown",1966,"Family , Animation , TV Movie , Comedy",Bill Melendez,English,,,75,Family Friendly,0,Family,25,,,4
Hero,2002,"Drama , Adventure , Action , History",Zhang Yimou,Chinese,31000000.0,177394432.0,75,Teen,0,Drama,99,146394432.0,472.2401032258065,4
The Man Who Wasn't There,2001,"Crime, Drama",Joel Coen,English,20000000.0,18918721.0,75,Adult,1,Crime,116,-1081279.0,-5.406395,2
Escape from Alcatraz,1979,"Drama, Thriller",Don Siegel,English,8000000.0,43004381.0,75,Family Friendly,0,Drama,113,35004381.0,437.5547625,2
A Perfect World,1993,"Drama , Crime , Thriller",Clint Eastwood,English,30000000.0,135100000.0,75,Teen,0,Drama,138,105100000.0,350.3333333333333,3
No Man's Land,2001,"Action , History , War",Danis Tanović,Bosnian,1012153.0,4858869.0,75,Adult,1,Action,98,3846716.0,380.05281810161114,3
Sabrina,1954,"Comedy , Romance , Drama",Billy Wilder,English,2239000.0,10000000.0,75,Unknown,1,Comedy,114,7761000.0,346.6279589102278,3
Bride of Frankenstein,1935,"Horror, Science Fiction",James Whale,English,393750.0,2000000.0,75,Unknown,0,Horror,75,1606250.0,407.93650793650795,2
Letters from Iwo Jima,2006,"Action , Drama , War",Iris Yamashita,English,19000000.0,68673228.0,75,Adult,1,Action,141,49673228.0,261.43804210526315,3
Almost Famous,2000,"Drama, Music",Cameron Crowe,English,60000000.0,47386287.0,75,Adult,1,Drama,124,-12613713.0,-21.022855,2
My Dinner with Andre,1981,"Drama, Comedy",Louis Malle,English,475000.0,5250000.0,75,Family Friendly,0,Drama,112,4775000.0,1005.2631578947369,2
Gaslight,1944,"Thriller , Drama , Mystery , Crime",George Cukor,English,2068000.0,,75,Teen,1,Thriller,114,,,4
Mission: Impossible - Dead Reckoning Part One,2023,"Action , Adventure , Thriller",Christopher McQuarrie,English,220000000.0,571125435.0,75,Teen,1,Action,164,351125435.0,159.60247045454545,3
One Piece Film: Z,2012,"Animation , Fantasy , Action , Adventure",Tatsuya Nagamine,Japanese,,74223861.0,75,Teen,0,Animation,108,,,4
Batman: Mask of the Phantasm,1993,"Animation , Crime , Mystery",Alan Burnett,English,6000000.0,5617391.0,75,Family Friendly,0,Animation,76,-382609.0,-6.376816666666667,3
Beauty and the Beast,1946,"Drama , Fantasy , Romance",Jean Cocteau,French,,,75,Unknown,0,Drama,96,,,3
Sorry If I Call You Love,2014,"Romance, Drama",Joaquín Llamas,Spanish; Castilian,,,75,Family Friendly,0,Romance,105,,,2
The Good Lie,2014,Drama,Philippe Falardeau,English,20000000.0,3396345.0,75,Teen,0,Drama,110,-16603655.0,-83.018275,1
My Little Pony: Equestria Girls,2013,"Animation , Comedy , Family , Fantasy , Music",Lauren Faust,English,,485232.0,75,Family Friendly,0,Animation,72,,,5
Hercules,1997,"Animation , Family , Fantasy , Adventure , Comedy , Romance",John Musker,English,85000000.0,252712101.0,75,Family Friendly,1,Animation,93,167712101.0,197.30835411764707,6
In Bruges,2008,"Comedy , Drama , Crime",Martin McDonagh,English,15000000.0,34533783.0,75,Adult,1,Comedy,108,19533783.0,130.22522,3
The Magnificent Seven,1960,"Western , Action , Adventure , Drama",John Sturges,English,2000000.0,19500000.0,75,Unknown,0,Western,128,17500000.0,875.0,4
About Fate,2022,"Romance, Comedy",Maryus  Vaysberg,English,,504843.0,75,Adult,0,Romance,99,,,2
The Thin Man,1934,"Comedy , Mystery , Crime",W.S. Van Dyke,English,226408.0,1423000.0,75,Unknown,0,Comedy,91,1196592.0,528.511360022614,3
Walk the Line,2005,"Drama , Music , Romance",James Mangold,English,28000000.0,186800000.0,75,Teen,1,Drama,136,158800000.0,567.1428571428571,3
Ghostbusters,1984,"Comedy, Fantasy",Ivan Reitman,English,30000000.0,296640120.0,75,Family Friendly,0,Comedy,105,266640120.0,888.8004,2
The Conversation,1974,"Crime , Drama , Mystery",Francis Ford Coppola,English,1600000.0,4794457.0,75,Family Friendly,0,Crime,115,3194457.0,199.6535625,3
"One, Two, Three",1961,Comedy,Billy Wilder,English,3000000.0,4000000.0,75,Unknown,0,Comedy,109,1000000.0,33.333333333333336,1
"Miraculous World: London, at the Edge of Time",2024,"Animation , Family , Action , Adventure , Fantasy",Thomas Astruc,French,,,75,Family Friendly,0,Animation,50,,,5
The Asphalt Jungle,1950,"Crime, Drama",John Huston,English,1232000.0,,75,Family Friendly,0,Crime,113,,,2
My Cousin Vinny,1992,"Comedy, Drama",Jonathan Lynn,English,11000000.0,64088552.0,75,Adult,0,Comedy,119,53088552.0,482.6232,2
Before Midnight,2013,"Romance, Drama",Richard Linklater,English,3000000.0,11176469.0,75,Adult,0,Romance,109,8176469.0,272.5489666666667,2
Men of Honor,2000,Drama,George Tillman Jr.,English,32000000.0,82300000.0,75,Adult,0,Drama,129,50300000.0,157.1875,1
The Name of the Rose,1986,"Drama , Thriller , Mystery",Jean-Jacques Annaud,English,18000000.0,77200000.0,75,Adult,0,Drama,130,59200000.0,328.8888888888889,3
After Hours,1985,"Comedy , Thriller , Drama",Martin Scorsese,English,4500000.0,10609321.0,75,Adult,1,Comedy,97,6109321.0,135.7626888888889,3
A Grand Day Out,1990,"Family , Animation , Comedy , Science Fiction , Adventure",Nick Park,English,17300.0,40118.0,75,Family Friendly,0,Family,24,22818.0,131.89595375722544,5
Head-On,2004,"Drama, Romance",Fatih Akin,German,,11030861.0,75,Family Friendly,0,Drama,122,,,2
Back to the Future Part III,1990,"Adventure , Comedy , Science Fiction",Robert Zemeckis,English,40000000.0,244527583.0,75,Family Friendly,0,Adventure,119,204527583.0,511.3189575,3
Tell It to the Bees,2019,"Romance, Drama",Annabel Jankel,English,,,75,Unknown,0,Romance,106,,,2
All Three of Us,2015,"Drama, Comedy",Kheiron,French,,,75,Family Friendly,0,Drama,102,,,2
The Fallout,2021,Drama,Megan Park,English,,,75,Adult,0,Drama,96,,,1
Boyhood,2014,Drama,Richard Linklater,English,4000000.0,48137666.0,75,Adult,1,Drama,165,44137666.0,1103.44165,1
Mulan: Rise of a Warrior,2009,"Adventure , Drama , Action",Jingle Ma Choh-Sing,Chinese,12000000.0,13380561.0,75,Unknown,0,Adventure,115,1380561.0,11.504675,3
Shadow of a Doubt,1943,"Thriller , Mystery , Crime",Alfred Hitchcock,English,,,75,Family Friendly,0,Thriller,107,,,3
To All the Boys: Always and Forever,2021,"Romance , Comedy , Drama",Michael Fimognari,English,,,75,Teen,1,Romance,114,,,3
The Greatest Beer Run Ever,2022,"Drama , Comedy , War",Peter Farrelly,English,2800000.0,,75,Adult,0,Drama,127,,,3
Instant Family,2018,"Comedy, Drama",Sean Anders,English,48000000.0,121000000.0,75,Teen,0,Comedy,118,73000000.0,152.08333333333334,2
The Book Thief,2013,Drama,Brian Percival,English,19000000.0,76586316.0,75,Teen,0,Drama,131,57586316.0,303.0858736842105,1
Devdas,2002,"Drama, Romance",Sanjay Leela Bhansali,Hindi,6663555.0,13311117.0,75,Family Friendly,0,Drama,185,6647562.0,99.75999297672189,2
Buena Vista Social Club,1999,"Documentary, Music",Wim Wenders,English,,,75,Family Friendly,0,Documentary,105,,,2
The French Connection,1971,"Action , Crime , Thriller",William Friedkin,English,1800000.0,41200000.0,75,Adult,1,Action,104,39400000.0,2188.8888888888887,3
Our Hospitality,1923,"Comedy , Romance , Thriller",John G. Blystone,English,,,75,Unknown,0,Comedy,73,,,3
Bonnie and Clyde,1967,"Crime, Drama",Arthur Penn,English,2500000.0,70000000.0,75,Adult,1,Crime,111,67500000.0,2700.0,2
Johnny Got His Gun,1971,"War, Drama",Dalton Trumbo,English,1000000.0,,75,Family Friendly,0,War,112,,,2
Bāhubali 2: The Conclusion,2017,"Action , Adventure , Fantasy",S. S. Rajamouli,Telugu,31000000.0,280700000.0,75,Unknown,0,Action,167,249700000.0,805.483870967742,3
A Star Is Born,2018,"Music , Drama , Romance",Bradley Cooper,English,36000000.0,436388866.0,75,Adult,1,Music,136,400388866.0,1112.1912944444443,3
Glory,1989,"Drama , History , War",Edward Zwick,English,18000000.0,26800000.0,75,Adult,0,Drama,122,8800000.0,48.888888888888886,3
Band of Outsiders,1964,"Crime , Drama , Comedy",Jean-Luc Godard,French,120000.0,182857.0,75,Unknown,0,Crime,97,62857.0,52.380833333333335,3
The Man Who Would Be King,1975,"Adventure, Drama",John Huston,English,8000000.0,12678.0,75,Family Friendly,0,Adventure,129,-7987322.0,-99.841525,2
Work It,2020,"Comedy, Music",Laura Terruso,English,,,75,Teen,0,Comedy,93,,,2
Deadpool 2,2018,"Action , Comedy , Adventure",David Leitch,English,110000000.0,785896632.0,75,Adult,0,Action,120,675896632.0,614.4514836363636,3
Thesis,1996,"Horror, Thriller",Alejandro Amenábar,Spanish; Castilian,,2647055.0,75,Adult,0,Horror,125,,,2
The Rules of the Game,1939,"Drama , Comedy , Romance",Jean Renoir,French,8850000.0,273520.0,75,Unknown,0,Drama,110,-8576480.0,-96.90937853107344,3
I Lost My Body,2019,"Animation , Drama , Fantasy",Jérémy Clapin,French,,,75,Family Friendly,0,Animation,81,,,3
BlacKkKlansman,2018,"Crime , Comedy , Drama , History",Spike Lee,English,15000000.0,93411426.0,75,Adult,1,Crime,136,78411426.0,522.74284,4
"McFarland, USA",2015,"Drama, Family",Niki Caro,English,17200000.0,45710059.0,75,Family Friendly,0,Drama,128,28510059.0,165.7561569767442,2
"Oslo, August 31st",2011,Drama,Joachim Trier,Norwegian,,1481665.0,75,Unknown,0,Drama,95,,,1
Memories,1995,"Fantasy , Animation , Science Fiction",Katsuhiro Otomo,Japanese,,,75,Teen,1,Fantasy,113,,,3
For the Birds,2000,"Animation , Family , Comedy",Ralph Eggleston,English,,,75,Family Friendly,1,Animation,4,,,3
The Wave,2008,"Drama, Thriller",Dennis Gansel,German,7500000.0,32350637.0,75,Family Friendly,0,Drama,107,24850637.0,331.3418266666667,2
The Fugitive,1993,"Action , Thriller , Drama",David Twohy,English,44000000.0,368875760.0,75,Teen,0,Action,131,324875760.0,738.354,3
Rebel Without a Cause,1955,Drama,Nicholas Ray,English,1500000.0,4500000.0,75,Teen,1,Drama,111,3000000.0,200.0,1
Fatherhood,2021,"Drama, Comedy",Paul Weitz,English,,,75,Teen,0,Drama,109,,,2
The Innocents,1961,"Horror , Mystery , Drama",Jack Clayton,English,430000.0,1200000.0,75,Unknown,0,Horror,100,770000.0,179.06976744186048,3
Shang-Chi and the Legend of the Ten Rings,2021,"Action , Adventure , Fantasy",Destin Daniel Cretton,English,150000000.0,432243292.0,75,Teen,0,Action,132,282243292.0,188.16219466666666,3
The Bourne Identity,2002,"Action , Mystery , Thriller",Doug Liman,English,60000000.0,214034224.0,75,Teen,0,Action,119,154034224.0,256.72370666666666,3
The Double Life of Véronique,1991,"Drama, Fantasy",Krzysztof Kieślowski,French,,1999955.0,75,Adult,0,Drama,98,,,2
Dawn of the Dead,1978,"Horror, Science Fiction",George A. Romero,English,640000.0,55000000.0,75,Unknown,0,Horror,127,54360000.0,8493.75,2
Eyes Wide Shut,1999,"Drama , Thriller , Mystery",Stanley Kubrick,English,65000000.0,162100000.0,75,Adult,0,Drama,159,97100000.0,149.3846153846154,3
Paddington 2,2017,"Adventure , Comedy , Family",Paul King,English,40000000.0,290132513.0,75,Family Friendly,0,Adventure,104,250132513.0,625.3312825,3
Carol,2015,"Romance, Drama",Todd Haynes,English,11800000.0,40272135.0,75,Adult,1,Romance,118,28472135.0,241.28927966101696,2
Scott Pilgrim vs. the World,2010,"Action , Comedy , Romance",Edgar Wright,English,73000000.0,51825248.0,75,Teen,0,Action,113,-21174752.0,-29.006509589041094,3
Operation Y and Other Shurik's Adventures,1965,Comedy,Leonid Gaidai,Russian,,,75,Family Friendly,0,Comedy,95,,,1
The 36th Chamber of Shaolin,1978,"Action, Adventure",Lau Kar-leung,Chinese,,,75,Adult,0,Action,116,,,2
The Great Silence,1968,"Western, Drama",Sergio Corbucci,Italian,,500000.0,75,Unknown,0,Western,107,,,2
Kung Fury,2015,"Action , Comedy , Science Fiction , Fantasy",David Sandberg,English,630019.0,,75,Unknown,0,Action,32,,,4
Sidewalls,2011,"Drama, Romance",Gustavo Taretto,Spanish; Castilian,11000000.0,2140.0,75,Teen,0,Drama,94,-10997860.0,-99.98054545454545,2
You Can't Take It with You,1938,"Comedy, Romance",Frank Capra,English,1640000.0,7433101.0,75,Unknown,0,Comedy,126,5793101.0,353.23786585365855,2
Barbie as The Princess & the Pauper,2004,"Animation , Family , Comedy",Ruth Handler,English,,,75,Family Friendly,0,Animation,86,,,3
Veer-Zaara,2004,"Drama, Romance",Aditya Chopra,Hindi,7000000.0,29385320.0,75,Family Friendly,0,Drama,192,22385320.0,319.7902857142857,2
Tuner,2026,"Crime , Drama , Thriller",Daniel Roher,English,7000000.0,13505364.0,75,Adult,0,Crime,108,6505364.0,92.93377142857143,3
Custody,2018,"Drama, Thriller",Xavier Legrand,French,,81455.0,75,Family Friendly,0,Drama,93,,,2
Prison Break: The Final Break,2009,"Action , Drama , Thriller",Kevin Hooks,English,,,75,Teen,0,Action,89,,,3
My Fair Lady,1964,"Comedy , Romance , Music",George Cukor,English,17000000.0,72661442.0,75,Family Friendly,0,Comedy,173,55661442.0,327.4202470588235,3
Waking Life,2001,"Animation , Drama , Fantasy",Richard Linklater,English,2000000.0,3176880.0,75,Adult,0,Animation,101,1176880.0,58.844,3
Willy Wonka & the Chocolate Factory,1971,"Family , Fantasy , Comedy",Mel Stuart,English,3000000.0,2361799.0,75,Family Friendly,0,Family,100,-638201.0,-21.273366666666668,3
The Skin I Live In,2011,"Drama , Horror , Mystery , Thriller",Pedro Almodóvar,Spanish; Castilian,13000000.0,33750478.0,75,Adult,1,Drama,120,20750478.0,159.61906153846155,4
Brother,1997,"Crime , Drama , Action",Aleksei Balabanov,Russian,10000.0,1360000.0,75,Adult,0,Crime,96,1350000.0,13500.0,3
The Devil's Advocate,1997,"Horror , Drama , Mystery",Taylor Hackford,English,57000000.0,153000000.0,75,Adult,0,Horror,144,96000000.0,168.42105263157896,3
Ed Wood,1994,"Comedy , Drama , History",Tim Burton,English,18000000.0,5900000.0,75,Adult,1,Comedy,127,-12100000.0,-67.22222222222223,3
Breathless,1960,"Drama , Crime , Romance",Jean-Luc Godard,French,80000.0,,75,Unknown,0,Drama,90,,,3
The Incredible Shrinking Man,1957,"Science Fiction , Adventure , Horror",Richard Matheson,English,750000.0,,75,Unknown,0,Science Fiction,81,,,3
Days of Heaven,1978,"Drama, Romance",Terrence Malick,English,3000000.0,3700000.0,75,Family Friendly,0,Drama,94,700000.0,23.333333333333332,2
Adam's Apples,2005,"Drama , Comedy , Crime",Anders Thomas Jensen,Danish,3700000.0,,75,Adult,0,Drama,95,,,3
Spread Your Wings,2019,"Adventure, Family",Nicolas Vanier,French,,12703596.0,75,Family Friendly,0,Adventure,113,,,2
RBG,2018,Documentary,Betsy West,English,,2002767.0,75,Family Friendly,0,Documentary,98,,,1
The Favourite,2018,"History , Comedy , Drama",Yorgos Lanthimos,English,15000000.0,95918706.0,75,Adult,1,History,120,80918706.0,539.45804,3
The Last: Naruto the Movie,2014,"Action , Romance , Animation",Tsuneo Kobayashi,Japanese,750000.0,19840000.0,75,Teen,0,Action,114,19090000.0,2545.3333333333335,3
L'Atalante,1934,"Comedy , Drama , Romance",Jean Vigo,French,,,75,Unknown,0,Comedy,88,,,3
About Elly,2009,Drama,Asghar Farhadi,Persian,,,75,Unknown,0,Drama,119,,,1
District 9,2009,Science Fiction,Neill Blomkamp,English,30000000.0,210888950.0,75,Adult,0,Science Fiction,112,180888950.0,602.9631666666667,1
Peaceful Warrior,2006,Drama,Victor Salva,English,,,75,Teen,0,Drama,120,,,1
Breaking the Waves,1996,"Drama, Romance",Lars von Trier,Danish,7500000.0,23000000.0,75,Adult,1,Drama,159,15500000.0,206.66666666666666,2
C.R.A.Z.Y.,2005,"Comedy, Drama",Jean-Marc Vallée,French,,3692417.0,75,Unknown,1,Comedy,126,,,2
"Cyrano, My Love",2018,"Comedy, History",Alexis Michalik,French,9208475.0,,75,Adult,0,Comedy,113,,,2
Only the Brave,2017,"Drama, History",Joseph Kosinski,English,38000000.0,25754775.0,75,Teen,0,Drama,133,-12245225.0,-32.224276315789474,2
Once Upon a Time in Anatolia,2011,"Drama, Crime",Nuri Bilge Ceylan,Turkish,,138730.0,75,Family Friendly,0,Drama,163,,,2
Phantom of the Paradise,1974,"Comedy , Drama , Horror , Music",Brian De Palma,English,1300000.0,250000.0,75,Family Friendly,0,Comedy,92,-1050000.0,-80.76923076923077,4
Birdman of Alcatraz,1962,"Drama , Crime , History",John Frankenheimer,English,2650000.0,3100000.0,75,Unknown,0,Drama,147,450000.0,16.9811320754717,3
The Insult,2017,"Drama, Crime",Ziad Doueiri,French,3000000.0,1001305.0,75,Family Friendly,0,Drama,112,-1998695.0,-66.62316666666666,2
The Best of Me,2014,"Drama, Romance",Michael Hoffman,English,26000000.0,35926213.0,75,Teen,0,Drama,117,9926213.0,38.177742307692306,2
The Secret Life of Bees,2008,"Family , Adventure , Drama",Gina Prince-Bythewood,English,11000000.0,39952437.0,75,Teen,0,Family,114,28952437.0,263.20397272727274,3
Gilda,1946,"Romance , Drama , Thriller",Charles Vidor,English,2000000.0,6000000.0,75,Unknown,0,Romance,110,4000000.0,200.0,3
Lucky Number Slevin,2006,"Drama , Thriller , Crime , Mystery",Paul McGuigan,English,27000000.0,56300000.0,75,Adult,0,Drama,110,29300000.0,108.51851851851852,4
Disclosure Day,2026,"Science Fiction, Thriller",Steven Spielberg,English,115000000.0,241186430.0,75,Teen,1,Science Fiction,146,126186430.0,109.72733043478262,2
The Quiet Girl,2022,Drama,Colm Bairéad,Irish,,6.0,75,Family Friendly,0,Drama,95,,,1
The Beasts,2022,"Thriller, Drama",Rodrigo Sorogoyen,French,3900000.0,10238603.0,75,Unknown,1,Thriller,138,6338603.0,162.52828205128205,2
The White Ribbon,2009,"Drama, Mystery",Michael Haneke,German,21555450.0,11652157.0,75,Adult,1,Drama,144,-9903293.0,-45.9433368359278,2
Encounters at the End of the World,2007,Documentary,Werner Herzog,English,,,75,Family Friendly,0,Documentary,99,,,1
The Two Popes,2019,"Drama, History",Fernando Meirelles,English,,232638.0,75,Teen,0,Drama,125,,,2
The Seventh Continent,1989,Drama,Michael Haneke,German,,,75,Adult,0,Drama,107,,,1
This Is England,2007,"Drama, Crime",Shane Meadows,English,2380000.0,8176544.0,75,Unknown,0,Drama,102,5796544.0,243.55226890756302,2
My Darling Clementine,1946,Western,John Ford,English,2000000.0,2750000.0,75,Teen,0,Western,97,750000.0,37.5,1
"Live Twice, Love Once",2019,"Comedy, Drama",María Ripoll,Spanish; Castilian,1450000.0,368430.0,75,Unknown,0,Comedy,101,-1081570.0,-74.59103448275862,2
The Book of Henry,2017,"Drama , Thriller , Mystery",Colin Trevorrow,English,10000000.0,4596705.0,75,Teen,0,Drama,105,-5403295.0,-54.03295,3
When the Wind Blows,1986,"Animation , War , Drama",Jimmy T. Murakami,English,,5274.0,75,Family Friendly,0,Animation,84,,,3
Star Wars: Episode III - Revenge of the Sith,2005,"Adventure , Action , Science Fiction",George Lucas,English,113000000.0,850000000.0,75,Teen,1,Adventure,140,737000000.0,652.212389380531,3
The Adventures of Robin Hood,1938,"Adventure , Romance , Action",Michael Curtiz,English,2033000.0,3981000.0,75,Family Friendly,0,Adventure,102,1948000.0,95.81898671913429,3
Sorcerer,1977,"Thriller, Adventure",William Friedkin,English,22000000.0,9000000.0,75,Family Friendly,0,Thriller,122,-13000000.0,-59.09090909090909,2
Key Largo,1948,"Crime, Thriller",John Huston,English,,,75,Unknown,0,Crime,100,,,2
Oceans,2010,"Documentary , Family , Drama",Jacques Perrin,English,80000000.0,83090556.0,75,Family Friendly,0,Documentary,104,3090556.0,3.863195,3
Mars Express,2023,"Animation , Science Fiction , Thriller",Jérémie Périn,French,7900000.0,1455713.0,75,Unknown,0,Animation,89,-6444287.0,-81.57325316455696,3
Kuch Kuch Hota Hai,1998,"Romance , Drama , Comedy",Karan Johar,Hindi,2420000.0,25690000.0,75,Family Friendly,0,Romance,185,23270000.0,961.5702479338843,3
The Killing Fields,1984,"Drama , History , War",Roland Joffé,English,14400000.0,34700291.0,75,Adult,1,Drama,142,20300291.0,140.97424305555555,3
The Wolf and the Lion,2021,"Family , Adventure , Drama",Gilles de Maistre,English,11900000.0,15300000.0,75,Family Friendly,0,Family,99,3400000.0,28.571428571428573,3
The Call,2020,"Thriller , Mystery , Science Fiction",Lee Chung-hyun,Korean,,,75,Unknown,0,Thriller,112,,,3
The Verdict,1982,Drama,Sidney Lumet,English,16000000.0,53977250.0,75,Adult,0,Drama,129,37977250.0,237.3578125,1
Home Alone,1990,"Comedy, Family",Chris Columbus,English,18000000.0,476684675.0,75,Family Friendly,0,Comedy,103,458684675.0,2548.2481944444444,2
The Age of Adaline,2015,"Romance , Fantasy , Drama",Salvador Paskowitz,English,25000000.0,65663276.0,75,Teen,0,Romance,112,40663276.0,162.653104,3
Kal Ho Naa Ho,2003,"Comedy , Drama , Romance",Karan Johar,Hindi,,13214520.0,75,Family Friendly,0,Comedy,187,,,3
"I, Tonya",2017,"Drama, Comedy",Craig Gillespie,English,11000000.0,53900000.0,75,Adult,1,Drama,120,42900000.0,390.0,2
Man on Fire,2004,"Action , Drama , Thriller",Tony Scott,English,70000000.0,130300000.0,75,Adult,0,Action,146,60300000.0,86.14285714285714,3
Sympathy for Mr. Vengeance,2002,"Action , Drama , Thriller",Park Chan-wook,Korean,4000000.0,1954937.0,75,Adult,0,Action,129,-2045063.0,-51.126575,3
Ocean's Eleven,2001,"Thriller, Crime",Steven Soderbergh,English,85000000.0,450717150.0,75,Teen,0,Thriller,116,365717150.0,430.2554705882353,2
The Lighthouse,2019,"Drama , Fantasy , Thriller",Robert Eggers,English,11000000.0,18262464.0,75,Adult,1,Drama,109,7262464.0,66.0224,3
Still Alice,2014,Drama,Wash Westmoreland,English,5000000.0,44779195.0,75,Teen,1,Drama,101,39779195.0,795.5839,1
That's Life,1998,Comedy,Giacomo Poretti,Italian,,,75,Teen,0,Comedy,108,,,1
Suspiria,1977,Horror,Dario Argento,Italian,,2900000.0,75,Adult,0,Horror,99,,,1
Frankenstein,1931,"Drama , Horror , Science Fiction",James Whale,English,291000.0,12000000.0,75,Family Friendly,0,Drama,70,11709000.0,4023.7113402061855,3
The Banshees of Inisherin,2022,"Drama, Comedy",Martin McDonagh,English,20000000.0,49300000.0,75,Adult,1,Drama,114,29300000.0,146.5,2
Toy Story 4,2019,"Family , Comedy , Animation , Adventure",Josh Cooley,English,175000000.0,1073841394.0,75,Family Friendly,1,Family,100,898841394.0,513.6236537142858,4
Still Life,2013,Drama,Uberto Pasolini,English,,,75,Teen,0,Drama,92,,,1
The Insider,1999,"Drama, Thriller",Michael Mann,English,90000000.0,60300000.0,75,Adult,0,Drama,158,-29700000.0,-33.0,2
Three Wishes for Cinderella,1973,"Fantasy , Family , Romance",Václav Vorlíček,Czech,580000.0,,75,Unknown,0,Fantasy,82,,,3
Barton Fink,1991,"Comedy , Drama , Thriller",Ethan Coen,English,9000000.0,6153939.0,75,Adult,0,Comedy,117,-2846061.0,-31.6229,3
Sin City,2005,"Crime, Thriller",Frank Miller,English,40000000.0,158733820.0,75,Adult,0,Crime,124,118733820.0,296.83455,2
John Wick,2014,"Action, Thriller",Chad Stahelski,English,20000000.0,86085191.0,75,Adult,0,Action,101,66085191.0,330.425955,2
The Phantom of Liberty,1974,Comedy,Luis Buñuel,French,,6749.0,75,Unknown,0,Comedy,104,,,1
Apollo 13,1995,"Drama, History",Ron Howard,English,52000000.0,355237933.0,75,Family Friendly,1,Drama,140,303237933.0,583.1498711538461,2
Splendor in the Grass,1961,"Drama, Romance",Elia Kazan,English,,,75,Unknown,0,Drama,124,,,2
Sentimental Value,2025,"Drama, Comedy",Joachim Trier,Norwegian,7800000.0,23883986.0,75,Adult,1,Drama,133,16083986.0,206.20494871794872,2
Tad the Lost Explorer and the Emerald Tablet,2022,"Animation , Adventure , Family , Comedy , Fantasy",Enrique Gato,Spanish; Castilian,11983950.0,32800000.0,75,Unknown,0,Animation,89,20816050.0,173.6994062892452,5
Mirage,2018,"Thriller , Drama , Mystery , Fantasy",Oriol Paulo,Spanish; Castilian,,17325485.0,75,Adult,0,Thriller,129,,,4
Hidden Kisses,2016,"Drama , Romance , TV Movie",Didier Bivel,French,,,75,Family Friendly,0,Drama,87,,,3
Boruto: Naruto the Movie,2015,"Adventure , Action , Animation , Comedy , Fantasy",Masashi Kishimoto,Japanese,,38362448.0,75,Teen,0,Adventure,95,,,5
A Christmas Carol,1984,"Drama , Fantasy , TV Movie , Family",Clive Donner,English,,,75,Family Friendly,0,Drama,101,,,4
The Reader,2008,"Drama, Romance",Stephen Daldry,English,32000000.0,108902486.0,75,Adult,1,Drama,124,76902486.0,240.32026875,2
Hannah and Her Sisters,1986,"Comedy, Drama",Woody Allen,English,6400000.0,40084041.0,75,Teen,0,Comedy,107,33684041.0,526.313140625,2
Badlands,1974,"Drama , Romance , Crime",Terrence Malick,English,300000.0,,75,Teen,0,Drama,94,,,3
Volver,2006,"Comedy , Drama , Romance",Pedro Almodóvar,Spanish; Castilian,9400000.0,85605851.0,75,Adult,1,Comedy,121,76205851.0,810.7005425531914,3
The Valet,2022,"Comedy, Romance",Richard Wong,English,,,75,Teen,0,Comedy,123,,,2
Ip Man 2,2010,"Action , History , Drama",Wilson Yip,Cantonese,12900000.0,36000000.0,75,Adult,0,Action,108,23100000.0,179.06976744186048,3
The Legend of Drunken Master,1994,"Action, Comedy",Lau Kar-leung,Cantonese,10000000.0,34300528.0,75,Adult,0,Action,102,24300528.0,243.00528,2
The Social Dilemma,2020,"Documentary, Drama",Jeff Orlowski,English,,,75,Teen,0,Documentary,94,,,2
Sweet Bean,2015,Drama,Naomi Kawase,Japanese,,124518.0,75,Family Friendly,0,Drama,113,,,1
Peeping Tom,1960,"Horror , Thriller , Crime",Michael Powell,English,150000.0,83957.0,75,Unknown,0,Horror,101,-66043.0,-44.028666666666666,3
The Discreet Charm of the Bourgeoisie,1972,Comedy,Luis Buñuel,French,800000.0,103230.0,75,Family Friendly,0,Comedy,101,-696770.0,-87.09625,1
Wallace & Gromit: Vengeance Most Fowl,2024,"Animation , Adventure , Comedy , Science Fiction , Family",Nick Park,English,,191452.0,75,Family Friendly,1,Animation,79,,,5
Fist of Legend,1994,Action,Gordon Chan,Chinese,1900000.0,1907743.0,75,Adult,0,Action,103,7743.0,0.4075263157894737,1
Marty,1955,"Drama, Romance",Paddy Chayefsky,English,343000.0,3000000.0,75,Unknown,1,Drama,90,2657000.0,774.6355685131196,2
Lifted,2006,"Family , Animation , Science Fiction , Comedy",Gary Rydstrom,English,,,75,Family Friendly,0,Family,5,,,4
The First Day of the Rest of Your Life,2008,Drama,Rémi Bezançon,French,5900000.0,13200000.0,75,Unknown,0,Drama,114,7300000.0,123.72881355932203,1
War Machine,2026,"Action , Science Fiction , Thriller",Patrick Hughes,English,73000000.0,,75,Adult,0,Action,110,,,3
mid90s,2018,"Drama, Comedy",Jonah Hill,English,1700000.0,9303022.0,75,Adult,0,Drama,86,7603022.0,447.2365882352941,2
I Want You,2012,"Drama, Romance",Fernando González Molina,Spanish; Castilian,,24016152.0,75,Family Friendly,0,Drama,123,,,2
Invasion of the Body Snatchers,1956,"Science Fiction , Horror , Thriller",Don Siegel,English,416911.0,3000000.0,75,Family Friendly,1,Science Fiction,80,2583089.0,619.5780394376737,3
Fear City: A Family-Style Comedy,1994,"Comedy, Horror",Alain Berbérian,French,,,75,Family Friendly,0,Comedy,100,,,2
"Watch Out, We're Mad",1974,"Action, Comedy",Marcello Fondato,Italian,,36782781.0,75,Family Friendly,0,Action,102,,,2
Dirty Harry,1971,"Action , Crime , Thriller",Rita M. Fink,English,4000000.0,35976000.0,75,Adult,0,Action,102,31976000.0,799.4,3
The Day the Earth Stood Still,1951,"Science Fiction , Thriller , Drama",Robert Wise,English,995000.0,1850000.0,75,Family Friendly,1,Science Fiction,92,855000.0,85.92964824120602,3
To Have and Have Not,1945,"Adventure , Romance , War",Howard Hawks,English,,3650000.0,75,Unknown,0,Adventure,100,,,3
"To Wong Foo, Thanks for Everything! Julie Newmar",1995,"Comedy, Drama",Beeban Kidron,English,,47774193.0,75,Teen,0,Comedy,108,,,2
The Taking of Pelham One Two Three,1974,"Crime , Thriller , Action",Joseph Sargent,English,,,75,Adult,0,Crime,105,,,3
Jim & Andy: The Great Beyond,2017,"Documentary , Drama , Comedy",Chris Smith,English,,,75,Adult,0,Documentary,93,,,3
Mr & Mme Adelman,2017,"Romance , Drama , Comedy",Nicolas Bedos,French,5983685.0,,75,Family Friendly,0,Romance,120,,,3
Zorba the Greek,1964,Drama,Mihalis Kakogiannis,Greek,783000.0,9000000.0,75,Unknown,0,Drama,142,8217000.0,1049.4252873563219,1
The Royal Tenenbaums,2001,"Comedy, Drama",Wes Anderson,English,21000000.0,71441250.0,75,Adult,1,Comedy,110,50441250.0,240.19642857142858,2
That Obscure Object of Desire,1977,"Comedy , Drama , Romance",Luis Buñuel,French,,2864.0,75,Adult,0,Comedy,103,,,3
Captain America: Civil War,2016,"Adventure , Action , Science Fiction",Joe Simon,English,250000000.0,1155046416.0,75,Teen,0,Adventure,147,905046416.0,362.0185664,3
Incredibles 2,2018,"Action , Adventure , Animation , Family",Brad Bird,English,200000000.0,1243225667.0,75,Family Friendly,0,Action,118,1043225667.0,521.6128335,4
Running on Empty,1988,"Drama , Romance , Crime",Sidney Lumet,English,,2835116.0,75,Teen,0,Drama,116,,,3
Love and Death,1975,"Comedy, History",Woody Allen,English,3000000.0,20173742.0,75,Family Friendly,0,Comedy,85,17173742.0,572.4580666666667,2
Cape Fear,1962,"Thriller , Drama , Crime",J. Lee Thompson,English,35000000.0,103000000.0,75,Family Friendly,0,Thriller,106,68000000.0,194.28571428571428,3
The Outlaw Josey Wales,1976,Western,Clint Eastwood,English,3700000.0,31800000.0,75,Family Friendly,0,Western,135,28100000.0,759.4594594594595,1
Ray,2004,"Drama, Music",Taylor Hackford,English,40000000.0,124700000.0,75,Teen,1,Drama,152,84700000.0,211.75,2
Fabrizio De André: Principe libero,2018,"Music, History",Luca Facchini,Italian,,,75,Unknown,0,Music,188,,,2
Abominable,2019,"Family , Animation , Adventure , Comedy , Fantasy",Jill Culton,English,75000000.0,190304772.0,75,Family Friendly,0,Family,97,115304772.0,153.739696,5
Summer Wars,2009,"Animation, Science Fiction",Mamoru Hosoda,Japanese,,18434328.0,75,Family Friendly,1,Animation,114,,,2
Scooby-Doo! Pirates Ahoy!,2006,"Fantasy , Animation , Comedy , Family , Mystery , Adventure",Chuck Sheetz,English,,,75,Unknown,0,Fantasy,71,,,6
EverAfter,1998,"Drama , Romance , Comedy",Andy Tennant,English,26000000.0,98005666.0,75,Teen,0,Drama,121,72005666.0,276.94486923076926,3
Open Your Eyes,1997,"Drama , Thriller , Science Fiction",Alejandro Amenábar,Spanish; Castilian,2900000.0,370720.0,75,Adult,0,Drama,117,-2529280.0,-87.21655172413793,3
"Play It Again, Sam",1972,"Comedy, Romance",Herbert Ross,English,,,75,Family Friendly,0,Comedy,85,,,2
The Suicide Squad,2021,"Action , Comedy , Adventure",James Gunn,English,185000000.0,168717425.0,75,Adult,0,Action,132,-16282575.0,-8.801391891891893,3
Dunkirk,2017,"War , Action , Drama",Christopher Nolan,English,150000000.0,549136737.0,75,Teen,1,War,107,399136737.0,266.091158,3
"To Sir, with Love",1967,Drama,James Clavell,English,625000.0,42432803.0,75,Unknown,0,Drama,105,41807803.0,6689.24848,1
All About Lily Chou-Chou,2001,"Drama, Crime",Shunji Iwai,Japanese,1250000.0,6776921.0,75,Unknown,0,Drama,146,5526921.0,442.15368,2
Mission: Impossible - Fallout,2018,"Action, Adventure",Christopher McQuarrie,English,178000000.0,824171374.0,75,Teen,0,Action,147,646171374.0,363.01762584269665,2
The Magdalene Sisters,2002,"Drama, History",Peter Mullan,English,5000000.0,21107578.0,74,Adult,0,Drama,119,16107578.0,322.15156,2
Contact,1997,"Drama , Science Fiction , Mystery",Robert Zemeckis,English,90000000.0,171120329.0,74,Family Friendly,0,Drama,150,81120329.0,90.13369888888889,3
Z-O-M-B-I-E-S 2,2020,"Fantasy , Romance , TV Movie",Paul Hoen,English,,,74,Family Friendly,0,Fantasy,84,,,3
Black Book,2006,"Drama , Thriller , War",Paul Verhoeven,Dutch; Flemish,21000000.0,26768563.0,74,Adult,0,Drama,145,5768563.0,27.469347619047618,3
Bram Stoker's Dracula,1992,"Romance, Horror",Francis Ford Coppola,English,40000000.0,215862692.0,74,Adult,0,Romance,128,175862692.0,439.65673,2
Then Came You,2018,"Comedy, Drama",Peter Hutchings,English,,,74,Teen,0,Comedy,97,,,2
Miracles from Heaven,2016,"Family, Drama",Patricia Riggen,English,16000000.0,74000000.0,74,Family Friendly,0,Family,119,58000000.0,362.5,2
Human Capital,2013,Drama,Paolo Virzì,Italian,6000000.0,5809330.0,74,Teen,0,Drama,111,-190670.0,-3.1778333333333335,1
Nebraska,2013,"Drama, Adventure",Alexander Payne,English,12000000.0,27700000.0,74,Adult,1,Drama,115,15700000.0,130.83333333333334,2
The Devils,1971,"Drama , History , Horror",Ken Russell,English,2000000.0,11000000.0,74,Adult,0,Drama,112,9000000.0,450.0,3
Patton,1970,"War , Drama , History",Franklin J. Schaffner,English,12000000.0,89800000.0,74,Family Friendly,1,War,172,77800000.0,648.3333333333334,3
Emergency Declaration,2022,"Action , Drama , Thriller",Han Jae-rim,Korean,18052672.0,19200000.0,74,Family Friendly,0,Action,140,1147328.0,6.355446994217809,3
I Am a Hero,2016,"Action , Horror , Drama",Shinsuke Sato,Japanese,,,74,Adult,0,Action,126,,,3
Happiness,1965,"Drama, Romance",Agnès Varda,French,,,74,Adult,0,Drama,80,,,2
Star Trek II: The Wrath of Khan,1982,"Action , Adventure , Science Fiction , Thriller",Nicholas Meyer,English,12000000.0,96594943.0,74,Family Friendly,0,Action,113,84594943.0,704.9578583333333,4
"Batman: The Long Halloween, Part One",2021,"Animation , Mystery , Action , Crime",David Mazzucchelli,English,,,74,Teen,0,Animation,85,,,4
Hedwig and the Angry Inch,2001,"Comedy , Music , Drama",John Cameron Mitchell,English,6000000.0,3660081.0,74,Adult,0,Comedy,95,-2339919.0,-38.99865,3
A Bittersweet Life,2005,"Action , Drama , Crime",Kim Jee-woon,Korean,,7600000.0,74,Adult,0,Action,119,,,3
The Muppet Christmas Carol,1992,"Music , Comedy , Family , Fantasy , Drama",Jim Henson,English,12000000.0,34524312.0,74,Family Friendly,0,Music,89,22524312.0,187.7026,5
The Fly,1986,"Horror, Science Fiction",David Cronenberg,English,15000000.0,60629159.0,74,Adult,0,Horror,96,45629159.0,304.1943933333333,2
Teen Wolf: The Movie,2023,"Action , Fantasy , TV Movie",Russell Mulcahy,English,15000000.0,,74,Adult,0,Action,140,,,3
Furiosa: A Mad Max Saga,2024,"Action , Science Fiction , Adventure",George Miller,English,168000000.0,174287546.0,74,Adult,1,Action,149,6287546.0,3.7425869047619047,3
Elvis,2022,"Music , History , Drama",Baz Luhrmann,English,85000000.0,288670284.0,74,Teen,1,Music,159,203670284.0,239.6120988235294,3
The Death of Superman,2019,"Science Fiction , Animation , Action , Drama , Adventure",Bob Kane,English,,,74,Teen,0,Science Fiction,81,,,5
Baby Driver,2017,"Action, Crime",Edgar Wright,English,34000000.0,226945087.0,74,Adult,1,Action,113,192945087.0,567.48555,2
Lemonade Mouth,2011,"Drama , Comedy , Music , TV Movie",Patricia Riggen,English,,,74,Family Friendly,0,Drama,113,,,4
I Killed My Mother,2009,Drama,Xavier Dolan,French,,,74,Unknown,1,Drama,100,,,1
The Big Blue,1988,"Romance , Adventure , Drama",Luc Besson,French,13500000.0,4000000.0,74,Teen,0,Romance,168,-9500000.0,-70.37037037037037,3
Money Heist: The Phenomenon,2020,Documentary,Pablo Lejarreta,Spanish; Castilian,,,74,Family Friendly,0,Documentary,57,,,1
Midnight Express,1978,"Drama, Crime",Alan Parker,English,2300000.0,35000000.0,74,Adult,1,Drama,121,32700000.0,1421.7391304347825,2
Miller's Crossing,1990,"Drama , Thriller , Crime",Joel Coen,English,14000000.0,5080409.0,74,Adult,0,Drama,115,-8919591.0,-63.71136428571429,3
Patients,2017,"Drama, Comedy",Grand Corps Malade,French,,,74,Unknown,0,Drama,110,,,2
Aquarius,2016,Drama,Kleber Mendonça Filho,Portuguese,762241.0,285930.0,74,Unknown,0,Drama,147,-476311.0,-62.48824190774309,1
Cell 211,2009,"Action , Thriller , Drama",Daniel Monzón,Spanish; Castilian,5700000.0,19300483.0,74,Adult,0,Action,108,13600483.0,238.6049649122807,3
Scrooge,1951,"Fantasy, Drama",Brian Desmond Hurst,English,,,74,Unknown,0,Fantasy,86,,,2
The Thin Red Line,1998,"Drama , History , War",Terrence Malick,English,52000000.0,98126565.0,74,Adult,0,Drama,171,46126565.0,88.7049326923077,3
The Bourne Ultimatum,2007,"Action , Drama , Mystery , Thriller",Paul Greengrass,English,70000000.0,442824138.0,74,Teen,1,Action,115,372824138.0,532.6059114285714,4
Pretty Woman,1990,"Romance, Comedy",Garry Marshall,English,14000000.0,463406268.0,74,Adult,0,Romance,120,449406268.0,3210.0447714285715,2
Barbie and the Diamond Castle,2008,"Animation, Family",Ruth Handler,English,,,74,Family Friendly,0,Animation,78,,,2
The Hurricane,1999,Drama,Norman Jewison,English,50000000.0,73956241.0,74,Adult,0,Drama,146,23956241.0,47.912482,1
Balkan Line,2019,"Drama , Action , War",Andrey Volgin,Russian,3500000.0,4944386.0,74,Adult,0,Drama,130,1444386.0,41.26817142857143,3
Wind River,2017,"Crime , Mystery , Thriller",Taylor Sheridan,English,11000000.0,44998252.0,74,Adult,0,Crime,107,33998252.0,309.07501818181817,3
Ordinary People,1980,Drama,Robert Redford,English,6000000.0,54766923.0,74,Adult,1,Drama,124,48766923.0,812.78205,1
"Aguirre, the Wrath of God",1972,"History , Adventure , Drama",Werner Herzog,German,370000.0,37041.0,74,Unknown,0,History,95,-332959.0,-89.98891891891891,3
John Wick: Chapter 3 - Parabellum,2019,"Action , Thriller , Crime",Derek Kolstad,English,55000000.0,328349908.0,74,Adult,0,Action,131,273349908.0,496.99983272727275,3
The Rocky Horror Picture Show,1975,"Comedy , Science Fiction , Horror",Jim Sharman,English,1400000.0,171181400.0,74,Adult,0,Comedy,99,169781400.0,12127.242857142857,3
Imitation of Life,1959,"Drama, Romance",Douglas Sirk,English,,,74,Unknown,0,Drama,125,,,2
Three Colors: White,1994,"Comedy , Drama , Mystery",Krzysztof Kieślowski,French,,1273525.0,74,Adult,0,Comedy,92,,,3
Free Guy,2021,"Comedy , Adventure , Science Fiction",Matt Lieberman,English,110000000.0,331526598.0,74,Teen,0,Comedy,115,221526598.0,201.38781636363638,3
The Croods: A New Age,2020,"Animation , Family , Adventure , Fantasy , Comedy",Chris Sanders,English,65000000.0,215905815.0,74,Family Friendly,0,Animation,95,150905815.0,232.1627923076923,5
One Piece Film: Strong World,2009,"Animation , Fantasy , Adventure",Eiichiro Oda,Japanese,,53000000.0,74,Family Friendly,0,Animation,114,,,3
The Secret of NIMH,1982,"Adventure , Animation , Drama , Family , Fantasy , Mystery , Science Fiction",Don Bluth,English,7000000.0,14665733.0,74,Family Friendly,0,Adventure,83,7665733.0,109.51047142857144,7
"Crouching Tiger, Hidden Dragon",2000,"Adventure , Drama , Action , Romance , Fantasy",Ang Lee,Chinese,17000000.0,213978518.0,74,Teen,1,Adventure,120,196978518.0,1158.6971647058824,5
Mixed by Erry,2023,"Comedy , History , Music",Sydney Sibilia,Italian,8538750.0,1120191.0,74,Adult,0,Comedy,113,-7418559.0,-86.8810891523935,3
Drive My Car,2021,Drama,Ryusuke Hamaguchi,Japanese,1300000.0,15356046.0,74,Unknown,1,Drama,179,14056046.0,1081.2343076923078,1
The Dirt,2019,"Drama , Music , Comedy",Jeff Tremaine,English,,,74,Adult,1,Drama,108,,,3
Last Year at Marienbad,1961,"Drama, Romance",Alain Resnais,French,,,74,Unknown,0,Drama,95,,,2
The Devil Wears Prada,2006,"Drama, Comedy",David Frankel,English,35000000.0,326588371.0,74,Teen,1,Drama,109,291588371.0,833.1096314285714,2
Carl's Date,2023,"Animation , Family , Comedy , Romance",Bob Peterson,English,,,74,Family Friendly,0,Animation,9,,,4
Hour of the Wolf,1968,"Drama, Horror",Ingmar Bergman,Swedish,,,74,Teen,0,Drama,88,,,2
Star Trek,2009,"Science Fiction , Action , Adventure",J.J. Abrams,English,150000000.0,386839614.0,74,Teen,1,Science Fiction,127,236839614.0,157.893076,3
Happiness,1998,"Comedy, Drama",Todd Solondz,English,3000000.0,2800000.0,74,Adult,0,Comedy,140,-200000.0,-6.666666666666667,2
Justice League: War,2014,"Animation, Action",Jay Oliva,English,3500000.0,5155325.0,74,Teen,0,Animation,79,1655325.0,47.295,2
Birdman or (The Unexpected Virtue of Ignorance),2014,"Drama, Comedy",Alejandro G. Iñárritu,English,18000000.0,103215094.0,74,Adult,1,Drama,120,85215094.0,473.4171888888889,2
The Artist,2011,"Drama , Comedy , Romance",Michel Hazanavicius,French,15000000.0,133432856.0,74,Teen,1,Drama,100,118432856.0,789.5523733333333,3
Little Big Man,1970,"Western , Comedy , Adventure , Drama",Arthur Penn,English,15000000.0,31559552.0,74,Family Friendly,0,Western,139,16559552.0,110.39701333333333,4
The Witch: Part 2. The Other One,2022,"Action , Mystery , Thriller , Science Fiction",Park Hoon-jung,Korean,,23068596.0,74,Teen,0,Action,137,,,4
The Life of David Gale,2003,"Drama , Thriller , Crime",Alan Parker,English,50000000.0,38955598.0,74,Adult,0,Drama,130,-11044402.0,-22.088804,3
The Lego Movie,2014,"Animation , Family , Adventure , Comedy , Fantasy",Phil Lord,English,60000000.0,470759687.0,74,Family Friendly,1,Animation,100,410759687.0,684.5994783333333,5
Y Tu Mamá También,2001,"Drama, Romance",Alfonso Cuarón,Spanish; Castilian,5000000.0,33600000.0,74,Unknown,1,Drama,106,28600000.0,572.0,2
Burrow,2020,"Animation , Family , Comedy",Madeline Sharafian,English,,,74,Family Friendly,0,Animation,6,,,3
Gaga: Five Foot Two,2017,"Music, Documentary",Chris Moukarbel,English,,,74,Adult,0,Music,101,,,2
Alice,1988,"Animation , Fantasy , Adventure",Jan Švankmajer,Czech,,,74,Family Friendly,0,Animation,86,,,3
Scream,1996,"Crime , Horror , Mystery",Wes Craven,English,14000000.0,173046663.0,74,Adult,0,Crime,112,159046663.0,1136.047592857143,3
The Flowers of War,2011,"Drama , History , War",Yan Geling,Chinese,94000000.0,95311434.0,74,Adult,0,Drama,146,1311434.0,1.3951425531914894,3
The Man in the Moon,1991,"Drama, Romance",Robert Mulligan,English,1237669.0,2853801.0,74,Teen,0,Drama,99,1616132.0,130.57869268762488,2
Trinity Is Still My Name,1971,"Comedy, Western",Enzo Barboni,Italian,,2100000.0,74,Family Friendly,0,Comedy,118,,,2
Blue Bayou,2021,Drama,Justin Chon,English,,750000.0,74,Adult,0,Drama,117,,,1
Lone Survivor,2013,"War , Action , Drama",Peter Berg,English,40000000.0,149295601.0,74,Adult,1,War,121,109295601.0,273.2390025,3
The Man Who Knew Too Much,1956,"Thriller , Mystery , Drama",Alfred Hitchcock,English,1200000.0,11300000.0,74,Family Friendly,0,Thriller,121,10100000.0,841.6666666666666,3
Humanist Vampire Seeking Consenting Suicidal Person,2023,"Comedy , Fantasy , Horror",Ariane Louis-Seize,French,3000000.0,97578.0,74,Adult,1,Comedy,91,-2902422.0,-96.7474,3
A Quiet Place Part II,2021,"Science Fiction , Thriller , Horror",John Krasinski,English,55000000.0,297372261.0,74,Teen,1,Science Fiction,97,242372261.0,440.6768381818182,3
The Red Turtle,2016,"Animation , Drama , Fantasy , Family",Michael Dudok de Wit,French,,921974.0,74,Family Friendly,0,Animation,81,,,4
New World,2013,"Thriller , Crime , Drama , Action",Park Hoon-jung,Korean,,,74,Unknown,0,Thriller,134,,,4
Gun Crazy,1950,"Crime , Romance , Drama",MacKinlay Kantor,English,,,74,Teen,0,Crime,87,,,3
Twin Peaks: Fire Walk with Me,1992,"Drama , Mystery , Horror",David Lynch,English,10000000.0,4237427.0,74,Adult,1,Drama,135,-5762573.0,-57.62573,3
The Lady Vanishes,1938,"Mystery, Thriller",Alfred Hitchcock,English,,,74,Unknown,0,Mystery,96,,,2
Ricky Gervais: SuperNature,2022,Comedy,John L. Spencer,English,,,74,Adult,0,Comedy,64,,,1
The Worst Person in the World,2021,"Drama , Romance , Comedy",Joachim Trier,Norwegian,5000000.0,12687507.0,74,Adult,1,Drama,128,7687507.0,153.75014,3
The Florida Project,2017,Drama,Sean Baker,English,2000000.0,11303040.0,74,Adult,1,Drama,112,9303040.0,465.152,1
The Legend of Sleepy Hollow,1949,"Family , Animation , Horror , Comedy",Jack Kinney,English,,,74,Family Friendly,0,Family,37,,,4
The Secret Garden,1993,"Drama , Family , Fantasy",Agnieszka Holland,English,18000000.0,40000000.0,74,Family Friendly,0,Drama,101,22000000.0,122.22222222222223,3
The Experiment,2001,"Drama, Thriller",Mario Giordano,German,,13782896.0,74,Adult,0,Drama,120,,,2
Erin Brockovich,2000,Drama,Steven Soderbergh,English,52000000.0,256271286.0,74,Adult,1,Drama,131,204271286.0,392.8293961538462,1
Sicario,2015,"Action , Crime , Thriller",Denis Villeneuve,English,30000000.0,84997446.0,74,Adult,0,Action,122,54997446.0,183.32482,3
Mon Oncle,1958,Comedy,Jacques Tati,French,,,74,Unknown,0,Comedy,118,,,1
Saw,2004,"Horror , Mystery , Crime",James Wan,English,1200000.0,104045735.0,74,Adult,0,Horror,103,102845735.0,8570.477916666667,3
Kalashnikov AK-47,2020,"War , History , Drama",Konstantin Buslov,Russian,3500000.0,1593464.0,74,Family Friendly,0,War,105,-1906536.0,-54.472457142857145,3
The Hunger Games: Catching Fire,2013,"Adventure , Action , Science Fiction",Francis Lawrence,English,130000000.0,865011746.0,74,Teen,0,Adventure,146,735011746.0,565.3936507692308,3
Doctor Strange,2016,"Fantasy , Adventure , Action",Scott Derrickson,English,180000000.0,676343174.0,74,Teen,0,Fantasy,115,496343174.0,275.7462077777778,3
Stand by Me Doraemon,2014,"Animation , Adventure , Science Fiction , Drama , Family , Fantasy",Takashi Yamazaki,Japanese,35000000.0,83100000.0,74,Family Friendly,1,Animation,94,48100000.0,137.42857142857142,6
Enemy at the Gates,2001,"War, History",Jean-Jacques Annaud,English,68000000.0,96976270.0,74,Adult,0,War,131,28976270.0,42.61216176470588,2
Cold War,2018,"Romance , Music , Drama",Paweł Pawlikowski,Polish,4954500.0,18754051.0,74,Adult,1,Romance,88,13799551.0,278.5256029871834,3
Breathe,2017,"Drama, Romance",Andy Serkis,English,,5026154.0,74,Teen,0,Drama,118,,,2
Zelig,1983,Comedy,Woody Allen,English,13500000.0,11798616.0,74,Family Friendly,0,Comedy,79,-1701384.0,-12.602844444444445,1
The Children's Train,2024,Drama,Cristina Comencini,Italian,,,74,Family Friendly,0,Drama,106,,,1
The Witcher: Nightmare of the Wolf,2021,"Animation , Action , Fantasy",Han Kwang Il,English,,,74,Adult,0,Animation,83,,,3
High School of the Dead: Drifters of the Dead,2011,"Comedy , Animation , Adventure , Horror",Tetsuro Araki,Japanese,,,74,Teen,0,Comedy,18,,,4
Crimes and Misdemeanors,1989,"Comedy , Drama , Crime",Woody Allen,English,19000000.0,18254702.0,74,Teen,1,Comedy,104,-745298.0,-3.922621052631579,3
My Girl,1991,"Comedy, Drama",Howard Zieff,English,17000000.0,59490000.0,74,Family Friendly,0,Comedy,103,42490000.0,249.94117647058823,2
Being John Malkovich,1999,"Comedy , Drama , Fantasy",Spike Jonze,English,13000000.0,22863596.0,74,Adult,1,Comedy,113,9863596.0,75.87381538461538,3
Trouble in Paradise,1932,"Comedy , Crime , Romance",Ernst Lubitsch,English,,,74,Family Friendly,0,Comedy,83,,,3
The Gospel According to St. Matthew,1965,Drama,Pier Paolo Pasolini,Italian,,,74,Family Friendly,0,Drama,137,,,1
The Man Without a Past,2002,"Drama, Romance",Aki Kaurismäki,Finnish,,921.0,74,Teen,1,Drama,97,,,2
Once,2007,"Drama , Music , Romance",John Carney,English,160000.0,20710513.0,74,Adult,1,Drama,85,20550513.0,12844.070625,3
Once Upon a Time... in Hollywood,2019,"Comedy , Drama , Thriller",Quentin Tarantino,English,95000000.0,393869691.0,74,Adult,1,Comedy,162,298869691.0,314.59967473684213,3
August Rush,2007,"Family , Drama , Music",Nick Castle,English,25000000.0,66122026.0,74,Family Friendly,0,Family,114,41122026.0,164.488104,3
Sonic the Hedgehog 2,2022,"Action , Adventure , Family , Comedy",Pat Casey,English,110000000.0,405421518.0,74,Family Friendly,0,Action,123,295421518.0,268.56501636363635,4
In Safe Hands,2018,Drama,Jeanne Herry,French,,,74,Family Friendly,0,Drama,112,,,1
"Yesterday, Today and Tomorrow",1963,"Comedy, Romance",Vittorio De Sica,Italian,,,74,Teen,0,Comedy,119,,,2
Kes,1970,Drama,Ken Loach,English,,,74,Teen,0,Drama,111,,,1
Cabaret,1972,"Music , Romance , Drama",Bob Fosse,English,4600000.0,42800000.0,74,Family Friendly,1,Music,124,38200000.0,830.4347826086956,3
Duel,1971,"Action , Thriller , TV Movie",Richard Matheson,English,450000.0,2544.0,74,Family Friendly,0,Action,74,-447456.0,-99.43466666666667,3
Summer of 85,2020,"Romance, Drama",François Ozon,French,6900000.0,3600000.0,74,Family Friendly,0,Romance,101,-3300000.0,-47.82608695652174,2
Unbroken,2014,"Drama, War",Angelina Jolie,English,65000000.0,163400000.0,74,Teen,1,Drama,137,98400000.0,151.3846153846154,2
One Day,2011,"Drama, Romance",Lone Scherfig,English,15000000.0,59400000.0,74,Teen,0,Drama,107,44400000.0,296.0,2
Rudolph the Red-Nosed Reindeer,1964,"Animation , Family , Adventure , Fantasy",Larry Roemer,English,,,74,Family Friendly,0,Animation,52,,,4
Iron Monkey,1993,"Action , Crime , Drama",Yuen Woo-ping,Cantonese,11000000.0,14694904.0,74,Teen,0,Action,90,3694904.0,33.590036363636365,3
Sense and Sensibility,1995,"Drama, Romance",Ang Lee,English,16000000.0,134582776.0,74,Family Friendly,1,Drama,136,118582776.0,741.14235,2
The Godfather Part III,1990,"Crime , Drama , Thriller",Francis Ford Coppola,English,54000000.0,136766062.0,74,Adult,0,Crime,162,82766062.0,153.27048518518518,3
American Me,1992,"Crime, Drama",Floyd Mutrux,English,16000000.0,13100000.0,74,Adult,0,Crime,125,-2900000.0,-18.125,2
Enter the Dragon,1973,Action,Robert Clouse,English,850000.0,21531361.0,74,Adult,0,Action,102,20681361.0,2433.1012941176473,1
Predestination,2014,"Science Fiction, Thriller",Peter Spierig,English,5500000.0,4942449.0,74,Adult,0,Science Fiction,98,-557551.0,-10.13729090909091,2
The Swimmers,2022,"Drama, History",Sally El Hosaini,English,,,74,Teen,0,Drama,134,,,2
Greyhound,2020,"War , Action , Drama",Aaron Schneider,English,50300000.0,,74,Teen,0,War,92,,,3
The Best of Enemies,2019,"Drama, History",Robin Bissell,English,10000000.0,,74,Teen,0,Drama,133,,,2
Tinker Bell and the Legend of the NeverBeast,2014,"Adventure , Animation , Family",Steve Loter,English,,,74,Family Friendly,0,Adventure,77,,,3
Richard Jewell,2019,"Drama , History , Crime",Clint Eastwood,English,45000000.0,33900000.0,74,Adult,1,Drama,131,-11100000.0,-24.666666666666668,3
The Odd Couple,1968,Comedy,Gene Saks,English,1200000.0,44527234.0,74,Family Friendly,1,Comedy,106,43327234.0,3610.6028333333334,1
Life of Pi,2012,"Adventure, Drama",Ang Lee,English,120000000.0,609016565.0,74,Family Friendly,1,Adventure,127,489016565.0,407.51380416666666,2
Neon Genesis Evangelion: Death and Rebirth,1997,"Animation , Drama , Science Fiction",Hideaki Anno,Japanese,,15877.0,74,Unknown,0,Animation,101,,,3
Hunting Season,2025,"Action , Drama , Thriller",Raja Collins,English,,,74,Adult,0,Action,93,,,3
Justice League: Doom,2012,"Action , Animation , Science Fiction , Fantasy",Lauren Montgomery,English,,,74,Teen,0,Action,77,,,4
Secretariat,2010,Drama,Randall Wallace,English,35000000.0,60300000.0,74,Family Friendly,0,Drama,123,25300000.0,72.28571428571429,1
The Raid,2012,"Action , Thriller , Crime",Gareth Evans,Indonesian,1100000.0,9148519.0,74,Adult,0,Action,101,8048519.0,731.6835454545454,3
Naruto Shippuden the Movie,2007,"Animation , Action , Fantasy",Hajime Kamegaki,Japanese,,13219807.0,74,Teen,0,Animation,94,,,3
The Last King of Scotland,2006,Drama,Kevin Macdonald,English,6000000.0,48600000.0,74,Adult,1,Drama,123,42600000.0,710.0,1
The Unforgivable,2021,"Drama, Crime",Nora Fingscheidt,English,,,74,Adult,0,Drama,112,,,2
Memoir of a Murderer,2017,"Crime , Mystery , Thriller",Won Shin-yun,Korean,125000.0,,74,Adult,0,Crime,128,,,3
I Can Quit Whenever I Want,2014,Comedy,Sydney Sibilia,Italian,2000000.0,54606.0,74,Teen,0,Comedy,100,-1945394.0,-97.2697,1
Chaplin,1992,Drama,Richard Attenborough,English,31000000.0,9493259.0,74,Teen,0,Drama,145,-21506741.0,-69.37658387096774,1
Boys Don't Cry,1999,"Crime, Drama",Kimberly Peirce,English,2000000.0,11540607.0,74,Adult,1,Crime,118,9540607.0,477.03035,2
The Farewell,2019,"Comedy, Drama",Lulu Wang,English,3000000.0,23076657.0,74,Family Friendly,1,Comedy,100,20076657.0,669.2219,2
Inside Man,2006,"Crime , Drama , Thriller",Spike Lee,English,45000000.0,186003591.0,74,Adult,1,Crime,129,141003591.0,313.34131333333335,3
Bullet Train,2022,"Action , Comedy , Thriller",David Leitch,English,90000000.0,239268602.0,74,Adult,0,Action,126,149268602.0,165.85400222222222,3
The Vanishing,1988,"Thriller, Mystery",George Sluizer,Dutch; Flemish,,,74,Unknown,0,Thriller,106,,,2
Taken,2008,"Action, Thriller",Pierre Morel,English,25000000.0,226830568.0,74,Teen,0,Action,94,201830568.0,807.322272,2
The Lovers on the Bridge,1991,"Drama, Romance",Leos Carax,French,28000000.0,,74,Adult,0,Drama,126,,,2
Creed,2015,Drama,Ryan Coogler,English,37000000.0,173600000.0,74,Teen,1,Drama,133,136600000.0,369.18918918918916,1
American Sniper,2014,"War, Action",Clint Eastwood,English,58800000.0,542300000.0,74,Adult,1,War,133,483500000.0,822.2789115646259,2
Tarzan,1999,"Animation , Family , Adventure",Edgar Rice Burroughs,English,130000000.0,448200000.0,74,Family Friendly,1,Animation,88,318200000.0,244.76923076923077,3
His Girl Friday,1940,"Comedy, Romance",Howard Hawks,English,,,74,Unknown,0,Comedy,92,,,2
Scarface,1932,"Crime , Action , Drama , Thriller",Howard Hawks,English,800000.0,600000.0,74,Adult,0,Crime,93,-200000.0,-25.0,4
When Harry Met Sally...,1989,"Comedy , Romance , Drama",Rob Reiner,English,16000000.0,92823546.0,74,Adult,0,Comedy,96,76823546.0,480.1471625,3
The Match Factory Girl,1990,Drama,Aki Kaurismäki,Finnish,83038.0,,74,Unknown,1,Drama,69,,,1
Mr. Church,2016,Drama,Bruce Beresford,English,8000000.0,685780.0,74,Teen,0,Drama,104,-7314220.0,-91.42775,1
Enola Holmes 2,2022,"Adventure , Mystery , Crime",Harry Bradbeer,English,,,74,Teen,0,Adventure,131,,,3
Nocturnal Animals,2016,"Drama, Thriller",Tom Ford,English,22500000.0,29300000.0,74,Adult,1,Drama,116,6800000.0,30.22222222222222,2
Delusions of Grandeur,1971,"Comedy, History",Gérard Oury,French,,,74,Family Friendly,0,Comedy,108,,,2
Glory Road,2006,"Drama, History",James Gartner,English,,42647449.0,74,Family Friendly,0,Drama,118,,,2
The Long Goodbye,1973,"Mystery , Drama , Crime",Robert Altman,English,1700000.0,959000.0,74,Adult,0,Mystery,112,-741000.0,-43.588235294117645,3
Miss Sloane,2016,"Thriller , Drama , Crime",John Madden,English,13000000.0,9101546.0,74,Adult,0,Thriller,133,-3898454.0,-29.988107692307693,3
The Motorcycle Diaries,2004,Drama,Walter Salles,Spanish; Castilian,,57663224.0,74,Adult,1,Drama,126,,,1
Dog Man,2025,"Family , Comedy , Adventure , Animation , Action",Peter Hastings,English,40000000.0,145603415.0,74,Family Friendly,1,Family,89,105603415.0,264.0085375,5
Johnny Guitar,1954,Western,Nicholas Ray,English,,,74,Unknown,0,Western,110,,,1
A Pure Formality,1994,"Mystery , Thriller , Crime , Drama",Giuseppe Tornatore,Italian,,,74,Teen,0,Mystery,111,,,4
Undisputed II: Last Man Standing,2006,"Action , Crime , Thriller , Drama",Isaac Florentine,English,8000000.0,71000000.0,74,Adult,0,Action,93,63000000.0,787.5,4
The Right Stuff,1983,"Drama, History",Philip Kaufman,English,27000000.0,21500000.0,74,Family Friendly,0,Drama,193,-5500000.0,-20.37037037037037,2
Honor Society,2022,Comedy,Oran Zegman,English,20000000.0,,74,Adult,1,Comedy,98,,,1
Tucker and Dale vs. Evil,2010,"Comedy, Horror",Eli Craig,English,5000000.0,5224938.0,74,Adult,0,Comedy,89,224938.0,4.49876,2
As Good as It Gets,1997,"Drama , Comedy , Romance",James L. Brooks,English,50000000.0,314178011.0,74,Teen,1,Drama,139,264178011.0,528.356022,3
American Psycho,2000,"Thriller , Drama , Crime",Mary Harron,English,7000000.0,34269748.0,74,Adult,0,Thriller,102,27269748.0,389.56782857142855,3
Jin-Roh: The Wolf Brigade,1999,"Animation , Thriller , Science Fiction",Hiroyuki Okiura,Japanese,,94072.0,74,Adult,1,Animation,102,,,3
The Omen,1976,"Horror, Thriller",Richard Donner,English,2800000.0,60922980.0,74,Adult,0,Horror,111,58122980.0,2075.820714285714,2
That Time I Got Reincarnated as a Slime the Movie: Scarlet Bond,2022,"Animation , Fantasy , Adventure",Yasuhito Kikuchi,Japanese,,11628645.0,74,Teen,0,Animation,108,,,3
18 Presents,2020,"Drama, Family",Francesco Amato,Italian,2500000.0,3486375.0,74,Teen,0,Drama,110,986375.0,39.455,2
The Last Duel,2021,"Drama , History , Thriller",Ridley Scott,English,100000000.0,30552111.0,74,Adult,1,Drama,153,-69447889.0,-69.447889,3
Scooby-Doo! in Where's My Mummy?,2005,"Mystery , Animation , Family , Adventure , Comedy , Fantasy",Joe Sichta,English,,,74,Family Friendly,0,Mystery,75,,,6
Sullivan's Travels,1941,"Comedy , Romance , Adventure",Preston Sturges,English,700000.0,1200000.0,74,Unknown,0,Comedy,91,500000.0,71.42857142857143,3
The Basketball Diaries,1995,"Drama, Crime",Scott Kalvert,English,2000000.0,2381087.0,74,Adult,0,Drama,102,381087.0,19.05435,2
Dragon Ball: The Path to Power,1996,"Animation , Adventure , Fantasy",Shigeyasu Yamauchi,Japanese,,,74,Family Friendly,0,Animation,80,,,3
Falling Down,1993,"Crime , Drama , Thriller",Joel Schumacher,English,25000000.0,40903593.0,74,Adult,0,Crime,113,15903593.0,63.614372,3
Black Hawk Down,2001,"Action , War , History",Ridley Scott,English,92000000.0,172989651.0,74,Adult,1,Action,145,80989651.0,88.03222934782609,3
Crush,2022,"Comedy, Romance",Sammi Cohen,English,,,74,Adult,0,Comedy,93,,,2
"Batman: The Long Halloween, Part Two",2021,"Animation , Mystery , Action , Crime",Frank Miller,English,,,74,Adult,0,Animation,87,,,4
Ghostland,2018,Horror,Pascal Laugier,English,,,74,Adult,0,Horror,91,,,1
They Call Me Jeeg,2016,"Science Fiction , Action , Drama",Nicola Guaglianone,Italian,1900000.0,5973344.0,74,Teen,0,Science Fiction,112,4073344.0,214.38652631578947,3
Law Abiding Citizen,2009,"Drama , Crime , Thriller",F. Gary Gray,English,53000000.0,127900000.0,74,Adult,0,Drama,109,74900000.0,141.32075471698113,3
Scooby-Doo and the Ghoul School,1988,"Animation , Family , TV Movie , Mystery , Fantasy",Charles August Nichols,English,,,74,Unknown,0,Animation,93,,,5
The Mission,1986,"Adventure , Drama , Action , History",Roland Joffé,English,24500000.0,17200000.0,74,Family Friendly,0,Adventure,125,-7300000.0,-29.79591836734694,4
This Is Spinal Tap,1984,"Comedy, Music",Rob Reiner,English,2500000.0,6051884.0,74,Adult,0,Comedy,82,3551884.0,142.07536,2
The Triplets of Belleville,2003,"Animation , Comedy , Drama , Adventure",Sylvain Chomet,French,9500000.0,14776760.0,74,Teen,0,Animation,80,5276760.0,55.54484210526316,4
Diego Maradona,2019,Documentary,Asif Kapadia,English,,,74,Family Friendly,0,Documentary,130,,,1
Only Yesterday,1991,"Animation , Drama , Romance",Isao Takahata,Japanese,,473110.0,74,Unknown,0,Animation,119,,,3
A Time to Kill,1996,"Crime , Drama , Thriller",Joel Schumacher,English,40000000.0,152266007.0,74,Adult,0,Crime,149,112266007.0,280.6650175,3
Leto,2018,"Music, Drama",Kirill Serebrennikov,Russian,150000.0,,74,Adult,0,Music,126,,,2
A Quiet Place,2018,"Horror , Drama , Science Fiction",John Krasinski,English,17000000.0,340955294.0,74,Teen,1,Horror,91,323955294.0,1905.6193764705881,3
Port of Shadows,1938,"Romance , Drama , Crime",Marcel Carné,French,,,74,Unknown,0,Romance,93,,,3
Interstate 60,2002,"Adventure , Fantasy , Drama",Bob Gale,English,7000000.0,,74,Adult,0,Adventure,116,,,3
Sisu,2022,"Action , War , Thriller",Jalmari Helander,Finnish,6600000.0,14281199.0,74,Adult,1,Action,91,7681199.0,116.38180303030303,3
Spider-Man: Far From Home,2019,"Action , Adventure , Science Fiction",Jon Watts,English,160000000.0,1132723226.0,74,Teen,0,Action,129,972723226.0,607.95201625,3
Legends of the Fall,1994,"Drama , Western , Romance , War",Edward Zwick,English,30000000.0,160638883.0,74,Adult,0,Drama,133,130638883.0,435.4629433333333,4
The Trial,1962,"Crime , Drama , Mystery",Orson Welles,English,1300000.0,94243.0,74,Unknown,0,Crime,119,-1205757.0,-92.75053846153847,3
My Fault: London,2025,"Drama, Romance",Charlotte Fassler,English,,,74,Teen,0,Drama,119,,,2
Happy as Lazzaro,2018,"Drama, Fantasy",Alice Rohrwacher,Italian,,,74,Teen,0,Drama,128,,,2
3096 Days,2013,Drama,Sherry Hormann,German,,6677474.0,74,Adult,0,Drama,111,,,1
Mad Max 2,1981,"Action , Thriller , Science Fiction",George Miller,English,2000000.0,24600832.0,74,Adult,0,Action,96,22600832.0,1130.0416,3
Romeo and Juliet,1968,"Drama, Romance",Franco Zeffirelli,English,,38901218.0,74,Family Friendly,0,Drama,138,,,2
Un Chien Andalou,1929,"Fantasy , Horror , Thriller",Luis Buñuel,French,124797.0,,74,Teen,0,Fantasy,17,,,3
Miss You Already,2015,"Comedy, Drama",Catherine Hardwicke,English,,8200000.0,74,Teen,0,Comedy,112,,,2
A Night at the Opera,1935,"Comedy, Music",Sam Wood,English,,,74,Unknown,0,Comedy,91,,,2
Sing Sing,2024,Drama,Greg Kwedar,English,2000000.0,3401789.0,74,Adult,1,Drama,107,1401789.0,70.08945,1
The Peanut Butter Falcon,2019,"Adventure , Comedy , Drama",Michael Schwartz,English,6200000.0,23712097.0,74,Teen,0,Adventure,97,17512097.0,282.45317741935486,3
My Father and My Son,2005,Drama,Çağan Irmak,Turkish,,4187299.0,74,Family Friendly,0,Drama,112,,,1
Kelly's Heroes,1970,"Adventure , Comedy , War",Brian G. Hutton,English,4000000.0,5200000.0,74,Family Friendly,0,Adventure,144,1200000.0,30.0,3
Rushmore,1998,"Comedy, Drama",Wes Anderson,English,9000000.0,17096053.0,74,Adult,1,Comedy,93,8096053.0,89.95614444444445,2
Killers of the Flower Moon,2023,"Crime , History , Drama",Martin Scorsese,English,200000000.0,158722599.0,74,Adult,1,Crime,206,-41277401.0,-20.6387005,3
The Guernsey Literary & Potato Peel Pie Society,2018,"Romance , Drama , History",Mike Newell,English,,23148937.0,74,Family Friendly,0,Romance,124,,,3
The SpongeBob Movie: Sponge on the Run,2020,"Adventure , Animation , Comedy , Family , Fantasy",Tim Hill,English,60000000.0,4810790.0,74,Family Friendly,0,Adventure,95,-55189210.0,-91.98201666666667,5
The Lunchbox,2013,"Drama, Romance",Ritesh Batra,Hindi,3400000.0,17240000.0,74,Family Friendly,0,Drama,104,13840000.0,407.05882352941177,2
The Skeleton Dance,1929,"Animation , Family , Music , Comedy , Horror",Walt Disney,English,,,74,Unknown,0,Animation,5,,,5
Women on the Verge of a Nervous Breakdown,1988,"Comedy, Drama",Pedro Almodóvar,Spanish; Castilian,700000.0,14979298.0,74,Adult,0,Comedy,88,14279298.0,2039.8997142857143,2
I Stand Alone,1999,"Drama, Thriller",Gaspar Noé,French,,6955.0,74,Unknown,0,Drama,89,,,2
An American Werewolf in London,1981,"Comedy , Horror , Fantasy",John Landis,English,10000000.0,31973249.0,74,Adult,0,Comedy,97,21973249.0,219.73249,3
Pirates of the Caribbean: Dead Man's Chest,2006,"Adventure , Fantasy , Action",Terry Rossio,English,200000000.0,1066179747.0,74,Teen,1,Adventure,151,866179747.0,433.0898735,3
A Dog's Way Home,2019,"Drama , Adventure , Family",Charles Martin Smith,English,18000000.0,17643857.0,74,Family Friendly,0,Drama,96,-356143.0,-1.9785722222222222,3
"What Happened, Miss Simone?",2015,"Music, Documentary",Liz Garbus,English,,,74,Family Friendly,0,Music,101,,,2
The Way of the Dragon,1972,"Action, Crime",Bruce Lee,Cantonese,130000.0,27000000.0,74,Adult,0,Action,100,26870000.0,20669.23076923077,2
All of Us Strangers,2023,"Romance , Drama , Fantasy",Andrew Haigh,English,5000000.0,14864960.0,74,Adult,1,Romance,105,9864960.0,197.2992,3
South Park: Post COVID: The Return of COVID,2021,"Animation , Comedy , TV Movie",Trey Parker,English,,,74,Adult,0,Animation,62,,,3
Irma la Douce,1963,"Romance , Comedy , Drama",Billy Wilder,English,5000000.0,25200000.0,74,Unknown,0,Romance,147,20200000.0,404.0,3
Interview with the Vampire,1994,"Horror , Drama , Fantasy",Anne Rice,English,60000000.0,223664608.0,74,Adult,0,Horror,123,163664608.0,272.77434666666664,3
Rise,2022,"Comedy , Drama , Family",Cédric Klapisch,French,7780000.0,11196824.0,74,Family Friendly,0,Comedy,117,3416824.0,43.91804627249358,3
Missing,2023,"Drama , Mystery , Thriller",Nicholas D. Johnson,English,7000000.0,48767848.0,74,Teen,0,Drama,111,41767848.0,596.6835428571428,3
Extraction 2,2023,"Action , Thriller , Crime",Sam Hargrave,English,65000000.0,,74,Adult,0,Action,122,,,3
The Girl with the Dragon Tattoo,2011,"Thriller , Crime , Mystery",David Fincher,English,90000000.0,232617430.0,74,Adult,1,Thriller,158,142617430.0,158.4638111111111,3
Drunken Master,1978,"Action, Comedy",Yuen Woo-ping,Cantonese,,16483650.0,74,Teen,0,Action,111,,,2
The Umbrellas of Cherbourg,1964,"Drama, Romance",Jacques Demy,French,200000.0,7600000.0,74,Teen,0,Drama,93,7400000.0,3700.0,2
Spellbound,1945,"Thriller , Mystery , Romance",Alfred Hitchcock,English,1500000.0,7000000.0,74,Unknown,0,Thriller,111,5500000.0,366.6666666666667,3
Black Sunday,1960,Horror,Mario Bava,Italian,,,74,Unknown,0,Horror,86,,,1
Pay It Forward,2000,Drama,Mimi Leder,English,40000000.0,55707411.0,74,Teen,0,Drama,122,15707411.0,39.2685275,1
The Boy and the Heron,2023,"Animation , Fantasy , Drama",Hayao Miyazaki,Japanese,50000000.0,294200000.0,74,Teen,1,Animation,124,244200000.0,488.4,3
Stargirl,2020,"Comedy , Drama , Romance , Family",Julia Hart,English,,,74,Family Friendly,0,Comedy,107,,,4
F for Fake,1973,Documentary,François Reichenbach,French,,,74,Family Friendly,0,Documentary,89,,,1
Braindead,1992,"Horror, Comedy",Peter Jackson,English,3000000.0,242623.0,74,Adult,0,Horror,103,-2757377.0,-91.91256666666666,2
The Collini Case,2019,"Drama, Thriller",Marco Kreuzpaintner,German,,,74,Family Friendly,0,Drama,118,,,2
Patema Inverted,2013,"Animation , Science Fiction , Adventure , Drama",Yasuhiro Yoshiura,Japanese,,,74,Unknown,0,Animation,98,,,4
Tekkonkinkreet,2006,"Animation , Action , Adventure",Michael Arias,Japanese,4200000.0,,74,Adult,1,Animation,103,,,3
Jerry & Marge Go Large,2022,"Comedy, Drama",David Frankel,English,,,74,Teen,0,Comedy,96,,,2
The Hunt for Red October,1990,"Action, Thriller",John McTiernan,English,30000000.0,200512643.0,74,Teen,0,Action,135,170512643.0,568.3754766666667,2
Ice Age,2002,"Animation , Comedy , Family , Adventure",Michael J. Wilson,English,59000000.0,383257136.0,74,Family Friendly,0,Animation,81,324257136.0,549.5883661016949,4
Monster Pets: A Hotel Transylvania Short,2021,"Animation , Comedy , Fantasy",Jennifer Kluska,English,,,74,Family Friendly,0,Animation,6,,,3
The Purple Rose of Cairo,1985,"Fantasy , Comedy , Romance",Woody Allen,English,15000000.0,10631333.0,74,Family Friendly,1,Fantasy,82,-4368667.0,-29.124446666666667,3
The Last of the Mohicans,1992,"History , War , Drama",Michael Mann,English,40000000.0,75505856.0,74,Adult,0,History,112,35505856.0,88.76464,3
Frida,2002,"Drama, Romance",Julie Taymor,English,12000000.0,56298474.0,74,Adult,1,Drama,123,44298474.0,369.15395,2
100 Meters,2016,"Comedy, Drama",Marcel Barrena,Spanish; Castilian,,,74,Family Friendly,0,Comedy,108,,,2
Once in a Lifetime,2014,Drama,Marie-Castille Mention-Schaar,French,,,74,Family Friendly,0,Drama,105,,,1
The Hobbit: An Unexpected Journey,2012,"Adventure , Fantasy , Action",Peter Jackson,English,250000000.0,1021103568.0,74,Teen,0,Adventure,169,771103568.0,308.4414272,3
Godzilla vs. Biollante,1989,"Action , Horror , Science Fiction",Kazuki Ōmori,Japanese,5000000.0,7000000.0,74,Family Friendly,1,Action,105,2000000.0,40.0,3
Man on Wire,2008,Documentary,James Marsh,English,,2957978.0,74,Teen,1,Documentary,94,,,1
Office Space,1999,Comedy,Mike Judge,English,10000000.0,12800000.0,74,Adult,0,Comedy,90,2800000.0,28.0,1
The Mauritanian,2021,"Drama, Thriller",Michael Bronner,English,,7527030.0,74,Adult,1,Drama,129,,,2
Rise of the Guardians,2012,"Action , Adventure , Animation , Family , Fantasy",Peter Ramsey,English,145000000.0,306941670.0,74,Family Friendly,0,Action,97,161941670.0,111.68391034482758,5
Once Were Warriors,1994,Drama,Alan Duff,English,950000.0,6700000.0,74,Adult,0,Drama,99,5750000.0,605.2631578947369,1
Lost in Translation,2003,"Drama , Comedy , Romance",Sofia Coppola,English,4000000.0,119723856.0,74,Adult,1,Drama,102,115723856.0,2893.0964,3
"Maggie Simpson in ""Playdate with Destiny""",2020,"Animation , Comedy , Family , Romance",David Silverman,English,,,74,Family Friendly,0,Animation,4,,,4
Operation Red Sea,2018,"Action , Thriller , War , Adventure",Dante Lam Chiu-yin,Chinese,70000000.0,579330426.0,74,Adult,0,Action,138,509330426.0,727.6148942857143,4
The Counterfeiters,2007,"Drama, War",Stefan Ruzowitzky,German,6250000.0,20200000.0,74,Family Friendly,1,Drama,98,13950000.0,223.2,2
The Fighter,2010,Drama,Paul Tamasy,English,25000000.0,129190869.0,74,Adult,1,Drama,116,104190869.0,416.763476,1
Justice Society: World War II,2021,"Animation , War , Science Fiction",Paul Norris,English,,,74,Teen,0,Animation,84,,,3
Burning,2018,"Mystery , Drama , Thriller",Lee Chang-dong,Korean,7280000.0,6591038.0,74,Unknown,0,Mystery,148,-688962.0,-9.463763736263736,3
Stuck in Love,2013,"Drama , Comedy , Romance",Josh Boone,English,,977671.0,74,Adult,0,Drama,97,,,3
Le Doulos,1962,"Drama , Thriller , Crime",Jean-Pierre Melville,French,,,74,Unknown,0,Drama,108,,,3
A Walk in the Clouds,1995,"Drama, Romance",Alfonso Arau,English,20000000.0,50012507.0,74,Teen,0,Drama,103,30012507.0,150.062535,2
Our Fault,2025,"Romance, Drama",Domingo González,Spanish; Castilian,,,74,Adult,0,Romance,110,,,2
Lost Illusions,2021,"Drama , Romance , History",Xavier Giannoli,French,20800000.0,8600000.0,74,Family Friendly,1,Drama,149,-12200000.0,-58.65384615384615,3
The Wailing,2016,"Horror, Mystery",Na Hong-jin,Korean,10951000.0,49851770.0,74,Unknown,0,Horror,156,38900770.0,355.22573280978906,2
"Jeanne Dielman, 23, quai du Commerce, 1080 Bruxelles",1976,Drama,Chantal Akerman,French,120000.0,,74,Unknown,0,Drama,202,,,1
Swept Away,1974,"Comedy , Drama , Romance",Lina Wertmüller,Italian,,12014430.0,74,Family Friendly,0,Comedy,110,,,3
The Social Network,2010,Drama,David Fincher,English,40000000.0,224920315.0,74,Teen,1,Drama,121,184920315.0,462.3007875,1
Mutiny on the Bounty,1935,"Adventure , Drama , History",Frank Lloyd,English,1950000.0,4460000.0,74,Teen,0,Adventure,132,2510000.0,128.71794871794873,3
An Affair to Remember,1957,"Drama, Romance",Leo McCarey,English,2100000.0,3800000.0,74,Unknown,0,Drama,111,1700000.0,80.95238095238095,2
The Marriage of Maria Braun,1979,Drama,Rainer Werner Fassbinder,German,,,74,Family Friendly,0,Drama,120,,,1
Promising Young Woman,2020,"Thriller , Crime , Drama",Emerald Fennell,English,10000000.0,20379604.0,74,Adult,1,Thriller,114,10379604.0,103.79604,3
Like Crazy,2016,"Drama, Comedy",Paolo Virzì,Italian,,,74,Teen,0,Drama,116,,,2
The Impossible,2012,"Drama , Thriller , History",J. A. Bayona,English,45000000.0,198100000.0,74,Teen,0,Drama,113,153100000.0,340.22222222222223,3
Naruto Shippuden the Movie: The Will of Fire,2009,"Action , Adventure , Comedy , Drama , Fantasy , Animation",Masahiko Murata,Japanese,,8100000.0,74,Teen,0,Action,95,,,6
Futurama: Bender's Big Score,2007,"Animation , Comedy , Science Fiction , Romance",Ken Keeler,English,,,74,Teen,0,Animation,89,,,4
You're Not You,2014,Drama,George C. Wolfe,English,,894964.0,74,Adult,0,Drama,104,,,1
Ghost in the Shell 2.0,2008,"Action , Animation , Crime , Science Fiction",Mamoru Oshii,Japanese,,,74,Family Friendly,0,Action,85,,,4
"What's Up, Doc?",1972,"Comedy , Crime , Romance",Peter Bogdanovich,English,4000000.0,66000000.0,74,Family Friendly,1,Comedy,94,62000000.0,1550.0,3
Perfume: The Story of a Murderer,2006,"Crime , Fantasy , Drama",Tom Tykwer,English,63700000.0,135039924.0,74,Adult,0,Crime,147,71339924.0,111.99360125588697,3
El Angel,2018,"Drama, Crime",Luis Ortega,Spanish; Castilian,3000000.0,10452324.0,74,Unknown,0,Drama,115,7452324.0,248.4108,2
Pickup on South Street,1953,"Thriller, Crime",Samuel Fuller,English,780000.0,,74,Unknown,0,Thriller,80,,,2
Meet Joe Black,1998,"Fantasy , Drama , Romance",Martin Brest,English,90000000.0,142940100.0,74,Teen,0,Fantasy,178,52940100.0,58.82233333333333,3
Song Sung Blue,2025,"Music , Romance , Drama",Craig Brewer,English,30000000.0,57889762.0,74,Teen,0,Music,133,27889762.0,92.96587333333333,3
Pain and Glory,2019,Drama,Pedro Almodóvar,Spanish; Castilian,10769016.0,37359689.0,74,Adult,0,Drama,114,26590673.0,246.91831639956706,1
First They Killed My Father,2017,"War , Drama , History",Angelina Jolie,English,24000000.0,,74,Adult,0,War,136,,,3
Descendants 2,2017,"Family , Fantasy , TV Movie , Adventure",Kenny Ortega,English,,,74,Family Friendly,0,Family,111,,,4
GANTZ:O,2016,"Animation , Science Fiction , Action , Drama",Yasushi Kawamura,Japanese,,2238600.0,74,Adult,0,Animation,95,,,4
Vagabond,1985,Drama,Agnès Varda,French,,8100000.0,74,Family Friendly,0,Drama,106,,,1
The Secret of Kells,2009,"Animation , Family , Fantasy",Fabrice Ziolkowski,English,8000000.0,1803412.0,74,Unknown,0,Animation,79,-6196588.0,-77.45735,3
The Color of Pomegranates,1969,"Drama, History",Sergei Parajanov,Armenian,,,74,Family Friendly,0,Drama,80,,,2
Scooby-Doo! and the Witch's Ghost,1999,"Comedy , Mystery , Family , Fantasy , Animation",Jim Stenstrum,English,,,74,Unknown,0,Comedy,70,,,5
The Woman in the Window,1944,"Crime , Drama , Thriller",Fritz Lang,English,,,74,Unknown,0,Crime,99,,,3
Superman II: The Richard Donner Cut,2006,"Science Fiction , Action , Adventure",Mario Puzo,English,54000000.0,,74,Family Friendly,0,Science Fiction,116,,,3
Clerks,1994,Comedy,Kevin Smith,English,27575.0,3158707.0,74,Adult,0,Comedy,92,3131132.0,11354.966455122394,1
Little Tickles,2018,"Drama, Comedy",Eric Métayer,French,,,74,Family Friendly,0,Drama,103,,,2
The Big Short,2015,"Comedy, Drama",Adam McKay,English,28000000.0,133346506.0,74,Adult,1,Comedy,131,105346506.0,376.2375214285714,2
Selma,2014,"History, Drama",Ava DuVernay,English,20000000.0,66787908.0,74,Teen,1,History,128,46787908.0,233.93954,2
"Dearest Relatives, Poisonous Relations",1992,Comedy,Mario Monicelli,Italian,,,74,Teen,0,Comedy,105,,,1
