,title,year,certification,genres,runtime,director,awards,original_language,budget,revenue,rating
0,Avatar Aang: The Last Airbender,2026,PG,"Animation , Action , Adventure , and Fantasy",1h 39m,Tim Hedrick,,English,-,-,92
1,Accidental Partners,2026,PG-13,Comedy and Romance,1h 50m,Ihtzi Hurtado,,Spanish; Castilian,-,-,89
2,Swapped,2026,PG,"Adventure , Animation , Family , and Fantasy",1h 42m,Nathan Greno,,English,7,7,89
3,Facing El Chapo,2026,R,"Crime , Action , and Thriller",1h 31m,Chava Cartas,,Spanish; Castilian,-,-,88
4,Demon Slayer: Kimetsu no Yaiba Infinity Castle,2025,R,"Animation , Action , and Fantasy",2h 36m,Haruo Sotozaki,3 Wins,Japanese,20000000,733030221,88
5,The Shawshank Redemption,1994,R,Drama and Crime,2h 22m,Frank Darabont,2 Wins,English,25000000,28341469,87
6,The Godfather,1972,R,Drama and Crime,2h 55m,Francis Ford Coppola,1 Win,English,6000000,245066411,87
7,Michael,2026,PG-13,Music and Drama,2h 8m,Antoine Fuqua,2 Wins,English,250000000,1032616139,87
8,Project Hail Mary,2026,PG-13,Science Fiction and Adventure,2h 37m,Christopher Miller,4 Wins,English,200000000,684234722,86
9,The Godfather Part II,1974,R,Drama and Crime,3h 22m,Francis Ford Coppola,1 Win,English,13000000,102600000,86
10,12 Angry Men,1957,NR,Drama,1h 37m,Reginald Rose,,English,397751,4360000,86
11,Schindler's List,1993,R,"Drama , History , and War",3h 15m,Steven Spielberg,3 Wins,English,22000000,321365567,86
12,Young Hearts,2024,NR,Drama and Romance,1h 39m,Anthony Schatteman,,Dutch; Flemish,-,136344,86
13,Chainsaw Man - The Movie: Reze Arc,2025,R,"Animation , Action , Romance , and Fantasy",1h 40m,Tatsuya Yoshihara,,Japanese,4100000,191400000,85
14,The Dark Knight,2008,PG-13,"Action , Crime , and Thriller",2h 32m,Christopher Nolan,8 Wins,English,185000000,1004558444,85
15,Spirited Away,2001,PG,"Animation , Family , and Fantasy",2h 5m,Hayao Miyazaki,11 Wins,Japanese,19000000,274925095,85
16,The Green Mile,1999,R,"Fantasy , Drama , and Crime",3h 9m,Frank Darabont,1 Win,English,60000000,286801374,85
17,The Lord of the Rings: The Return of the King,2003,PG-13,"Adventure , Fantasy , and Action",3h 21m,Peter Jackson,16 Wins,English,94000000,1118888979,85
18,Dilwale Dulhania Le Jayenge,1995,PG,"Comedy , Drama , and Romance",3h 10m,Aditya Chopra,,Hindi,13200000,100000000,85
19,Parasite,2019,R,"Comedy , Thriller , and Drama",2h 13m,Bong Joon Ho,13 Wins,Korean,11363000,257591776,85
20,Interstellar,2014,PG-13,"Adventure , Drama , and Science Fiction",2h 49m,Christopher Nolan,3 Wins,English,165000000,746606706,85
21,Your Name.,2016,PG,"Animation , Romance , and Drama",1h 46m,Makoto Shinkai,5 Wins,Japanese,7500000,407210429,85
22,Pulp Fiction,1994,R,"Thriller , Crime , and Comedy",2h 34m,Quentin Tarantino,4 Wins,English,8000000,213928762,85
23,¿Quieres ser mi hijo?,2023,PG-13,Comedy and Romance,1h 40m,Ihtzi Hurtado,,English,-,-,85
24,"The Good, the Bad and the Ugly",1966,R,Western,2h 41m,Sergio Leone,,Italian,1200000,38900000,85
25,Forrest Gump,1994,PG-13,"Comedy , Drama , and Romance",2h 22m,Robert Zemeckis,5 Wins,English,55000000,677387716,85
26,Harakiri,1962,NR,"Action , Drama , and History",2h 15m,Masaki Kobayashi,4 Wins,Japanese,-,-,85
27,Seven Samurai,1954,NR,Action and Drama,3h 27m,Akira Kurosawa,1 Win,Japanese,2000000,105000000,85
28,Selena Gomez: My Mind & Me,2022,R,Documentary and Music,1h 35m,Alek Keshishian,,English,-,-,85
29,GoodFellas,1990,R,Drama and Crime,2h 25m,Martin Scorsese,,English,25000000,47072327,85
30,Grave of the Fireflies,1988,PG-13,"Animation , Drama , and War",1h 29m,Isao Takahata,,Japanese,3700000,842132,84
31,The Lord of the Rings: The Fellowship of the Ring,2001,PG-13,"Adventure , Fantasy , and Action",2h 59m,Peter Jackson,8 Wins,English,93000000,871368364,84
32,Life Is Beautiful,1997,PG-13,Comedy and Drama,1h 56m,Roberto Benigni,4 Wins,Italian,20000000,230098753,84
33,Fight Club,1999,R,Drama and Thriller,2h 19m,David Fincher,,English,63000000,100853753,84
34,Protector,2026,R,Action and Thriller,1h 30m,Adrian Grünberg,,English,-,1993982,84
35,Human,2015,U,Documentary,3h 11m,Yann Arthus-Bertrand,,French,15483821,-,84
36,Remarkably Bright Creatures,2026,PG-13,Drama and Mystery,1h 54m,Olivia Newman,,English,-,-,84
37,Cinema Paradiso,1988,PG,Drama and Romance,2h 4m,Giuseppe Tornatore,1 Win,Italian,5000000,35962062,84
38,The Lord of the Rings: The Two Towers,2002,PG-13,"Adventure , Fantasy , and Action",2h 59m,Peter Jackson,3 Wins,English,79000000,926287400,84
39,Everybody’s Everything,2019,15,Documentary,1h 56m,Ramez Silyan,,English,-,-,84
40,City of God,2002,R,Drama and Crime,2h 9m,Fernando Meirelles,,Portuguese,3300000,30641770,84
41,David Attenborough: A Life on Our Planet,2020,PG,Documentary and Drama,1h 23m,Jonathan Hughes,,English,-,-,84
42,A Dog's Will,2000,L,"Comedy , Drama , Fantasy , and Romance",1h 44m,Guel Arraes,,Portuguese,-,4903192,84
43,The Legend of Hei,2019,PG,"Animation , Fantasy , and Action",1h 42m,MTJJ,,Chinese,-,48045728,84
44,Impossible Things,2021,C,Family and Drama,1h 28m,Ernesto Contreras,,Spanish; Castilian,-,-,84
45,Psycho,1960,R,"Horror , Thriller , and Mystery",1h 49m,Alfred Hitchcock,,English,806947,50000000,84
46,One Flew Over the Cuckoo's Nest,1975,R,Drama,2h 15m,Miloš Forman,1 Win,English,3000000,108981275,84
47,Spider-Man: Into the Spider-Verse,2018,PG,"Animation , Action , Adventure , and Science Fiction",1h 57m,Rodney Rothman,4 Wins,English,90000000,394884133,84
48,A Silent Voice: The Movie,2016,NR,"Animation , Drama , and Romance",2h 9m,Naoko Yamada,,Japanese,-,30819442,84
49,The Empire Strikes Back,1980,PG,"Adventure , Action , and Science Fiction",2h 4m,Irvin Kershner,,English,18000000,538400000,84
50,Hope,2013,12,Drama,2h 2m,Lee Joon-ik,,Korean,-,-,84
51,Howl's Moving Castle,2004,PG,"Fantasy , Animation , and Adventure",1h 59m,Hayao Miyazaki,1 Win,Japanese,24000000,236049757,84
52,Lucy Shimmers and the Prince of Peace,2020,G,Drama and Family,1h 27m,Rob Diamond,,English,-,-,84
53,Gabriel's Inferno,2020,,Romance and Drama,2h 2m,Tosca Musk,,English,-,-,84
54,Se7en,1995,R,"Crime , Mystery , and Thriller",2h 7m,David Fincher,,English,33000000,327311859,84
55,High and Low,1963,NR,"Drama , Crime , Thriller , and Mystery",2h 22m,Akira Kurosawa,2 Wins,Japanese,250000,-,84
56,Whiplash,2014,R,"Drama , Music , and Thriller",1h 47m,Damien Chazelle,11 Wins,English,3300000,50307484,84
57,Once Upon a Time in America,1984,R,Drama and Crime,2h 19m,Sergio Leone,,English,30000000,5500000,84
58,Inception,2010,PG-13,"Action , Science Fiction , and Adventure",2h 28m,Christopher Nolan,9 Wins,English,160000000,839030630,84
59,The Pianist,2002,R,Drama and War,2h 30m,Roman Polanski,7 Wins,English,35000000,120098945,84
60,Voicemails for Isabelle,2026,PG-13,"Romance , Comedy , and Drama",1h 59m,Leah McKendrick,,English,-,-,83
61,Gabriel's Inferno: Part II,2020,R,Romance and Drama,1h 46m,Tosca Musk,,English,-,-,83
62,Squid Game: Making Season 2,2025,R,Documentary,28m,,,Korean,-,-,83
63,Spider-Man: Across the Spider-Verse,2023,PG,"Animation , Action , Adventure , and Science Fiction",2h 20m,Justin K. Thompson,16 Wins,English,100000000,690897910,83
64,The Silence of the Lambs,1991,R,"Crime , Thriller , and Drama",1h 59m,Jonathan Demme,1 Win,English,19000000,272742922,83
65,Gabriel's Inferno: Part III,2020,,Romance and Drama,1h 42m,Tosca Musk,,English,-,-,83
66,Rear Window,1954,PG,"Thriller , Mystery , and Drama",1h 53m,Alfred Hitchcock,,English,1000000,37042336,83
67,Radical,2023,PG-13,Drama,2h 5m,Christopher Zalla,,Spanish; Castilian,10000000,21761164,83
68,Burn the Stage: The Movie,2018,PG,Music and Documentary,1h 25m,Park Jun-soo,,Korean,-,-,83
69,Stop Making Sense,1984,PG,Documentary and Music,1h 28m,Jonathan Demme,,English,1200000,12471520,83
70,Back to the Future,1985,PG,"Adventure , Comedy , and Science Fiction",1h 56m,Robert Zemeckis,,English,19000000,381109762,83
71,American History X,1998,R,Drama,1h 59m,Tony Kaye,,English,20000000,23900000,83
72,Princess Mononoke,1997,PG-13,"Adventure , Fantasy , and Animation",2h 14m,Hayao Miyazaki,4 Wins,Japanese,23500000,176506186,83
73,Dou kyu sei – Classmates,2016,PG-13,Romance and Animation,1h 1m,Shoko Nakamura,,Japanese,-,1397526,83
74,Ikiru,1952,NR,Drama,2h 23m,Akira Kurosawa,3 Wins,Japanese,85000,55240,83
75,Perfect Blue,1998,R,Animation and Thriller,1h 21m,Satoshi Kon,,Japanese,830442,2743097,83
76,The Wild Robot,2024,PG,"Family , Animation , Science Fiction , and Adventure",1h 42m,Chris Sanders,17 Wins,English,78000000,331982078,83
77,Ennio,2022,NR,"Documentary , Music , and History",2h 36m,Giuseppe Tornatore,1 Win,Italian,-,4332386,83
78,Violet Evergarden: The Movie,2020,PG,"Animation , Drama , Fantasy , and Romance",2h 20m,Taichi Ishidate,,Japanese,-,20339624,83
79,Dead Poets Society,1989,PG,Drama,2h 9m,Peter Weir,,English,16400000,235860116,83
80,Léon: The Professional,1994,R,"Crime , Drama , and Action",1h 51m,Luc Besson,1 Win,French,16000000,20330788,83
81,Bring the Soul: The Movie,2019,ALL,Music and Documentary,1h 45m,Park Jun-soo,,Korean,-,12150259,83
82,Dedicated to my ex,2019,A,Drama and Comedy,1h 34m,Jorge Ulloa,,Spanish; Castilian,-,1315376,83
83,The Great Dictator,1940,NR,Comedy and War,2h 5m,Charlie Chaplin,,English,2000000,11000000,83
84,Modern Times,1936,G,"Comedy , Drama , and Romance",1h 27m,Charlie Chaplin,,English,1500000,1800000,83
85,Out of the Clear Blue Sky,2019,PG13,"Comedy , Drama , and Music",1h 52m,Pepe Bojórquez,,Spanish; Castilian,-,-,83
86,We All Loved Each Other So Much,1974,T,Drama and Comedy,2h 5m,Ettore Scola,,Italian,-,-,83
87,Toy Story 5,2026,PG,"Animation , Family , Comedy , and Adventure",1h 42m,Andrew Stanton,,English,250000000,1128578473,83
88,Night and Fog,1956,15,Documentary and History,32m,Alain Resnais,,French,-,-,83
89,It's a Wonderful Life,1946,PG,"Drama , Family , and Fantasy",2h 11m,Frank Capra,1 Win,English,3180000,9644124,83
90,Sunset Boulevard,1950,NR,Drama,1h 50m,Billy Wilder,4 Wins,English,1752000,5000000,83
91,The Punisher: One Last Kill,2026,R,"Action , Drama , and Crime",51m,Reinaldo Marcus Green,,English,-,-,83
92,The Intouchables,2011,R,Drama and Comedy,1h 53m,Olivier Nakache,2 Wins,French,13000000,426590315,83
93,The Quintessential Quintuplets Movie,2022,G,"Animation , Comedy , and Romance",2h 16m,Masato Jimbo,,Japanese,-,3670507,83
94,Once Upon a Time in the West,1968,PG-13,Drama and Western,2h 46m,Sergio Leone,,Italian,5000000,5380118,83
95,Counterattack,2025,R,"Action , Adventure , and Thriller",1h 25m,Chava Cartas,,Spanish; Castilian,-,-,83
96,Neon Genesis Evangelion: The End of Evangelion,1997,R,"Animation , Science Fiction , Drama , Fantasy , and Action",1h 27m,Hideaki Anno,,Japanese,7500000,26000000,83
97,Apocalypse Now,1979,R,Drama and War,2h 27m,Francis Ford Coppola,,English,31500000,150000000,83
98,Hotarubi no Mori e,2011,G,"Romance , Animation , and Fantasy",45m,Takahiro Omori,1 Win,Japanese,-,-,83
99,Once Upon a Studio,2023,G,"Animation , Family , Fantasy , Drama , and Comedy",9m,Trent Correy,,English,-,-,83
100,"Josee, the Tiger and the Fish",2020,0+,"Animation , Drama , and Romance",1h 38m,Kotaro Tamura,,Japanese,-,-,83
101,The Matrix,1999,R,Action and Science Fiction,2h 16m,Lana Wachowski,5 Wins,English,63000000,463517383,83
102,Michael Jackson's Thriller,1983,PG,"Horror , Music , and Thriller",14m,John Landis,,English,500000,76000000,83
103,The Lion King,1994,G,"Animation , Family , and Drama",1h 29m,Roger Allers,2 Wins,English,45000000,763455561,83
104,Paths of Glory,1957,NR,War and Drama,1h 28m,Stanley Kubrick,,English,935000,1200000,83
105,Miracle in Cell No. 7,2019,13+,Drama,2h 12m,Mehmet Ada Öztekin,,Turkish,-,28000000,83
106,City Lights,1931,G,"Comedy , Drama , and Romance",1h 27m,Charlie Chaplin,,English,1500000,4250000,83
107,Clouds,2020,PG-13,Music and Drama,2h 1m,Kara Holden,,English,-,-,82
108,The Super Mario Galaxy Movie,2026,PG,"Family , Comedy , Adventure , Fantasy , and Animation",1h 38m,Aaron Horvath,,English,110000000,1012203331,82
109,Avengers: Infinity War,2018,PG-13,"Adventure , Action , and Science Fiction",2h 29m,Joe Simon,,English,300000000,2052415039,82
110,Le Trou,1960,NR,"Drama , Thriller , and Crime",2h 12m,Jacques Becker,,French,-,33187,82
111,Avengers: Endgame,2019,PG-13,"Adventure , Science Fiction , and Action",3h 1m,Keith Giffen,2 Wins,English,356000000,2799439100,82
112,I Swear,2025,R,Drama and History,2h 1m,Kirk Jones,3 Wins,English,3730000,15564404,82
113,The Legend of 1900,1998,R,Drama and Music,2h 50m,Giuseppe Tornatore,,Italian,9000000,21057208,82
114,Oldboy,2003,R,Thriller and Mystery,2h,Park Chan-wook,,Korean,3000000,17500000,82
115,Rascal Does Not Dream of a Dreaming Girl,2019,NR,"Animation , Romance , Drama , and Fantasy",1h 30m,Soichi Masui,,Japanese,-,-,82
116,A Brighter Summer Day,1991,NR,"Crime , Drama , and Romance",3h 57m,Edward Yang,,Chinese,-,-,82
117,For Sama,2019,18,Documentary and War,1h 40m,Waad al-Kateab,1 Win,English,-,-,82
118,Saving Private Ryan,1998,R,"War , Drama , and History",2h 49m,Steven Spielberg,6 Wins,English,70000000,481840909,82
119,Gladiator,2000,R,"Action , Drama , and Adventure",2h 35m,David Franzoni,6 Wins,English,103000000,465516248,82
120,I Want to Eat Your Pancreas,2018,G,"Animation , Drama , and Romance",1h 48m,Shinichiro Ushijima,,Japanese,-,33748006,82
121,Demon Slayer -Kimetsu no Yaiba- The Movie: Mugen Train,2020,R,"Animation , Action , and Fantasy",1h 57m,Haruo Sotozaki,3 Wins,Japanese,15700000,523542183,82
122,Il Sorpasso,1962,6,"Drama , Comedy , and Adventure",1h 45m,Dino Risi,,Italian,-,1892298,82
123,Baraka,1992,NR,Documentary,1h 37m,Ron Fricke,,English,4000000,-,82
124,Given,2020,G,"Animation , Drama , Music , and Romance",1h,Hikaru Yamaguchi,,Japanese,-,930363,82
125,Green Book,2018,PG-13,"Drama , Comedy , and History",2h 10m,Peter Farrelly,10 Wins,English,23000000,321752656,82
126,Life in a Year,2020,PG-13,Drama and Romance,1h 47m,Mitja Okorn,,English,-,-,82
127,Klaus,2019,PG,"Animation , Family , and Comedy",1h 37m,Sergio Pablos,1 Win,English,-,-,82
128,Inglourious Basterds,2009,R,"Drama , Thriller , and War",2h 33m,Quentin Tarantino,4 Wins,English,70000000,321457747,82
129,Evangelion: 3.0+1.0 Thrice Upon a Time,2021,R,"Animation , Action , Science Fiction , and Drama",2h 35m,Hideaki Anno,1 Win,Japanese,29700000,93882453,82
130,Woman in the Dunes,1964,NR,Drama and Thriller,2h 27m,Kōbō Abe,4 Wins,Japanese,-,-,82
131,Puss in Boots: The Last Wish,2022,PG,"Animation , Adventure , Fantasy , Comedy , and Family",1h 43m,Tommy Swerdlow,1 Win,English,90000000,484700000,82
132,Five Feet Apart,2019,PG-13,Romance and Drama,1h 56m,Justin Baldoni,,English,7000000,92600000,82
133,Wolf Children,2012,PG,"Animation , Family , Drama , and Fantasy",1h 57m,Mamoru Hosoda,2 Wins,Japanese,-,55262158,82
134,"The Boy, the Mole, the Fox and the Horse",2022,G,"Animation , Family , Drama , and Adventure",35m,Peter Baynton,2 Wins,English,-,-,82
135,The Prestige,2006,PG-13,"Drama , Mystery , and Science Fiction",2h 10m,Christopher Nolan,,English,40000000,109676311,82
136,One Direction: This Is Us,2013,PG,Documentary and Music,1h 32m,Morgan Spurlock,,English,10000000,68500000,82
137,Obsession,2026,R,Horror and Thriller,1h 49m,Curry Barker,4 Wins,English,750000,505746715,82
138,Witness for the Prosecution,1957,NR,"Drama , Mystery , and Crime",1h 56m,Billy Wilder,,English,3000000,9000000,82
139,Star Wars,1977,PG,"Adventure , Action , and Science Fiction",2h 1m,George Lucas,,English,11000000,775398007,82
140,The Help,2011,PG-13,Drama,2h 26m,Tate Taylor,7 Wins,English,25000000,216600000,82
141,Bound by Honor,1993,R,"Crime , Drama , and Thriller",3h 10m,Taylor Hackford,,English,35000000,4500000,82
142,The Shining,1980,R,Horror and Thriller,2h 24m,Stanley Kubrick,,English,19000000,50312025,82
143,Taylor Swift: Reputation Stadium Tour,2018,PG,Music,2h 5m,Paul Dugdale,,English,-,-,82
144,Coco,2017,PG,"Family , Animation , Music , and Adventure",1h 45m,Lee Unkrich,5 Wins,English,175000000,814641172,82
145,Shutter Island,2010,R,"Drama , Thriller , and Mystery",2h 18m,Martin Scorsese,,English,80000000,294804195,82
146,Mommy,2014,R,Drama,2h 18m,Xavier Dolan,10 Wins,French,4900000,3494070,82
147,Look Back,2024,NR,Animation and Drama,58m,Kiyotaka Oshiyama,2 Wins,Japanese,-,25198872,82
148,BTS WORLD TOUR [LOVE YOURSELF] in Seoul,2019,ALL,Music,2h 40m,Son Sung-deuk,,Korean,-,10195760,82
149,Come and See,1985,NR,"Drama , War , Horror , and History",2h 22m,Elem Klimov,,Russian,5000000,20929648,82
150,Django Unchained,2012,R,Drama and Western,2h 45m,Quentin Tarantino,7 Wins,English,100000000,425368238,82
151,The Forge,2024,PG,Drama and Family,2h 3m,Alex Kendrick,,English,5000000,40392664,82
152,Hacksaw Ridge,2016,R,"Drama , History , and War",2h 19m,Mel Gibson,5 Wins,English,40000000,175302354,82
153,Justice League Dark: Apokolips War,2020,R,"Animation , Action , Adventure , and Fantasy",1h 30m,Mairghread Scott,,English,-,-,82
154,Investigation of a Citizen Above Suspicion,1970,R,Drama and Thriller,1h 51m,Elio Petri,,Italian,-,-,82
155,Steven Universe: The Movie,2019,PG,"Animation , Family , Adventure , Fantasy , Drama , and TV Movie",1h 23m,Rebecca Sugar,,English,-,-,82
156,The Apartment,1960,14A,"Comedy , Drama , and Romance",2h 6m,Billy Wilder,,English,3000000,25000000,82
157,20th Century Girl,2022,12,Romance and Drama,1h 59m,Bang Woo-ri,,Korean,-,-,82
158,Red Beard,1965,15,Drama,3h 5m,Akira Kurosawa,1 Win,Japanese,650000,1110000,82
159,Innocent Voices,2005,R,Drama and War,2h,Luis Mandoki,,Spanish; Castilian,-,837000,82
160,The Shadow's Edge,2025,NR,"Action , Crime , Drama , and Thriller",2h 22m,Larry Yang,,Chinese,-,174400000,82
161,My Mom Is a Character 3,2019,12,Comedy,1h 50m,Susana Garcia,,Portuguese,2000000,39273021,82
162,Doctor Who: The Day of the Doctor,2013,,Science Fiction and Adventure,1h 17m,Nick Hurran,,English,-,10000000,82
163,The Handmaiden,2016,R,"Thriller , Drama , and Romance",2h 25m,Park Chan-wook,1 Win,Korean,8575000,38600000,82
164,Memento,2000,R,Mystery and Thriller,1h 53m,Christopher Nolan,5 Wins,English,9000000,40060108,82
165,Alien,1979,R,Horror and Science Fiction,1h 57m,Dan O'Bannon,,English,11000000,104931801,82
166,A Clockwork Orange,1971,NC-17,Science Fiction and Crime,2h 17m,Stanley Kubrick,,English,2200000,27033812,82
167,TAYLOR SWIFT | THE ERAS TOUR,2023,PG-13,Music,2h 49m,Sam Wrench,,English,15000000,261656269,82
168,Billie Eilish: The World's a Little Blurry,2021,R,Documentary and Music,2h 20m,R.J. Cutler,,English,-,-,82
169,Wolfwalkers,2020,PG,"Animation , Family , Adventure , and Fantasy",1h 42m,Tomm Moore,,English,12000000,1310720,82
170,Terminator 2: Judgment Day,1991,R,"Action , Thriller , and Science Fiction",2h 17m,James Cameron,1 Win,English,102000000,517778573,82
171,BLACKPINK: Light Up the Sky,2020,PG-13,Documentary and Music,1h 19m,Caroline Suh,,Korean,-,-,82
172,The Usual Suspects,1995,R,"Drama , Crime , and Thriller",1h 46m,Bryan Singer,2 Wins,English,6000000,23300000,82
173,Good Will Hunting,1997,R,Drama,2h 7m,Gus Van Sant,3 Wins,English,10000000,225933435,82
174,Hoppers,2026,PG,"Adventure , Animation , Comedy , Family , and Science Fiction",1h 44m,Daniel Chong,,English,150000000,389685783,82
175,Silenced,2011,19,Drama,2h 5m,Hwang Dong-hyuk,,Korean,2200000,31500000,82
176,Bicycle Thieves,1948,NR,Drama,1h 29m,Vittorio De Sica,2 Wins,Italian,133000,450159,82
177,Ne Zha 2,2025,NR,"Animation , Action , Fantasy , and Adventure",2h 24m,Jiao Zi,,Chinese,80000000,2259822417,82
178,Top Gun: Maverick,2022,PG-13,Action and Drama,2h 11m,Jim Cash,12 Wins,English,170000000,1488732821,82
179,The Furious,2026,R,"Action , Crime , and Thriller",1h 54m,Kenji Tanigaki,3 Wins,Chinese,20000000,39745080,82
180,The Departed,2006,R,"Drama , Thriller , and Crime",2h 31m,Martin Scorsese,6 Wins,English,90000000,291465000,82
181,The Truman Show,1998,PG,Comedy and Drama,1h 43m,Peter Weir,,English,60000000,264118712,82
182,The Art of Racing in the Rain,2019,PG,Drama and Romance,1h 49m,Simon Curtis,,English,18000000,33800000,82
183,Scarface,1983,R,"Action , Crime , and Drama",2h 50m,Brian De Palma,,English,25000000,66023329,82
184,Capernaum,2018,12,Drama,2h 6m,Nadine Labaki,,Arabic,4000000,64978931,81
185,Tokyo Story,1953,NR,Drama,2h 17m,Yasujirō Ozu,1 Win,Japanese,-,-,81
186,The Seventh Seal,1957,NR,Fantasy and Drama,1h 36m,Ingmar Bergman,,Swedish,150000,311212,81
187,Togo,2019,PG,"Adventure , History , and Drama",1h 53m,Ericson Core,,English,-,-,81
188,Maquia: When the Promised Flower Blooms,2018,PG-13,"Animation , Drama , and Fantasy",1h 55m,Mari Okada,,Japanese,-,4345395,81
189,The Kid,1921,NR,Comedy and Drama,1h 8m,Charlie Chaplin,,English,250000,5450000,81
190,Casablanca,1943,PG,Drama and Romance,1h 42m,Michael Curtiz,,English,878000,10462500,81
191,Piper,2016,G,Family and Animation,6m,Alan Barillaro,1 Win,English,-,-,81
192,Dune: Part Two,2024,PG-13,Science Fiction and Adventure,2h 47m,Denis Villeneuve,17 Wins,English,190000000,714844358,81
193,Vertigo,1958,PG,"Mystery , Romance , and Thriller",2h 8m,Alfred Hitchcock,,English,2479000,7808900,81
194,Singin' in the Rain,1952,G,Comedy and Romance,1h 43m,Betty Comden,1 Win,English,2540800,7200000,81
195,My Hero Academia: Heroes Rising,2019,PG-13,"Animation , Action , Fantasy , and Adventure",1h 44m,Kohei Horikoshi,,Japanese,-,30017163,81
196,Earthlings,2005,16,Documentary,1h 35m,Shaun Monson,,English,-,-,81
197,Palmer,2021,R,Drama,1h 50m,Fisher Stevens,,English,-,-,81
198,Kill Bill: The Whole Bloody Affair,2011,NR,"Action , Crime , Drama , and Thriller",4h 14m,Quentin Tarantino,,English,60000000,12338649,81
199,Taxi Driver,1976,R,Crime and Drama,1h 54m,Martin Scorsese,,English,1900000,28579636,81
200,WALL·E,2008,G,"Animation , Family , and Science Fiction",1h 38m,Andrew Stanton,3 Wins,English,180000000,521311860,81
201,Persona,1966,15,Drama,1h 25m,Ingmar Bergman,,Swedish,-,250000,81
202,Central Station,1998,L,Drama,1h 51m,Walter Salles,,Portuguese,2900000,5596708,81
203,Better Days,2019,NR,"Drama , Crime , and Romance",2h 15m,Derek Tsang Kwok-Cheung,,Chinese,-,225879065,81
204,Dr. Strangelove or: How I Learned to Stop Worrying and Love the Bomb,1964,PG,Comedy and War,1h 35m,Stanley Kubrick,1 Win,English,1800000,9500000,81
205,Full Metal Jacket,1987,R,Drama and War,1h 57m,Stanley Kubrick,,English,30000000,46357676,81
206,Joker,2019,R,"Crime , Thriller , and Drama",2h 2m,Todd Phillips,14 Wins,English,55000000,1078958629,81
207,My Friends,1975,R,Comedy,2h 20m,Pietro Germi,,Italian,-,-,81
208,Colony,2026,R,"Action , Horror , and Science Fiction",2h 3m,Yeon Sang-ho,,Korean,-,-,81
209,How to Make Millions Before Grandma Dies,2024,NR,Drama,2h 6m,Pat Boonnitipat,,Thai,1000000,73800000,81
210,Reservoir Dogs,1992,R,Crime and Thriller,1h 39m,Quentin Tarantino,1 Win,English,1200000,2859750,81
211,Love Hurts,2002,,Drama and Romance,1h 44m,Fernando Sariñana,,Spanish; Castilian,10000000,-,81
212,Prisoners,2013,R,"Drama , Thriller , and Crime",2h 33m,Denis Villeneuve,,English,46000000,122127446,81
213,Senna,2010,PG-13,Documentary,1h 46m,Asif Kapadia,2 Wins,English,-,8212430,81
214,"“The Shorts” by Aldo, Giovanni and Giacomo",1996,,Comedy,2h 10m,Arturo Brachetti,,Italian,-,-,81
215,Jujutsu Kaisen 0,2021,PG-13,"Animation , Action , and Fantasy",1h 45m,Sunghoo Park,1 Win,Japanese,-,195870885,81
216,Incendies,2010,R,"Drama , War , and Mystery",2h 11m,Denis Villeneuve,10 Wins,French,6800000,6788659,81
217,Mortal Kombat Legends: Scorpion's Revenge,2020,R,"Animation , Action , and Fantasy",1h 20m,Ethan Spaulding,,English,-,-,81
218,Wonder,2017,PG,Family and Drama,1h 53m,Stephen Chbosky,,English,20000000,315025930,81
219,The Hunt,2012,R,Drama,1h 56m,Thomas Vinterberg,,Danish,3800000,18300000,81
220,"Lock, Stock and Two Smoking Barrels",1998,R,Comedy and Crime,1h 45m,Guy Ritchie,,English,1350000,28356188,81
221,The Salt of the Earth,2014,PG-13,Documentary,1h 50m,Juliano Ribeiro Salgado,,French,-,1059804,81
222,The Father,2020,PG-13,Drama,1h 37m,Florian Zeller,6 Wins,English,6000000,21029340,81
223,Soul,2020,PG,"Animation , Family , Drama , Music , and Fantasy",1h 41m,Pete Docter,14 Wins,English,150000000,121977511,81
224,Portrait of a Lady on Fire,2019,R,Drama and Romance,2h 1m,Céline Sciamma,,French,5740000,9923127,81
225,Eternal Sunshine of the Spotless Mind,2004,R,"Science Fiction , Drama , and Romance",1h 48m,Michel Gondry,3 Wins,English,20000000,72258126,81
226,The Tale of The Princess Kaguya,2013,PG,"Animation , Drama , and Fantasy",2h 17m,Isao Takahata,1 Win,Japanese,49300000,24366656,81
227,Stalker,1979,NR,Science Fiction and Drama,2h 42m,Andrei Tarkovsky,,Russian,120000,-,81
228,Double Indemnity,1944,NR,Crime and Thriller,1h 47m,Billy Wilder,,English,927262,2500000,81
229,In the Mood for Love,2000,PG,Drama and Romance,1h 39m,Wong Kar-Wai,,Cantonese,3000000,15867968,81
230,Metropolis,1927,NR,Drama and Science Fiction,2h 28m,Fritz Lang,,German,5300000,1350322,81
231,Violet Evergarden: Eternity and the Auto Memory Doll,2019,PG-13,"Drama , Fantasy , and Animation",1h 30m,Haruka Fujita,,Japanese,-,10841702,81
232,Big Deal on Madonna Street,1958,T,Comedy and Crime,1h 46m,Mario Monicelli,,Italian,-,-,81
233,La Haine,1995,NR,Drama,1h 38m,Mathieu Kassovitz,,French,2600000,15300000,81
234,Call Me by Your Name,2017,R,Romance and Drama,2h 12m,Luca Guadagnino,9 Wins,English,3500000,43143046,81
235,Sansho the Bailiff,1954,,Drama,2h 4m,Kenji Mizoguchi,,Japanese,-,-,81
236,Harry Potter and the Deathly Hallows: Part 2,2011,PG-13,Adventure and Fantasy,2h 10m,David Yates,3 Wins,English,125000000,1341511219,81
237,8½,1963,NR,Drama,2h 19m,Federico Fellini,,Italian,-,-,81
238,Zack Snyder's Justice League,2021,R,"Action , Adventure , and Fantasy",4h 2m,Zack Snyder,,English,70000000,-,81
239,Yojimbo,1961,NR,Drama and Thriller,1h 50m,Akira Kurosawa,,Japanese,-,-,81
240,Das Boot,1981,R,"Drama , History , and War",2h 30m,Wolfgang Petersen,,German,14000000,85000000,81
241,Some Like It Hot,1959,13,"Comedy , Romance , and Crime",2h 3m,Billy Wilder,,English,2900000,25000000,81
242,20 Days in Mariupol,2023,NR,Documentary and War,1h 34m,Mstyslav Chernov,7 Wins,English,-,21000,81
243,"Miraculous World: New York, United HeroeZ",2020,PG,"Animation , Family , Action , Adventure , and TV Movie",1h 1m,Thomas Astruc,,French,-,-,81
244,The Invisible Guest,2017,12,"Drama , Mystery , and Thriller",1h 47m,Oriol Paulo,,Spanish; Castilian,4000000,30000000,81
245,All About Eve,1950,PG,Drama,2h 19m,Joseph L. Mankiewicz,1 Win,English,1400000,8402553,81
246,To Live,1994,15,"Drama , Romance , and War",2h 13m,Yu Hua,,Chinese,-,-,81
247,The Great War,1959,T,"Comedy , War , and Drama",2h 17m,Mario Monicelli,,Italian,-,-,81
248,Wild Strawberries,1957,15,Drama,1h 31m,Ingmar Bergman,,Swedish,-,-,81
249,The Thing,1982,R,"Horror , Mystery , and Science Fiction",1h 49m,John Carpenter,,English,15000000,19629760,81
250,"Paris, Texas",1984,R,Drama,2h 25m,Wim Wenders,,English,1750000,2181987,81
251,The Avengers,2012,PG-13,"Science Fiction , Action , and Adventure",2h 23m,Joss Whedon,1 Win,English,220000000,1518815515,81
252,Far from the Tree,2021,G,Animation and Family,7m,Natalie Nourigat,,English,-,-,81
253,GOAT,2026,PG,"Animation , Comedy , and Family",1h 40m,Tyree Dillihay,,English,90000000,193566330,81
254,Doctor Who: The Time of the Doctor,2013,,"Drama , Science Fiction , and TV Movie",1h,Jamie Payne,,English,-,-,81
255,There's Still Tomorrow,2023,NR,"Drama , Comedy , and History",1h 58m,Paola Cortellesi,,Italian,9000000,50121593,81
256,The Hate U Give,2018,PG-13,Crime and Drama,2h 13m,George Tillman Jr.,,English,23000000,34934009,81
257,Flow,2024,PG,"Adventure , Animation , Family , and Fantasy",1h 25m,Gints Zilbalodis,8 Wins,Latvian,3700000,17660107,81
258,My Neighbor Totoro,1988,G,"Fantasy , Animation , and Family",1h 26m,Hayao Miyazaki,2 Wins,Japanese,3700000,41000000,81
259,There Will Be Blood,2007,R,Drama,2h 38m,Paul Thomas Anderson,5 Wins,English,25000000,77208711,81
260,Green Snake,2021,12,"Animation , Fantasy , Action , and Adventure",2h 12m,Amp Wong,,Chinese,-,87212911,81
261,New Gods: Nezha Reborn,2021,G,"Animation , Fantasy , and Action",1h 57m,Zhao Ji,,Chinese,-,70000000,81
262,Prayers for Bobby,2009,PG,"Drama , History , and TV Movie",1h 29m,Russell Mulcahy,,English,-,-,81
263,M,1931,PG-13,"Drama , Thriller , and Crime",1h 50m,Fritz Lang,,German,-,35274,81
264,Memories of Murder,2003,15,"Crime , Drama , and Thriller",2h 11m,Bong Joon Ho,,Korean,2800000,26000000,81
265,Elite Squad,2007,R,"Drama , Action , and Crime",1h 55m,José Padilha,,Portuguese,4000000,14759148,81
266,Samsara,2011,PG-13,Documentary,1h 42m,Ron Fricke,,English,4000000,2639616,81
267,A Special Day,1977,NR,Drama and Romance,1h 46m,Ettore Scola,,Italian,-,-,81
268,Memoir of a Snail,2024,R,"Animation , Comedy , and Drama",1h 34m,Adam Elliot,,English,4350000,7,81
269,The Young and the Damned,1950,16,Drama and Crime,1h 22m,Luis Buñuel,,Spanish; Castilian,-,-,81
270,The Shop Around the Corner,1940,NR,"Comedy , Drama , and Romance",1h 39m,Ernst Lubitsch,,English,500000,-,81
271,Dear Zachary: A Letter to a Son About His Father,2008,NR,Documentary and Crime,1h 34m,Kurt Kuenne,,English,-,-,81
272,Pride & Prejudice,2005,PG,Drama and Romance,2h 8m,Joe Wright,,English,28000000,124604345,81
273,The Elephant Man,1980,PG,Drama and History,2h 4m,David Lynch,,English,5000000,26000000,81
274,Black Clover: Sword of the Wizard King,2023,PG-13,"Animation , Fantasy , Action , and Adventure",1h 53m,Ayataka Tanemura,,Japanese,-,-,81
275,"Three Billboards Outside Ebbing, Missouri",2017,R,Crime and Drama,1h 55m,Martin McDonagh,18 Wins,English,15000000,162729321,81
276,The Voice of Hind Rajab,2025,NR,Drama and History,1h 29m,Kaouther Ben Hania,2 Wins,Arabic,-,5058441,81
277,Along with the Gods: The Last 49 Days,2018,NR,"Action , Adventure , Fantasy , and Thriller",2h 21m,Kim Yong-hwa,,Korean,18300000,112790210,81
278,Along with the Gods: The Two Worlds,2017,NR,"Action , Adventure , Drama , Fantasy , and Thriller",2h 19m,Kim Yong-hwa,,Korean,18300000,125983972,81
279,Hidden Figures,2016,PG,Drama and History,2h 7m,Theodore Melfi,1 Win,English,25000000,235957472,80
280,A Dog's Journey,2019,PG,"Family , Adventure , and Drama",1h 49m,W. Bruce Cameron,,English,16000000,78871079,80
281,2001: A Space Odyssey,1968,G,"Science Fiction , Mystery , and Adventure",2h 29m,Stanley Kubrick,,English,12000000,71923560,80
282,Scenes from a Marriage,1974,15,Drama and Romance,2h 49m,Ingmar Bergman,,Swedish,150000,-,80
283,Children of Paradise,1945,NR,Drama and Romance,3h 10m,Marcel Carné,,French,-,1457,80
284,Sherlock Jr.,1924,NR,"Action , Comedy , and Mystery",45m,Buster Keaton,,English,-,-,80
285,Purple Hearts,2022,PG-13,Romance and Drama,2h 2m,Elizabeth Allen Rosenbaum,,English,-,-,80
286,Me Against You: Mr. S's Vendetta,2020,T,Family and Fantasy,1h 4m,Luigi Calagna,,Italian,75000,9500000,80
287,The Lives of Others,2006,R,Drama and Thriller,2h 17m,Florian Henckel von Donnersmarck,2 Wins,German,2000000,77672685,80
288,Lion,2016,PG-13,Drama,1h 58m,Garth Davis,2 Wins,English,12000000,140312928,80
289,My Name Is Khan,2010,PG-13,Drama and Romance,2h 45m,Shibani Bathija,,Hindi,12000000,42345360,80
290,HOMECOMING: A film by Beyoncé,2019,R,"Documentary , Music , and TV Movie",2h 17m,Beyoncé,,English,-,-,80
291,A Taxi Driver,2017,15,"Action , Drama , and History",2h 18m,Jang Hoon,,Korean,12820005,81927980,80
292,The Best of Youth,2003,R,"Drama , History , and Romance",6h 7m,Sandro Petraglia,,Italian,-,2693053,80
293,Late Spring,1949,M/12,Drama,1h 48m,Yasujirō Ozu,4 Wins,Japanese,-,-,80
294,How to Train Your Dragon: Homecoming,2019,PG,"Animation , Fantasy , Adventure , and Family",22m,Tim Johnson,,English,-,-,80
295,Rashomon,1950,NR,"Crime , Drama , and Mystery",1h 28m,Akira Kurosawa,1 Win,Japanese,250000,117668,80
296,For a Few Dollars More,1965,R,Western,2h 12m,Sergio Leone,,Italian,600000,15000000,80
297,Paris Is Burning,1991,R,Documentary and History,1h 18m,Jennie Livingston,,English,500000,3906006,80
298,The Dawn Wall,2017,NR,Documentary and Adventure,1h 41m,Josh Lowell,,English,-,-,80
299,La Dolce Vita,1960,NR,Comedy and Drama,2h 54m,Federico Fellini,,Italian,-,19647000,80
300,The Wolf of Wall Street,2013,R,"Crime , Drama , and Comedy",3h,Martin Scorsese,2 Wins,English,100000000,407039432,80
301,The Grand Budapest Hotel,2014,R,Comedy and Drama,1h 40m,Wes Anderson,11 Wins,English,30000000,174600318,80
302,Amadeus,1984,PG,"Drama , History , and Music",2h 40m,Miloš Forman,4 Wins,English,18000000,90007557,80
303,KONOSUBA – God's blessing on this wonderful world! Legend of Crimson,2019,12,"Animation , Comedy , and Fantasy",1h 30m,Takaomi Kanasaki,,Japanese,-,5078942,80
304,No Other Land,2024,NR,Documentary,1h 32m,Yuval Abraham,8 Wins,Arabic,-,3608606,80
305,Oppenheimer,2023,R,Drama and History,3h 1m,Christopher Nolan,46 Wins,English,100000000,952000000,80
306,Front of the Class,2008,,Drama,1h 35m,Peter Werner,,English,-,-,80
307,Ultraman: Rising,2024,PG,"Animation , Science Fiction , Family , and Action",1h 57m,Shannon Tindle,,English,-,-,80
308,Ugetsu,1953,NR,"Fantasy , Drama , and Mystery",1h 36m,Kenji Mizoguchi,2 Wins,Japanese,-,-,80
309,On My Skin,2018,T,Drama,1h 40m,Alessio Cremonini,,Italian,-,-,80
310,Flipped,2010,PG,Romance and Drama,1h 29m,Rob Reiner,,English,14000000,4324817,80
311,Ran,1985,R,"Action , Drama , and History",2h 40m,Akira Kurosawa,3 Wins,Japanese,12000000,23334156,80
312,The Sting,1973,PG,"Comedy , Crime , and Drama",2h 9m,George Roy Hill,,English,5500000,159616327,80
313,Believe Me: The Abduction of Lisa McVey,2018,PG-13,"Drama , TV Movie , and Crime",1h 27m,Jim Donovan,,English,-,-,80
314,The Second Mother,2015,12,Drama,1h 52m,Anna Muylaert,,Portuguese,-,-,80
315,"Rome, Open City",1945,T,Drama and War,1h 44m,Roberto Rossellini,,Italian,20000,1000000,80
316,Harry Potter and the Prisoner of Azkaban,2004,PG,Adventure and Fantasy,2h 21m,Alfonso Cuarón,,English,130000000,789804554,80
317,Ayla: The Daughter of War,2017,PG-13,"Drama , War , and History",2h 4m,Can Ulkay,,Turkish,4200000,21107423,80
318,Bo Burnham: Make Happy,2016,AL,Comedy and Music,1h,Bo Burnham,,English,-,-,80
319,3 Idiots,2009,PG-13,Drama and Comedy,2h 51m,Rajkumar Hirani,,Hindi,9000000,70000000,80
320,Rocco and His Brothers,1960,NR,"Drama , Romance , and Crime",2h 58m,Luchino Visconti,,Italian,-,-,80
321,Requiem for a Dream,2000,NR,Crime and Drama,1h 42m,Darren Aronofsky,3 Wins,English,4500000,7390108,80
322,Ford v Ferrari,2019,PG-13,"Drama , History , and Action",2h 33m,James Mangold,3 Wins,English,97600000,225508210,80
323,Nobody Knows,2004,PG-13,Drama,2h 21m,Hirokazu Kore-eda,3 Wins,Japanese,-,-,80
324,Hachi: A Dog's Tale,2009,G,Drama and Family,1h 33m,Lasse Hallström,,English,16000000,46800000,80
325,The Wages of Fear,1953,PG-13,"Drama , Thriller , and Adventure",2h 34m,Henri-Georges Clouzot,,French,-,-,80
326,Dial M for Murder,1954,PG,"Thriller , Crime , and Drama",1h 45m,Alfred Hitchcock,,English,1400000,3000000,80
327,"Veinteañera, divorciada y fantástica",2020,,Comedy,1h 33m,Noé Santillán-López,,Spanish; Castilian,-,-,80
328,"Toto, Peppino, and the Hussy",1956,T,Comedy and Romance,1h 41m,Nicola Manzari,,Italian,-,-,80
329,KPop Demon Hunters,2025,PG,"Fantasy , Music , Comedy , and Animation",1h 36m,Maggie Kang,24 Wins,English,100000000,24619953,80
330,El mesero,2021,B-15,Comedy,1h 26m,Raúl Martínez,,Spanish; Castilian,-,-,80
331,Lawrence of Arabia,1962,PG,"Adventure , History , and War",3h 48m,David Lean,,English,15000000,70000000,80
332,Barry Lyndon,1975,PG,Drama and History,3h 8m,Stanley Kubrick,,English,11000000,31500000,80
333,Casino,1995,R,Crime and Drama,2h 59m,Martin Scorsese,,English,50000000,116112375,80
334,American Beauty,1999,R,Drama,2h 2m,Sam Mendes,10 Wins,English,15000000,356296601,80
335,Guillermo del Toro's Pinocchio,2022,PG,"Animation , Fantasy , Adventure , and Drama",1h 57m,Guillermo del Toro,12 Wins,English,35000000,-,80
336,Avicii: True Stories,2017,Btl,Music and Documentary,1h 37m,Levan Tsikurishvili,,English,-,-,80
337,The 400 Blows,1959,NR,Drama,1h 39m,François Truffaut,,French,-,-,80
338,Gifted,2017,PG-13,Drama and Comedy,1h 41m,Marc Webb,,English,7000000,40300000,80
339,The Hidden Fortress,1958,TP,"Drama , Action , and Adventure",2h 19m,Akira Kurosawa,,Japanese,-,57673,80
340,Judgment at Nuremberg,1961,NR,Drama and History,3h 11m,Stanley Kramer,,English,3000000,10000000,80
341,Gran Torino,2008,R,Drama,1h 56m,Nick Schenk,3 Wins,English,33000000,270000000,80
342,The Odyssey,2026,R,"Adventure , Action , and Fantasy",2h 53m,Christopher Nolan,1 Win,English,250000000,1446194550,80
343,Room,2015,R,Drama and Thriller,1h 58m,Emma Donoghue,7 Wins,English,13000000,35401758,80
344,Tae Guk Gi: The Brotherhood of War,2004,R,"Action , Adventure , Drama , History , and War",2h 28m,Kang Je-gyu,,Korean,1500000,-,80
345,Toy Story,1995,G,"Family , Comedy , Animation , and Adventure",1h 21m,John Lasseter,1 Win,English,30000000,962301978,80
346,Like Stars on Earth,2007,PG,Drama,2h 42m,Amole Gupte,,Hindi,2600000,28430000,80
347,1917,2019,R,"War , Drama , and History",1h 59m,Sam Mendes,13 Wins,English,100000000,446064352,80
348,Loving Vincent,2017,PG-13,"Animation , Drama , and History",1h 35m,Hugh Welchman,1 Win,English,5500000,42187665,80
349,Paperman,2012,G,"Animation , Family , Romance , Comedy , and Fantasy",7m,John Kahrs,1 Win,English,-,-,80
350,The Imitation Game,2014,PG-13,"History , Drama , Thriller , and War",1h 53m,Morten Tyldum,3 Wins,English,14000000,233555708,80
351,The Red Shoes,1948,NR,Drama and Romance,2h 13m,Emeric Pressburger,1 Win,English,500000,10000000,80
352,To Kill a Mockingbird,1962,NR,Drama,2h 9m,Robert Mulligan,,English,2000000,13129846,80
353,Song of the Sea,2014,PG,"Family , Animation , and Fantasy",1h 34m,Tomm Moore,,English,-,857522,80
354,Transformers One,2024,PG,"Animation , Science Fiction , Adventure , and Family",1h 44m,Andrew Barrer,1 Win,English,75000000,129408392,80
355,Won't You Be My Neighbor?,2018,PG-13,Documentary,1h 35m,Morgan Neville,2 Wins,English,-,22835787,80
356,We Are the Nobles,2013,PG-13,Comedy,1h 48m,Gary Alazraki,,Spanish; Castilian,2000000,26433651,80
357,Catch Me If You Can,2002,PG-13,Drama and Crime,2h 21m,Steven Spielberg,1 Win,English,52000000,352114312,80
358,Chungking Express,1994,PG-13,"Drama , Comedy , and Romance",1h 43m,Wong Kar-Wai,,Cantonese,160000,1000000,80
359,Jurassic Park,1993,PG-13,Adventure and Science Fiction,2h 7m,Michael Crichton,3 Wins,English,63000000,1058454230,80
360,Jojo Rabbit,2019,PG-13,"Comedy , War , and Drama",1h 48m,Taika Waititi,5 Wins,English,14000000,82468705,80
361,Weathering with You,2019,PG-13,"Animation , Drama , Fantasy , and Romance",1h 52m,Makoto Shinkai,3 Wins,Japanese,11100000,192729404,80
362,Bingo: The King of the Mornings,2017,16,Comedy and Drama,1h 53m,Daniel Rezende,,Portuguese,-,-,80
363,The Secret in Their Eyes,2009,R,"Mystery , Thriller , and Drama",2h 10m,Juan José Campanella,1 Win,Spanish; Castilian,2000000,33965843,80
364,Castle in the Sky,1986,PG,"Adventure , Fantasy , Animation , Action , and Family",2h 5m,Hayao Miyazaki,1 Win,Japanese,3000000,5228752,80
365,Kill Bill: Vol. 1,2003,R,Action and Crime,1h 51m,Quentin Tarantino,,English,30000000,180906076,80
366,Bo Burnham: Inside,2021,R,Comedy,1h 28m,Bo Burnham,1 Win,English,-,-,80
367,Paper Lives,2021,NR,Drama,1h 36m,Can Ulkay,,Turkish,-,-,80
368,Before Sunrise,1995,R,Drama and Romance,1h 41m,Richard Linklater,,English,2500000,5987386,80
369,Citizen Kane,1941,NR,Mystery and Drama,1h 59m,Orson Welles,,English,839727,23218000,80
370,Society of the Snow,2023,R,Drama and History,2h 23m,J. A. Bayona,3 Wins,Spanish; Castilian,65500000,1281,80
371,Cruella,2021,PG-13,"Comedy , Crime , and Drama",2h 14m,Craig Gillespie,4 Wins,English,200000000,233503234,80
372,The Deer Hunter,1978,R,Drama and War,3h 3m,Michael Cimino,,English,15000000,49000000,80
373,Aliens,1986,R,"Action , Thriller , and Science Fiction",2h 17m,James Cameron,,English,18500000,183316455,80
374,Close-Up,1990,NR,Crime and Drama,1h 38m,Abbas Kiarostami,,Persian,-,-,80
375,Nights of Cabiria,1957,16,Drama and Comedy,1h 50m,Federico Fellini,,Italian,-,752045,80
376,The Gold Rush,1925,NR,"Adventure , Comedy , and Drama",1h 35m,Charlie Chaplin,,English,923000,4000000,80
377,"Love, Simon",2018,PG-13,"Comedy , Drama , and Romance",1h 50m,Greg Berlanti,,English,17000000,66316289,80
378,Three Men and a Leg,1997,T,Comedy,1h 38m,Giacomo Poretti,,Italian,-,-,80
379,Autumn Sonata,1978,PG,Drama and Music,1h 33m,Ingmar Bergman,,Swedish,-,-,80
380,Up,2009,PG,"Animation , Comedy , Family , and Adventure",1h 36m,Pete Docter,5 Wins,English,175000000,735103954,80
381,The Iron Giant,1999,PG,"Animation , Drama , Family , Science Fiction , and Adventure",1h 26m,Brad Bird,9 Wins,English,50000000,23300000,80
382,Trainspotting,1996,R,Drama and Crime,1h 34m,Danny Boyle,1 Win,English,4000000,71981823,80
383,North by Northwest,1959,G,Thriller and Adventure,2h 17m,Alfred Hitchcock,,English,4000000,13275000,80
384,Black Beauty,2020,PG,Drama,1h 50m,Ashley Avis,,English,-,-,80
385,In a Heartbeat,2017,,"Animation , Comedy , and Romance",4m,Esteban Bravo,,English,-,-,80
386,Dragon Ball Super: Broly,2018,PG,"Action , Science Fiction , and Animation",1h 41m,Akira Toriyama,,Japanese,1000000,125002821,80
387,The Treasure of the Sierra Madre,1948,NR,"Adventure , Drama , and Western",2h 6m,John Huston,4 Wins,English,3800000,4307000,80
388,The Sixth Sense,1999,PG-13,"Mystery , Thriller , and Drama",1h 47m,M. Night Shyamalan,1 Win,English,40000000,672800000,80
389,The Cove,2009,PG-13,Documentary,1h 32m,Louie Psihoyos,2 Wins,English,-,1162422,80
390,The Passion of Joan of Arc,1928,NR,Drama and History,1h 21m,Carl Theodor Dreyer,,French,-,18121,80
391,Million Dollar Baby,2004,PG-13,Drama,2h 12m,Clint Eastwood,10 Wins,English,30000000,216763646,80
392,Bohemian Rhapsody,2018,PG-13,Music and Drama,2h 15m,Anthony McCarten,12 Wins,English,52000000,910813521,80
393,El Infierno,2010,NC-17,"Action , Crime , Western , Comedy , and Drama",2h 28m,Luis Estrada,,Spanish; Castilian,-,6703873,80
394,No Country for Old Men,2007,R,"Crime , Thriller , and Western",2h 2m,Joel Coen,10 Wins,English,25000000,171627166,80
395,Sound of Freedom,2023,PG-13,Action and Drama,2h 11m,Alejandro Monteverde,,English,14500000,250600000,80
396,A Man Escaped,1956,NR,Drama and Thriller,1h 41m,Robert Bresson,,French,-,-,79
397,Yi Yi,2000,NR,Drama,2h 54m,Edward Yang,,Chinese,-,1528767,79
398,Under the Same Moon,2007,,Drama,1h 46m,Patricia Riggen,,Spanish; Castilian,-,23311391,79
399,Mirror,1975,NR,Drama and History,1h 47m,Andrei Tarkovsky,,Russian,825000,124367,79
400,The Sheep Detectives,2026,PG,"Comedy , Family , and Mystery",1h 49m,Kyle Balda,,English,75000000,131550648,79
401,Spider-Man: No Way Home,2021,PG-13,"Action , Adventure , and Science Fiction",2h 28m,Stan Lee,4 Wins,English,200000000,1921426073,79
402,Pink Floyd: The Wall,1982,R,Music and Drama,1h 35m,Alan Parker,,English,12000000,22244207,79
403,Braveheart,1995,R,"Action , Drama , History , and War",2h 58m,Mel Gibson,1 Win,English,72000000,213216216,79
404,Flamin' Hot,2023,PG-13,Drama and History,1h 39m,Eva Longoria,,English,-,-,79
405,Heat,1995,R,"Crime , Drama , and Action",2h 50m,Michael Mann,,English,60000000,187400000,79
406,Warriors of the Wind,1984,PG,"Adventure , Animation , and Fantasy",1h 35m,Hayao Miyazaki,1 Win,Japanese,1000000,9016411,79
407,Whisper of the Heart,1995,G,"Animation , Drama , and Family",1h 51m,Yoshifumi Kondo,,Japanese,-,-,79
408,Robot Dreams,2023,NR,"Animation , Drama , Comedy , and Science Fiction",1h 42m,Pablo Berger,2 Wins,Spanish; Castilian,5300000,4656348,79
409,Something the Lord Made,2004,PG,TV Movie and Drama,1h 50m,Joseph Sargent,,English,-,-,79
410,Ordet,1955,15,Drama,2h 5m,Carl Theodor Dreyer,1 Win,Danish,-,-,79
411,Akira,1988,NR,"Animation , Science Fiction , and Action",2h 4m,Katsuhiro Otomo,,Japanese,5700000,49000000,79
412,Scooby-Doo! and KISS: Rock and Roll Mystery,2015,PG,"Family , Animation , Comedy , and Mystery",1h 19m,Kevin Shinick,,English,-,-,79
413,Andrei Rublev,1966,R,Drama and History,3h 3m,Andrei Tarkovsky,,Russian,1300000,24173,79
414,"ariana grande: excuse me, i love you",2020,6,Music and Documentary,1h 37m,Paul Dugdale,,English,-,-,79
415,Blade Runner,1982,R,"Science Fiction , Drama , and Thriller",1h 58m,Ridley Scott,1 Win,English,28000000,41722424,79
416,Kitbull,2019,PG,"Animation , Family , and Drama",9m,Rosana Sullivan,,English,-,-,79
417,"Red, White & Royal Blue",2023,R,Comedy and Romance,1h 58m,Matthew López,,English,20000000,-,79
418,Guardians of the Galaxy Vol. 3,2023,PG-13,"Science Fiction , Adventure , and Action",2h 30m,James Gunn,1 Win,English,250000000,845550000,79
419,Regular Show: The Movie,2015,PG,"Animation , Comedy , Science Fiction , and Adventure",1h 9m,J.G. Quintel,,English,3000000,-,79
420,Coraline,2009,PG,"Animation , Family , and Fantasy",1h 40m,Henry Selick,1 Win,English,60000000,185860104,79
421,Dersu Uzala,1975,G,Adventure and Drama,2h 21m,Akira Kurosawa,,Russian,4000000,-,79
422,Monster,2023,PG-13,"Mystery , Thriller , and Drama",2h 5m,Hirokazu Kore-eda,1 Win,Japanese,-,-,79
423,Rope,1948,PG,"Thriller , Crime , and Drama",1h 21m,Alfred Hitchcock,,English,1500000,2200000,79
424,The Cabinet of Dr. Caligari,1920,NR,"Drama , Horror , Thriller , and Crime",1h 17m,Robert Wiene,,German,18000,8811,79
425,Beyond the Universe,2022,R,"Romance , Drama , and Music",2h 6m,Diego Freitas,,Portuguese,-,-,79
426,Me Before You,2016,PG-13,Drama and Romance,1h 50m,Jojo Moyes,,English,20000000,207945075,79
427,How to Train Your Dragon,2025,PG,"Fantasy , Family , Action , and Adventure",2h 5m,Dean DeBlois,1 Win,English,150000000,636351148,79
428,12 Years a Slave,2013,R,Drama and History,2h 14m,Steve McQueen,13 Wins,English,20000000,187000000,79
429,The Great Escape,1963,NR,"Adventure , Drama , and War",2h 53m,John Sturges,,English,4000000,11700000,79
430,La Notte,1961,NR,Drama and Romance,2h 2m,Michelangelo Antonioni,,Italian,-,-,79
431,Love Exposure,2008,NR,"Comedy , Drama , and Romance",3h 57m,Sion Sono,2 Wins,Japanese,-,-,79
432,Tokyo Godfathers,2003,PG-13,"Animation , Drama , and Comedy",1h 32m,Satoshi Kon,1 Win,Japanese,2400000,607735,79
433,Sanjuro,1962,NR,"Drama , Action , and Comedy",1h 36m,Akira Kurosawa,,Japanese,-,-,79
434,Raiders of the Lost Ark,1981,PG,Adventure and Action,1h 55m,Steven Spielberg,,English,18000000,389925971,79
435,Farewell My Concubine,1993,R,Drama,2h 51m,Lilian Lee Bik-Wah,1 Win,Chinese,4000000,6400000,79
436,Ghost in the Shell,1995,NR,"Action , Animation , and Science Fiction",1h 23m,Mamoru Oshii,,Japanese,3000000,10000000,79
437,Don't Look Now... We're Being Shot At!,1966,G,Comedy and War,2h 12m,Gérard Oury,,French,-,-,79
438,The Cure,1995,PG-13,Drama and Family,1h 37m,Peter Horton,,English,-,2568235,79
439,The Cranes Are Flying,1957,14,"Drama , Romance , and War",1h 37m,Mikhail Kalatozov,,Russian,-,-,79
440,Freedom Writers,2007,PG-13,Crime and Drama,2h 3m,Richard LaGravenese,,English,21000000,43095175,79
441,In This Corner of the World,2016,PG-13,"Animation , Drama , War , and History",2h 10m,Sunao Katabuchi,4 Wins,Japanese,-,19496308,79
442,Raise the Red Lantern,1991,U,Drama,2h 5m,Zhang Yimou,,Chinese,1000000,16600000,79
443,"Batman: The Dark Knight Returns, Part 2",2013,PG-13,"Science Fiction , Action , Animation , and Mystery",1h 18m,Bob Kane,,English,3500000,-,79
444,The Circus,1928,G,"Comedy , Romance , and Drama",1h 12m,Charlie Chaplin,,English,9000000,-,79
445,When Marnie Was There,2014,PG,"Animation , Drama , and Family",1h 43m,Hiromasa Yonebayashi,,Japanese,-,34949567,79
446,"No manches, Frida 2: paraíso destruido",2019,R,Comedy,1h 42m,Nacho G. Velilla,,Spanish; Castilian,5000000,26500000,79
447,Throne of Blood,1957,G,Drama and History,1h 48m,Akira Kurosawa,2 Wins,Japanese,-,13422,79
448,Amélie,2001,R,Comedy and Romance,2h 2m,Jean-Pierre Jeunet,2 Wins,French,10000000,173921954,79
449,Where Is The Friend's House?,1987,U,Drama and Adventure,1h 23m,Abbas Kiarostami,,Persian,-,-,79
450,My Way,2011,R,"Drama , Action , History , and War",2h 17m,Kang Je-kyu,,Korean,25500000,16653488,79
451,Hearts of Darkness: A Filmmaker's Apocalypse,1991,R,Documentary,1h 36m,George Hickenlooper,,English,-,1394661,79
452,The General,1926,NR,"Comedy , War , and Romance",1h 19m,Clyde Bruckman,,English,750000,1000000,79
453,The Witch: Part 1. The Subversion,2018,15,Action and Science Fiction,2h 6m,Park Hoon-jung,,Korean,5500000,24340302,79
454,The Way He Looks,2014,NR,Drama and Romance,1h 36m,Daniel Ribeiro,,Portuguese,-,1207841,79
455,The Exterminating Angel,1962,NR,"Comedy , Drama , and Fantasy",1h 33m,Luis Buñuel,,Spanish; Castilian,-,-,79
456,Tel chi el telùn,1999,T,Comedy,2h,Arturo Brachetti,,Italian,-,-,79
457,The Postman,1994,PG,"Comedy , Drama , and Romance",1h 54m,Michael Radford,1 Win,Italian,3000000,33000000,79
458,Unforgiven,1992,R,Western,2h 10m,Clint Eastwood,1 Win,English,14400000,159157447,79
459,Return of the Jedi,1983,PG,"Adventure , Action , and Science Fiction",2h 12m,George Lucas,,English,32350000,572700000,79
460,Miraculous World: Shanghai - The Legend of Ladydragon,2021,TP,"Animation , Family , Action , Adventure , and Fantasy",54m,Thomas Astruc,,French,-,-,79
461,Guardians of the Galaxy,2014,PG-13,"Action , Science Fiction , and Adventure",2h 1m,James Gunn,,English,170000000,772776600,79
462,Castaway on the Moon,2009,12,"Drama , Comedy , and Romance",1h 59m,Lee Hae-jun,,Korean,-,-,79
463,The Boy and the Beast,2015,PG-13,"Action , Adventure , Animation , Drama , Family , and Fantasy",1h 59m,Mamoru Hosoda,1 Win,Japanese,-,49714378,79
464,Inside Out,2015,PG,"Animation , Family , Adventure , Drama , and Comedy",1h 35m,Pete Docter,4 Wins,English,175000000,857611174,79
465,It's Such a Beautiful Day,2012,PG,Animation and Comedy,1h 2m,Don Hertzfeldt,,English,-,-,79
466,Dallas Buyers Club,2013,R,Drama and History,1h 57m,Jean-Marc Vallée,9 Wins,English,5000000,55736588,79
467,La Strada,1954,NR,Drama,1h 55m,Federico Fellini,,Italian,-,-,79
468,The Count of Monte Cristo,2024,NR,"Adventure , Action , and Drama",2h 58m,Alexandre de La Patellière,2 Wins,French,46000000,75360860,79
469,I'm Still Here,2024,PG-13,Drama and History,2h 18m,Marcelo Rubens Paiva,18 Wins,Portuguese,8000000,36361572,79
470,La Maison en Petits Cubes,2008,,Animation and Drama,12m,Kunio Kato,1 Win,Japanese,-,-,79
471,The Miracle Worker,1962,NR,Drama and History,1h 46m,Arthur Penn,,English,500000,2500000,79
472,Chinatown,1974,R,"Crime , Mystery , and Thriller",2h 10m,Roman Polanski,1 Win,English,6000000,30000000,79
473,Gone with the Wind,1939,G,"Drama , War , and Romance",3h 58m,Victor Fleming,,English,4000000,402352579,79
474,A Separation,2011,PG-13,Drama,2h 3m,Asghar Farhadi,3 Wins,Persian,5000000,24426169,79
475,Harry Potter and the Philosopher's Stone,2001,PG,Adventure and Fantasy,2h 32m,Chris Columbus,,English,125000000,1029374615,79
476,About Time,2013,R,"Drama , Romance , and Fantasy",2h 3m,Richard Curtis,,English,12000000,87100449,79
477,Mulan,1998,G,"Animation , Family , and Adventure",1h 28m,Tony Bancroft,10 Wins,English,90000000,304320254,79
478,Faust,1926,NR,"Fantasy , Drama , and Horror",1h 56m,F. W. Murnau,,German,-,-,79
479,Free Solo,2018,PG-13,Documentary and Adventure,1h 40m,Jimmy Chin,3 Wins,English,-,21790193,79
480,Titanic,1997,PG-13,Drama and Romance,3h 14m,James Cameron,15 Wins,English,200000000,2264162353,79
481,The Battle of Algiers,1966,NR,"Drama , War , and History",2h 2m,Gillo Pontecorvo,,Italian,800000,964028,79
482,A Bronx Tale,1993,R,Drama and Crime,2h 1m,Robert De Niro,,English,22000000,17287898,79
483,V for Vendetta,2006,R,"Action , Thriller , and Science Fiction",2h 12m,James McTeigue,,English,54000000,134686457,79
484,La La Land,2016,PG-13,"Comedy , Drama , and Romance",2h 9m,Damien Chazelle,23 Wins,English,30000000,509183536,79
485,Raging Bull,1980,R,Drama and History,2h 9m,Martin Scorsese,,English,18000000,23380203,79
486,All Your Faces,2023,TP,Drama,1h 55m,Jeanne Herry,1 Win,French,-,-,79
487,My Father's Violin,2022,13+,Drama and Music,1h 52m,Andaç Haznedaroğlu,,Turkish,-,-,79
488,Simone: Woman of the Century,2022,TP,Drama and History,2h 20m,Olivier Dahan,2 Wins,French,-,-,79
489,What Ever Happened to Baby Jane?,1962,14,"Drama , Horror , and Thriller",2h 15m,Robert Aldrich,,English,980000,-,79
490,My Octopus Teacher,2020,7,Documentary,1h 25m,Pippa Ehrlich,4 Wins,English,-,-,79
491,Hannah Gadsby: Nanette,2018,M,Comedy,1h 9m,Madeleine Parry,,English,-,-,79
492,Ben-Hur,1959,G,"History , Drama , and Adventure",3h 32m,William Wyler,,English,15000000,164000000,79
493,Dragon Ball Super: Super Hero,2022,PG-13,"Animation , Science Fiction , and Action",1h 40m,Akira Toriyama,,Japanese,-,86600000,79
494,Miracle in Cell No. 7,2013,15,Drama and Comedy,2h 8m,Lee Hwan-kyung,,Korean,-,80300000,79
495,Roman Holiday,1953,G,"Romance , Comedy , and Drama",1h 59m,Ian McLellan Hunter,1 Win,English,1500000,12000000,79
496,Ivan Vasilyevich Changes His Profession,1973,A,Comedy and Science Fiction,1h 28m,Leonid Gaidai,,Russian,-,-,79
497,Captain Fantastic,2016,R,Drama and Comedy,1h 59m,Matt Ross,1 Win,English,5000000,23123592,79
498,Limelight,1952,G,"Romance , Drama , Music , and Comedy",2h 17m,Charlie Chaplin,,English,900000,1000000,79
499,Army of Shadows,1969,NR,"War , Drama , Thriller , and History",2h 25m,Jean-Pierre Melville,,French,-,906133,79
500,The Notebook,2004,PG-13,Romance and Drama,2h 3m,Nick Cassavetes,,English,29000000,115600000,79
501,Suzume,2022,PG,"Animation , Drama , Adventure , and Fantasy",2h 2m,Makoto Shinkai,2 Wins,Japanese,13000000,314992206,79
502,Gone Girl,2014,R,"Mystery , Thriller , and Drama",2h 29m,Gillian Flynn,,English,61000000,370890259,79
503,Spider-Man: Brand New Day,2026,PG-13,"Science Fiction , Action , and Adventure",2h 25m,Stan Lee,,English,225000000,2332508000,79
504,Three Colors: Red,1994,R,"Drama , Mystery , and Romance",1h 40m,Krzysztof Kieślowski,1 Win,French,-,4127033,79
505,Ne Zha,2019,NR,"Animation , Fantasy , and Adventure",1h 50m,Jiao Zi,,Chinese,22000000,742718496,79
506,In the Name of the Father,1993,R,Drama,2h 13m,Jim Sheridan,,English,13000000,65796862,79
507,My Hero Academia: Two Heroes,2018,PG-13,"Animation , Action , Adventure , and Fantasy",1h 36m,Kohei Horikoshi,1 Win,Japanese,12000000,27507549,79
508,Children of Heaven,1997,0,Drama and Family,1h 28m,Majid Majidi,,Persian,180000,925402,79
509,A Street Cat Named Bob,2016,PG-13,Family and Drama,1h 43m,Roger Spottiswoode,,English,8000000,17900000,79
510,Justice League: The Flashpoint Paradox,2013,PG-13,"Animation , Action , and Science Fiction",1h 21m,Jerry Siegel,,English,3500000,-,79
511,The Third Man,1949,NR,Thriller and Mystery,1h 45m,Carol Reed,,English,-,1226098,79
512,Lee Cronin's The Mummy,2026,R,Horror and Mystery,2h 13m,Lee Cronin,,English,22000000,90552113,79
513,The Pursuit of Happyness,2006,PG-13,Drama,1h 57m,Gabriele Muccino,,English,55000000,307077295,79
514,The Boy Who Harnessed the Wind,2019,PG,Drama and History,1h 53m,Chiwetel Ejiofor,,English,-,-,79
515,Forgotten,2017,15,"Thriller , Mystery , and Crime",1h 48m,Chang Hang-jun,,Korean,-,9968972,79
516,The Legend of La Llorona,2011,A,"Animation , Family , Fantasy , and Horror",1h 15m,Alberto Rodríguez,,Spanish; Castilian,-,3900000,79
517,The Greatest Night in Pop,2024,PG-13,Documentary and Music,1h 36m,Bao Nguyen,1 Win,English,-,-,79
518,Searching for Sugar Man,2012,PG-13,Music and Documentary,1h 25m,Malik Bendjelloul,4 Wins,English,1000000,3696196,79
519,Rebecca,1940,NR,"Mystery , Romance , and Thriller",2h 10m,Alfred Hitchcock,,English,-,-,79
520,Persepolis,2007,PG-13,Animation and Drama,1h 35m,Marjane Satrapi,,French,7300000,22783990,79
521,Diabolique,1955,NR,Thriller and Mystery,1h 58m,Henri-Georges Clouzot,,French,-,-,79
522,CODA,2021,PG-13,"Drama , Music , and Romance",1h 52m,Sian Heder,15 Wins,English,10000000,1905058,79
523,Winter Light,1963,15,Drama,1h 20m,Ingmar Bergman,,Swedish,-,-,79
524,Divorce Italian Style,1961,T,Comedy and Crime,1h 44m,Pietro Germi,,Italian,-,-,79
525,A Trip to the Moon,1902,G,"Adventure , Science Fiction , and Comedy",15m,Georges Méliès,,French,5985,-,79
526,Redeeming Love,2022,PG-13,"Romance , Drama , and Western",2h 14m,D.J. Caruso,,English,30000000,9464198,79
527,Mary and Max,2009,NR,"Animation , Comedy , and Drama",1h 32m,Adam Elliot,,English,8240000,1740429,79
528,Koyaanisqatsi,1983,NR,Documentary and Music,1h 26m,Godfrey Reggio,,English,600000,3200000,79
529,Your Name Engraved Herein,2020,NR,Romance and Drama,1h 55m,Liu Kuang-Hui,,Chinese,-,-,79
530,Umberto D.,1952,Btl,Drama,1h 31m,Vittorio De Sica,,Italian,-,71461,79
531,Where Hands Touch,2018,PG-13,"War , Drama , and Romance",2h 2m,Amma Asante,,English,-,128269,79
532,Estômago: A Gastronomic Story,2008,16,"Drama , Comedy , Mystery , and Crime",1h 53m,Marcos Jorge,,Portuguese,536279,-,79
533,Dangal,2016,PG,"Drama , Family , and Comedy",2h 41m,Nitesh Tiwari,,Hindi,10400000,311000000,79
534,Mamma Roma,1962,14+,Drama,1h 50m,Pier Paolo Pasolini,,Italian,-,-,79
535,Kill Bill: Vol. 2,2004,R,"Action , Crime , and Thriller",2h 16m,Quentin Tarantino,,English,30000000,152159461,79
536,Let Go,2024,M18,Drama,1h 50m,Josephine Bornebusch,,Swedish,-,-,79
537,"Remi, Nobody's Boy",2018,9,"Adventure , Family , and Drama",1h 49m,Antoine Blossier,,French,-,7434840,79
538,Temple Grandin,2010,12,Drama and History,1h 48m,Margaret Scarciano,,English,-,-,79
539,Amarcord,1973,R,Comedy and Drama,2h 3m,Federico Fellini,,Italian,-,-,79
540,The Internet's Own Boy: The Story of Aaron Swartz,2014,NR,Documentary and Crime,1h 45m,Brian Knappenberger,1 Win,English,-,48911,79
541,A Whisker Away,2020,PG,"Animation , Drama , Romance , and Fantasy",1h 44m,Junichi Sato,,Japanese,-,-,79
542,"The Gangster, the Cop, the Devil",2019,19,"Action , Crime , and Thriller",1h 50m,Lee Won-tae,,Korean,6500000,25775371,79
543,Death Note Relight 1: Visions of a God,2007,PG-13,"TV Movie , Crime , Drama , Fantasy , Thriller , and Animation",2h 11m,Tetsuro Araki,,Japanese,-,-,79
544,An Autumn Afternoon,1962,NR,Drama,1h 53m,Yasujirō Ozu,3 Wins,Japanese,-,-,79
545,Honeyland,2019,12,Documentary,1h 29m,Tamara Kotevska,,Turkish,-,1133735,79
546,A Movie of Eggs,2006,B,"Animation , Comedy , and Family",1h 30m,Rodolfo Riva Palacio Alatriste,,Spanish; Castilian,800000,7144638,79
547,Paper Moon,1973,PG,"Comedy , Crime , and Drama",1h 42m,Peter Bogdanovich,1 Win,English,2500000,30900000,79
548,How to Train Your Dragon,2010,PG,"Fantasy , Adventure , Animation , and Family",1h 38m,Chris Sanders,,English,165000000,495141736,79
549,Nobody,2021,R,Action and Thriller,1h 31m,Ilya Naishuller,,English,16000000,57512470,79
550,Wild Tales,2014,R,"Drama , Thriller , and Comedy",2h 2m,Damián Szifron,1 Win,Spanish; Castilian,4000000,31478893,79
551,Werckmeister Harmonies,2001,12,Drama,2h 19m,László Krasznahorkai,,Hungarian,-,64974,79
552,Winter on Fire: Ukraine's Fight for Freedom,2015,R,Documentary,1h 38m,Evgeny Afineevsky,,English,-,-,79
553,An Egg Rescue,2021,PG,"Animation , Comedy , Adventure , and Family",1h 29m,Rodolfo Riva Palacio Alatriste,,Spanish; Castilian,6400000,4093345,79
554,Cries and Whispers,1972,R,Drama,1h 35m,Ingmar Bergman,,Swedish,400000,-,79
555,La Jetée,1962,NR,"Drama , Romance , and Science Fiction",29m,Chris Marker,,French,-,-,79
556,Downfall,2004,R,"Drama , History , and War",2h 35m,Joachim Fest,,German,16000000,92181574,79
557,Bad Genius,2017,PG-13,"Drama , Crime , Thriller , and Comedy",2h 10m,Nattawut Poonpiriya,,Thai,1839169,42350000,79
558,Grand Illusion,1937,NR,"Drama , History , and War",1h 54m,Jean Renoir,,French,-,172885,79
559,Apollo 11,2019,G,"Documentary , History , and Drama",1h 33m,Todd Douglas Miller,1 Win,English,-,-,79
560,I'm No Longer Here,2019,R,Drama,1h 52m,Luis Fernando Frías de la Parra,,Spanish; Castilian,849080,-,79
561,The Night of the Hunter,1955,18,"Crime , Drama , and Thriller",1h 33m,Charles Laughton,,English,795000,-,79
562,Made in Abyss: Dawn of the Deep Soul,2020,R,"Animation , Adventure , Fantasy , and Mystery",1h 45m,Masayuki Kojima,,Japanese,-,4971635,79
563,Sing Street,2016,PG-13,"Romance , Drama , Music , and Comedy",1h 45m,John Carney,,English,4000000,13624522,79
564,Blackfish,2013,PG-13,Documentary,1h 23m,Gabriela Cowperthwaite,,English,-,2063312,79
565,Millennium Actress,2002,PG,"Animation , Drama , and Romance",1h 27m,Satoshi Kon,1 Win,Japanese,-,37641,79
566,"Monsters, Inc.",2001,G,"Animation , Comedy , Family , and Fantasy",1h 32m,Pete Docter,2 Wins,English,115000000,579700000,79
567,Indiana Jones and the Last Crusade,1989,PG-13,Adventure and Action,2h 7m,George Lucas,,English,48000000,474171806,79
568,Young Woman and the Sea,2024,PG,History and Drama,2h 9m,Joachim Rønning,,English,40000000,581725,79
569,Wish Dragon,2021,PG,"Animation , Family , Comedy , Fantasy , Romance , and Adventure",1h 39m,Chris Appelhans,,English,-,25860000,79
570,The Greatest Showman,2017,PG,Drama,1h 45m,Jenny Bicks,1 Win,English,84000000,459066134,79
571,The Virgin Spring,1960,15,Drama and History,1h 30m,Ingmar Bergman,,Swedish,-,700000,79
572,Young Frankenstein,1974,PG,Comedy,1h 46m,Mel Brooks,,English,2800000,86273333,79
573,Dog Day Afternoon,1975,R,"Crime , Drama , and Thriller",2h 5m,Sidney Lumet,1 Win,English,1800000,56665856,79
574,Ron's Gone Wrong,2021,PG,"Animation , Science Fiction , Family , and Comedy",1h 47m,Sarah Smith,,English,57000000,60692022,79
575,Perfect Strangers,2016,T,Drama,1h 37m,Paolo Genovese,,Italian,-,32207491,79
576,Elite Squad: The Enemy Within,2010,16,"Drama , Action , and Crime",1h 55m,José Padilha,,Portuguese,-,63027681,79
577,On the Waterfront,1954,NR,"Crime , Drama , and Romance",1h 48m,Elia Kazan,4 Wins,English,910000,9600631,79
578,A Beautiful Mind,2001,PG-13,Drama and Romance,2h 15m,Ron Howard,7 Wins,English,58000000,316791257,79
579,Nimona,2023,PG,"Animation , Family , Fantasy , Adventure , Science Fiction , and Action",1h 39m,Nick Bruno,3 Wins,English,-,-,79
580,One Week,1920,NR,Comedy,25m,Buster Keaton,,No Language,-,-,79
581,Departures,2008,PG-13,Drama,2h 10m,Yojiro Takita,13 Wins,Japanese,-,69932387,79
582,Fargo,1996,R,"Crime , Drama , and Thriller",1h 38m,Ethan Coen,8 Wins,English,7000000,60611975,78
583,The Wizards Return: Alex vs. Alex,2013,G,"Family , Comedy , TV Movie , and Fantasy",1h,Victor Gonzalez,,English,-,-,78
584,Teen Titans: Trouble in Tokyo,2006,G,"Animation , Action , Science Fiction , and TV Movie",1h 15m,Michael Chang,,English,-,-,79
585,Isle of Dogs,2018,PG-13,"Adventure , Comedy , and Animation",1h 41m,Wes Anderson,1 Win,English,35000000,72991435,78
586,Ratatouille,2007,G,"Animation , Comedy , Family , and Fantasy",1h 51m,Brad Bird,3 Wins,English,150000000,623726000,78
587,Vincent,1982,G,Animation and Fantasy,6m,Tim Burton,,English,60000,-,78
588,Sword Art Online the Movie - Progressive - Aria of a Starless Night,2021,PG-13,"Animation , Action , Fantasy , and Science Fiction",1h 37m,Ayako Kono,,Japanese,-,14037060,78
589,Just Mercy,2019,PG-13,"Drama , Crime , and History",2h 17m,Destin Daniel Cretton,,English,25000000,50401502,78
590,Ace in the Hole,1951,NR,Drama,1h 52m,Billy Wilder,,English,1821052,1300000,78
591,Knives Out,2019,PG-13,"Comedy , Crime , and Mystery",2h 11m,Rian Johnson,1 Win,English,40000000,312897920,78
592,Dances with Wolves,1990,PG-13,"Adventure , Drama , and Western",3h 1m,Kevin Costner,2 Wins,English,22000000,424208848,78
593,Mortal Kombat II,2026,R,"Action , Fantasy , and Adventure",1h 56m,Simon McQuoid,,English,80000000,129470110,78
594,Tod@s Caen,2019,C,Comedy,2h,Ariel Winograd,,Spanish; Castilian,-,-,78
595,Little Women,2019,PG,Drama and Romance,2h 15m,Greta Gerwig,3 Wins,English,40000000,332103783,78
596,Warrior,2011,PG-13,Drama and Action,2h 20m,Gavin O'Connor,,English,25000000,23300000,78
597,Man with a Movie Camera,1929,15+,Documentary,1h 8m,Dziga Vertov,,Russian,-,-,78
598,The Breadwinner,2017,PG-13,"Animation , War , and Drama",1h 34m,Nora Twomey,,English,-,2790214,78
599,Kiki's Delivery Service,1989,G,"Animation , Family , and Fantasy",1h 43m,Hayao Miyazaki,1 Win,Japanese,6900000,4493017,78
600,Fail Safe,1964,NR,"Thriller , Drama , and War",1h 52m,Sidney Lumet,,English,-,-,78
601,Late Shift,2025,6,Drama,1h 32m,Petra Biondina Volpe,,German,4600000,3995267,78
602,War Room,2015,PG,Drama,2h,Alex Kendrick,,English,3000000,73267874,78
603,Her,2013,R,"Romance , Science Fiction , and Drama",2h 6m,Spike Jonze,4 Wins,English,23000000,47351251,78
604,The Marquis of Grillo,1981,T,Comedy,2h 19m,Mario Monicelli,,Italian,-,7283223,78
605,The Wrong Trousers,1993,PG,"Animation , Comedy , and Family",30m,Nick Park,,English,832000,-,78
606,Dancer in the Dark,2000,R,Drama and Crime,2h 20m,Lars von Trier,2 Wins,English,12500000,40061153,78
607,The Nightmare Before Christmas,1993,PG,"Fantasy , Animation , and Family",1h 16m,Tim Burton,,English,18000000,75634409,78
608,The Big Lebowski,1998,R,Comedy and Crime,1h 57m,Joel Coen,,English,15000000,47010480,78
609,Pirates of the Caribbean: The Curse of the Black Pearl,2003,PG-13,"Adventure , Fantasy , and Action",2h 23m,Gore Verbinski,1 Win,English,140000000,655011224,78
610,Dogman,2023,R,"Action , Drama , and Crime",1h 55m,Luc Besson,,French,-,4082217,78
611,13th,2016,16,Documentary,1h 40m,Ava DuVernay,1 Win,English,-,-,78
612,Stand by Me,1986,R,Drama and Adventure,1h 29m,Rob Reiner,,English,8000000,52289686,78
613,Sing 2,2021,PG,"Animation , Comedy , Family , and Music",1h 50m,Garth Jennings,,English,85000000,408402685,78
614,Sherlock: The Abominable Bride,2016,PG-13,"Crime , Drama , Mystery , Thriller , and TV Movie",1h 30m,Arthur Conan Doyle,,English,-,-,78
615,Lisbela and the Prisoner,2003,L,Comedy and Romance,1h 46m,Guel Arraes,,Portuguese,-,-,78
616,The Mitchells vs. the Machines,2021,PG,"Animation , Adventure , and Comedy",1h 50m,Mike Rianda,1 Win,English,75000000,-,78
617,No Game No Life: Zero,2017,R,"Adventure , Animation , Drama , Fantasy , and Romance",1h 46m,Atsuko Ishizuka,,Japanese,-,6356284,78
618,Predator: Badlands,2025,PG-13,"Action , Science Fiction , and Adventure",1h 47m,Dan Trachtenberg,1 Win,English,105000000,184500000,78
619,Joint Security Area,2000,15,"Drama , Thriller , and Mystery",1h 48m,Park Chan-wook,,Korean,12500000,20300000,78
620,Anatomy of a Murder,1959,NR,"Crime , Drama , and Mystery",2h 41m,Otto Preminger,,English,2000000,8000000,78
621,Shoplifters,2018,R,"Drama , Crime , and Thriller",2h,Hirokazu Kore-eda,11 Wins,Japanese,-,-,78
622,Inner Workings,2016,APTA,"Animation , Family , and Comedy",7m,Leo Matsuda,,English,-,-,78
623,Ivan's Childhood,1962,15,Drama and War,1h 35m,Andrei Tarkovsky,,Russian,-,-,78
624,Snatch,2000,R,Crime and Comedy,1h 43m,Guy Ritchie,,English,100000000,83557872,78
625,We Bare Bears: The Movie,2020,G,"Animation , Adventure , Family , Comedy , and TV Movie",1h 9m,Daniel Chong,,English,-,-,78
626,The Man Who Shot Liberty Valance,1962,PG-13,Western,2h 3m,John Ford,,English,3200000,8000000,78
627,Charm City Kings,2020,R,Drama,2h 5m,Ángel Manuel Soto,,English,-,-,78
628,Feast,2014,G,"Animation , Comedy , Drama , and Family",6m,Patrick Osborne,1 Win,English,-,-,78
629,Carlito's Way,1993,R,"Crime , Drama , and Thriller",2h 24m,Brian De Palma,,English,30000000,63848322,78
630,Papillon,1973,PG,Crime and Drama,2h 31m,Franklin J. Schaffner,,English,12000000,53267000,78
631,Friends: The Reunion,2021,PG-13,Documentary and Comedy,1h 44m,Ben Winston,,English,-,-,78
632,The Theory of Everything,2014,PG-13,Drama and Romance,2h 3m,James Marsh,7 Wins,English,15000000,123726688,78
633,Mishima: A Life in Four Chapters,1985,R,Drama,2h 1m,Paul Schrader,,Japanese,5000000,502758,78
634,A Fistful of Dollars,1964,R,Western,1h 39m,Sergio Leone,,Italian,200000,14500000,78
635,Argentina 1985,2022,R,"Drama , History , and Crime",2h 21m,Santiago Mitre,3 Wins,Spanish; Castilian,20000000,58424000,78
636,See You Up There,2017,TP,"Drama , Crime , and War",1h 53m,Albert Dupontel,,French,23000000,15100000,78
637,Jodorowsky's Dune,2013,PG-13,Documentary,1h 27m,Frank Pavich,,English,-,662736,78
638,Fantastic Mr. Fox,2009,PG,"Adventure , Animation , Comedy , and Family",1h 27m,Wes Anderson,,English,40000000,46471023,78
639,F1,2025,PG-13,Action and Drama,2h 36m,Joseph Kosinski,9 Wins,English,300000000,634142436,78
640,3-Iron,2004,R,"Drama , Romance , and Crime",1h 28m,Kim Ki-duk,,Korean,-,3403957,78
641,The Bridge on the River Kwai,1957,PG,"Drama , History , and War",2h 42m,David Lean,1 Win,English,2800000,44908000,78
642,The Look of Silence,2014,15,History and Documentary,1h 40m,Joshua Oppenheimer,1 Win,English,-,332710,78
643,Logan,2017,R,"Action , Drama , and Science Fiction",2h 17m,James Mangold,,English,97000000,619021436,78
644,Thirteen Lives,2022,PG-13,"Drama , Thriller , and History",2h 27m,William Nicholson,1 Win,English,55000000,-,78
645,Finding Nemo,2003,G,"Animation , Family , and Adventure",1h 40m,Andrew Stanton,2 Wins,English,94000000,940335536,78
646,Perfect Days,2023,PG,Drama,2h 4m,Wim Wenders,2 Wins,Japanese,14000000,24094016,78
647,The Cameraman,1928,PG,"Comedy , Romance , and Drama",1h 14m,Edward Sedgwick,,English,-,797000,78
648,Miss Americana,2020,R,Documentary and Music,1h 25m,Lana Wilson,,English,-,-,78
649,The Boy in the Striped Pyjamas,2008,PG-13,"Drama , War , and History",1h 34m,Mark Herman,,English,12500000,20416563,78
650,Rosemary's Baby,1968,R,"Drama , Horror , and Thriller",2h 18m,Roman Polanski,,English,3200000,33395426,78
651,Finch,2021,PG-13,"Science Fiction , Drama , and Adventure",1h 56m,Miguel Sapochnik,,English,2500000,-,78
652,It Happened One Night,1934,NR,Comedy and Romance,1h 45m,Frank Capra,,English,325000,4500000,78
653,Forgotten Love,2023,PG-13,Drama and Romance,2h 20m,Michał Gazda,,Polish,-,-,78
654,Bajrangi Bhaijaan,2015,UA,"Comedy , Drama , and Adventure",2h 39m,Kabir Khan,,Hindi,13000000,150000000,78
655,Evangelion: 2.0 You Can (Not) Advance,2009,NR,"Animation , Science Fiction , Action , and Drama",1h 52m,Hideaki Anno,,Japanese,10000000,44339362,78
656,Toy Story 3,2010,G,"Animation , Family , and Comedy",1h 43m,Lee Unkrich,5 Wins,English,200000000,1067316101,78
657,Mr. Smith Goes to Washington,1939,NR,Comedy and Drama,2h 10m,Frank Capra,,English,1500000,9600000,78
658,Die Hard,1988,R,Action and Thriller,2h 12m,John McTiernan,,English,28000000,140767956,78
659,The Plague Dogs,1982,NR,"Adventure , Animation , and Drama",1h 43m,Martin Rosen,,English,6000000,423281,78
660,Two Women,1960,NR,Drama and War,1h 40m,Vittorio De Sica,,Italian,-,-,78
661,Gifted Hands: The Ben Carson Story,2009,NR,Drama,1h 26m,Thomas Carter,,English,-,-,78
662,Paprika,2006,R,"Animation , Science Fiction , and Thriller",1h 30m,Satoshi Kon,,Japanese,2600000,946590,78
663,"Love, Rosie",2014,R,"Romance , Drama , and Comedy",1h 42m,Christian Ditter,,English,-,4439431,78
664,Spotlight,2015,R,Drama and History,2h 9m,Tom McCarthy,11 Wins,English,20000000,98690254,78
665,Kagemusha,1980,PG,"Action , Drama , History , and War",3h,Akira Kurosawa,6 Wins,Japanese,6000000,4000000,78
666,To Be or Not to Be,1942,NR,"Comedy , War , and Romance",1h 39m,Ernst Lubitsch,,English,1200000,1500000,78
667,Pather Panchali,1955,AL,Drama and History,2h 5m,Satyajit Ray,,Bengali,-,536364,78
668,Interstella 5555: The 5tory of the 5ecret 5tar 5ystem,2003,PG,"Animation , Science Fiction , Music , and Adventure",1h 8m,Daisuke Nishio,,English,4000000,6664789,78
669,Sunrise: A Song of Two Humans,1927,NR,Drama and Romance,1h 34m,Hermann Sudermann,,English,-,1636000,78
670,Us Again,2021,G,"Animation , Drama , Family , and Romance",7m,Zach Parrish,,English,-,-,78
671,I Saw the Devil,2010,R,Thriller and Horror,2h 24m,Kim Jee-woon,,Korean,6000000,12966357,78
672,1900,1976,R,Drama and History,5h 17m,Bernardo Bertolucci,,Italian,9000000,-,78
673,Always,2011,15,Romance and Drama,1h 48m,Song Il-gon,,Korean,-,6941450,78
674,Infernal Affairs,2002,R,"Drama , Action , Thriller , Crime , and Mystery",1h 41m,Alan Mak Siu-Fai,,Cantonese,6400000,8836958,78
675,The Shadow in My Eye,2021,15,"War , Drama , and History",1h 47m,Ole Bornedal,,Danish,-,-,78
676,The Best Offer,2013,R,"Drama , Romance , and Crime",2h 11m,Giuseppe Tornatore,,Italian,13500000,19255873,78
677,Home,2009,NR,"Documentary , Drama , and Family",1h 35m,Yann Arthus-Bertrand,,French,-,-,78
678,L.A. Confidential,1997,R,"Crime , Mystery , and Thriller",2h 18m,Curtis Hanson,6 Wins,English,35000000,126216940,78
679,The Perks of Being a Wallflower,2012,PG-13,Drama,1h 43m,Stephen Chbosky,1 Win,English,13000000,33384127,78
680,The Fool,2014,16+,Drama,1h 56m,Yury Bykov,,Russian,1300005,-,78
681,Before Sunset,2004,R,Drama and Romance,1h 20m,Richard Linklater,,English,2700000,15992615,78
682,Midnight Sun,2018,PG-13,Romance and Drama,1h 32m,Scott Speer,,English,2800000,27365467,78
683,World of Tomorrow,2015,,"Animation , Drama , and Science Fiction",17m,Don Hertzfeldt,,English,-,-,78
684,The Grapes of Wrath,1940,NR,Drama,2h 9m,John Ford,,English,800000,1591000,78
685,Close to the Horizon,2019,12,Romance and Drama,1h 57m,Tim Trachte,,German,-,-,78
686,The Working Class Goes to Heaven,1971,,Drama,1h 53m,Elio Petri,,Italian,-,-,78
687,Monty Python and the Holy Grail,1975,PG,"Adventure , Comedy , and Fantasy",1h 31m,Terry Gilliam,,English,400000,5763644,78
688,Harry Potter and the Goblet of Fire,2005,PG-13,Adventure and Fantasy,2h 37m,Mike Newell,,English,150000000,895921036,78
689,Seaspiracy,2021,NR,Documentary and Crime,1h 29m,Ali Tabrizi,,English,-,-,78
690,Rocky,1976,PG,Drama,2h,John G. Avildsen,,English,1000000,117253345,78
691,Reminders of Him,2026,PG-13,Romance and Drama,1h 54m,Colleen Hoover,,English,30000000,89039780,78
692,Let the Bullets Fly,2010,G,Action and Comedy,2h 12m,Jiang Wen,,Chinese,-,104731450,78
693,Z,1969,NR,"Thriller , Crime , and Drama",2h 2m,Costa-Gavras,,French,-,83305,78
694,"Spring, Summer, Fall, Winter... and Spring",2003,15,Drama,1h 43m,Kim Ki-duk,,Korean,-,8945072,78
695,La luna,2012,G,"Animation , Family , and Fantasy",7m,Enrico Casarosa,,English,-,-,78
696,Rio Bravo,1959,12,Western and Drama,2h 21m,Howard Hawks,,English,1200000,5750000,78
697,Mulholland Drive,2001,R,"Thriller , Drama , and Mystery",2h 27m,David Lynch,1 Win,English,15000000,20289986,78
698,Land of Mine,2015,R,"War , Drama , and History",1h 40m,Martin Zandvliet,,Danish,5070773,-,78
699,The Dark Knight Rises,2012,PG-13,"Action , Crime , Drama , and Thriller",2h 45m,Christopher Nolan,1 Win,English,250000000,1081041287,78
700,Still Walking,2008,NR,Drama and Family,1h 54m,Hirokazu Kore-eda,1 Win,Japanese,-,3511120,78
701,Saint Seiya Heaven Chapter: Overture,2004,,Animation and Fantasy,1h 23m,Shigeyasu Yamauchi,,Japanese,-,-,78
702,Network,1976,R,Drama,2h 2m,Sidney Lumet,1 Win,English,3800000,23700000,78
703,Raya and the Last Dragon,2021,PG,"Animation , Action , Adventure , Fantasy , and Family",1h 47m,Carlos López Estrada,,English,100000000,130423032,78
704,A Bag of Marbles,2017,U,War and Drama,1h 53m,Christian Duguay,,French,21400000,10898998,78
705,Louis C.K.: Hilarious,2010,NR,Comedy and TV Movie,1h 24m,Louis C.K.,,English,-,-,78
706,Presto,2008,G,"Animation , Family , and Comedy",5m,Doug Sweetland,,English,-,-,78
707,The Ten Commandments,1956,G,Drama and History,3h 40m,Cecil B. DeMille,,English,13000000,122700000,78
708,Into the Wild,2007,R,Adventure and Drama,2h 28m,Sean Penn,2 Wins,English,15000000,56255142,78
709,Fantozzi: White Collar Blues,1975,T,Comedy,1h 48m,Luciano Salce,,Italian,-,-,78
710,Porco Rosso,1992,PG,"Animation , Adventure , and Fantasy",1h 33m,Hayao Miyazaki,2 Wins,Japanese,9200000,44600000,78
711,Scent of a Woman,1992,R,Drama,2h 36m,Dino Risi,,English,31000000,134100000,78
712,Nostalgia,1983,G,Drama and Romance,2h 4m,Andrei Tarkovsky,,Russian,875000,311708,78
713,My Life as a Zucchini,2016,PG-13,"Animation , Comedy , and Drama",1h 6m,Claude Barras,,French,8000000,5873256,78
714,Ninja Scroll,1993,R,"Fantasy , Animation , Action , Horror , and History",1h 34m,Yoshiaki Kawajiri,,Japanese,-,-,78
715,Evil Dead Burn,2026,R,Horror,1h 50m,Sébastien Vaniček,,English,20000000,71491178,78
716,Mr. Nobody,2009,R,"Science Fiction , Drama , and Romance",2h 21m,Jaco Van Dormael,,English,47000000,2331721,78
717,Tampopo,1985,NR,Comedy,1h 55m,Jūzō Itami,2 Wins,Japanese,1500000,-,78
718,The Wind Rises,2013,PG-13,"Animation , Drama , History , and Romance",2h 6m,Hayao Miyazaki,3 Wins,Japanese,30000000,117932401,78
719,Nine Queens,2000,R,"Crime , Thriller , and Drama",1h 54m,Fabián Bielinsky,,Spanish; Castilian,1300000,12413888,78
720,Pressure,2026,PG-13,"Thriller , History , and War",1h 41m,Anthony Maras,,English,30000000,18338606,78
721,Awakenings,1990,PG-13,Drama,2h,Penny Marshall,,English,31000000,52096475,78
722,Back to the Future Part II,1989,PG,"Adventure , Comedy , and Science Fiction",1h 48m,Bob Gale,,English,40000000,332000000,78
723,Dune,2021,PG-13,Science Fiction and Adventure,2h 35m,Denis Villeneuve,22 Wins,English,165000000,410668500,78
724,The Twilight Samurai,2002,16,Drama and Romance,2h 9m,Yoji Yamada,18 Wins,Japanese,5000000,7372769,78
725,Le Samouraï,1967,PG,"Crime , Thriller , and Drama",1h 45m,Jean-Pierre Melville,,French,-,215245,78
726,Brokeback Mountain,2005,R,Drama and Romance,2h 14m,Ang Lee,11 Wins,English,14000000,178043761,78
727,Rififi,1955,14,"Crime , Thriller , and Drama",1h 58m,Auguste Le Breton,,French,200000,460000,78
728,Io Capitano,2023,T,Adventure and Drama,2h 1m,Matteo Garrone,,Italian,13272819,-,78
729,Shelter,2026,R,"Action , Crime , and Thriller",1h 47m,Ric Roman Waugh,,English,50000000,53933639,78
730,A Moment to Remember,2004,12,Drama and Romance,1h 57m,John H. Lee,,Korean,4200000,-,78
731,Predator: Killer of Killers,2025,R,"Animation , Action , Science Fiction , and Thriller",1h 25m,Dan Trachtenberg,,English,-,-,78
732,The Chaser,2008,NR,"Crime , Thriller , and Action",2h 5m,Na Hong-jin,,Korean,2600000,35800000,78
733,Godzilla vs. Destoroyah,1995,NR,"Action , Science Fiction , and Horror",1h 43m,Takao Okawara,,Japanese,10000000,18000000,78
734,Through a Glass Darkly,1961,15,Drama,1h 31m,Ingmar Bergman,,Swedish,-,8939,78
735,Letter from an Unknown Woman,1948,Btl,Drama and Romance,1h 27m,Stefan Zweig,,English,-,-,78
736,Whiplash,2013,,Drama and Music,18m,Damien Chazelle,,English,-,-,78
737,Day for Night,1973,PG,Comedy and Drama,1h 56m,François Truffaut,,French,700000,850000,78
738,Shrek,2001,PG,"Animation , Comedy , Fantasy , Adventure , and Family",1h 30m,Vicky Jenson,9 Wins,English,60000000,489676241,78
739,One Life,2023,PG,History and Drama,1h 49m,James Hawes,1 Win,English,-,51437352,78
740,The King of Comedy,1982,PG,Drama and Comedy,1h 49m,Martin Scorsese,,English,19000000,2536000,78
741,Luck,2022,G,"Animation , Adventure , Comedy , Fantasy , and Family",1h 45m,Kiel Murray,,English,-,-,78
742,Luca,2021,PG,"Animation , Family , Fantasy , Drama , and Comedy",1h 35m,Enrico Casarosa,,English,200000000,51074773,78
743,Close,2022,PG-13,Drama,1h 44m,Lukas Dhont,2 Wins,French,-,3129968,78
744,One Hundred Steps,2000,0,Drama and History,1h 54m,Marco Tullio Giordana,,Italian,-,3000000,78
745,The Girl Who Leapt Through Time,2006,NR,"Fantasy , Animation , Drama , and Science Fiction",1h 38m,Mamoru Hosoda,2 Wins,Japanese,-,3478290,78
746,A Short Film About Love,1988,12,Drama and Romance,1h 27m,Krzysztof Kieślowski,,Polish,-,-,78
747,Do the Right Thing,1989,R,Drama,2h,Spike Lee,,English,6500000,37300000,78
748,Straight Outta Compton,2015,R,"Drama , Music , and History",2h 27m,Andrea Berloff,2 Wins,English,28000000,201634991,78
749,One Piece: Stampede,2019,PG-13,"Animation , Action , Adventure , and Fantasy",1h 41m,Takashi Otsuka,,Japanese,-,81562741,78
750,Pan's Labyrinth,2006,R,"Fantasy , Drama , and War",1h 58m,Guillermo del Toro,4 Wins,Spanish; Castilian,19000000,83258226,78
751,Forbidden Games,1952,12,Drama and War,1h 27m,François Boyer,,French,-,10188,78
752,Freaks,1932,NR,Drama and Horror,1h 4m,Tod Browning,,English,310607,-,78
753,The First Slam Dunk,2022,PG-13,"Animation , Comedy , and Drama",2h 5m,Takehiko Inoue,1 Win,Japanese,-,258000000,78
754,The Specials,2019,U,Comedy and Drama,1h 54m,Éric Toledano,,French,-,-,78
755,Zootopia,2016,PG,"Animation , Adventure , Family , and Comedy",1h 49m,Byron Howard,4 Wins,English,150000000,1025521689,78
756,A Woman Under the Influence,1974,R,Drama and Romance,2h 35m,John Cassavetes,,English,1000000,12200000,78
757,Fanny and Alexander,1982,R,"Fantasy , Drama , and Mystery",3h 8m,Ingmar Bergman,,Swedish,6000000,6800000,78
758,They Shall Not Grow Old,2018,R,"Documentary , History , and War",1h 39m,Peter Jackson,,English,-,20904188,78
759,Ip Man,2008,R,"Drama , Action , and History",1h 46m,Wilson Yip,,Cantonese,11700000,22100000,78
760,Batman: Under the Red Hood,2010,PG-13,"Mystery , Crime , and Animation",1h 15m,Judd Winick,,English,-,6629178,78
761,Ponyo,2008,G,"Animation , Fantasy , and Family",1h 40m,Hayao Miyazaki,3 Wins,Japanese,34000000,202404009,78
762,Life of Brian,1979,R,Comedy,1h 34m,Terry Jones,,English,4000000,20833252,78
763,The Dinner Game,1998,TP,Comedy,1h 20m,Francis Veber,,French,12500000,78599508,78
764,Wings of Desire,1987,PG-13,"Drama , Fantasy , and Romance",2h 8m,Wim Wenders,1 Win,German,2500000,3548590,78
765,Solaris,1972,PG,"Drama , Science Fiction , and Mystery",2h 47m,Andrei Tarkovsky,,Russian,-,-,78
766,The Last Laugh,1924,0,Drama,1h 30m,F. W. Murnau,,German,-,-,78
767,In the Arms of an Assassin,2019,R,Romance and Thriller,1h 41m,Matías Moltrasio,,Spanish; Castilian,-,425332,78
768,Invisible Life,2019,16,Drama,2h 20m,Karim Aïnouz,,Portuguese,-,-,78
769,Donnie Darko,2001,R,"Fantasy , Drama , and Mystery",1h 54m,Richard Kelly,,English,4500000,7500000,78
770,The King and the Mockingbird,1980,TP,"Animation , Family , and Fantasy",1h 23m,Paul Grimault,,French,-,-,78
771,The Hateful Eight,2015,R,"Drama , Mystery , and Western",3h 8m,Quentin Tarantino,3 Wins,English,44000000,155760117,78
772,Ernest & Celestine,2012,PG,"Animation , Family , Crime , Drama , and Comedy",1h 20m,Stéphane Aubier,,French,12500000,8170333,78
773,Polisse,2011,NR,Drama and Crime,2h 3m,Maïwenn,,French,-,20374201,78
774,All Quiet on the Western Front,1930,NR,Drama and War,2h 13m,Lewis Milestone,,English,1448864,3270000,78
775,Maudie,2016,PG-13,"Drama , Romance , and History",1h 55m,Aisling Walsh,,English,-,6170998,78
776,All My Life,2020,PG-13,Romance and Drama,1h 33m,Marc Meyers,,English,25000000,2000000,78
777,Misery,1990,R,Drama and Thriller,1h 47m,Rob Reiner,,English,20000000,61300000,78
778,The Whale,2022,R,Drama,1h 57m,Darren Aronofsky,4 Wins,English,3000000,57615635,78
779,Train to Busan,2016,NR,"Action , Horror , and Thriller",1h 58m,Yeon Sang-ho,,Korean,8500000,87547518,78
780,The Untouchables,1987,R,"Crime , History , and Thriller",1h 59m,Brian De Palma,,English,25000000,76270454,78
781,How to Train Your Dragon: The Hidden World,2019,PG,"Animation , Family , and Adventure",1h 44m,Dean DeBlois,,English,129000000,539987993,78
782,Stand and Deliver,1988,PG,Drama,1h 43m,Ramón Menéndez,6 Wins,English,1600000,13994920,78
783,Shelter,2007,R,Drama and Romance,1h 29m,Jonah Markowitz,,English,500000,142666,78
784,Words on Bathroom Walls,2020,PG-13,Drama and Romance,1h 51m,Thor Freudenthal,,English,8000000,3151849,78
785,A Matter of Life and Death,1946,PG,"Romance , Fantasy , Drama , and Comedy",1h 44m,Emeric Pressburger,,English,450000,1750000,78
786,A Walk to Remember,2002,PG,Drama and Romance,1h 42m,Adam Shankman,,English,11800000,47494916,78
787,Rain Man,1988,R,Drama,2h 14m,Barry Morrow,1 Win,English,25000000,354825435,78
788,Amour,2012,PG-13,Drama and Romance,2h 7m,Michael Haneke,7 Wins,French,8900000,29800000,78
789,Platoon,1986,R,"Drama , War , and Action",2h,Oliver Stone,4 Wins,English,6000000,138530565,78
790,The Phantom Carriage,1921,NR,"Drama , Fantasy , and Horror",1h 48m,Victor Sjöström,,Swedish,-,-,77
791,A Man Called Otto,2022,PG-13,Comedy and Drama,2h 6m,Marc Forster,,English,50000000,113360085,77
792,Don't Be Bad,2015,18+,Crime and Drama,1h 42m,Claudio Caligari,,Italian,-,-,77
793,Scooby-Doo! Camp Scare,2010,PG,"Animation , Comedy , Family , and Mystery",1h 12m,Ethan Spaulding,,English,-,-,77
794,Big Fish,2003,PG-13,"Adventure , Fantasy , and Drama",2h 5m,Tim Burton,,English,70000000,123200000,77
795,Tetris,2023,R,"Thriller , History , and Drama",1h 58m,Jon S. Baird,,English,-,-,77
796,Don't Blame the Kid,2016,C,Comedy and Romance,1h 53m,Gustavo Loza,,Spanish; Castilian,-,-,77
797,Emancipation,2022,R,"Drama , War , and History",2h 12m,Antoine Fuqua,,English,-,-,77
798,The Chorus,2004,PG-13,"Drama , Comedy , and Music",1h 37m,Christophe Barratier,,French,5300000,83600000,77
799,Touch of Evil,1958,15,"Crime , Thriller , and Drama",1h 51m,Orson Welles,,English,829000,2247500,77
800,The Best Years of Our Lives,1946,NR,"Drama , Romance , and War",2h 51m,William Wyler,1 Win,English,2100000,23650000,77
801,Rush,2013,R,Drama and Action,2h 3m,Ron Howard,1 Win,English,38000000,90200000,77
802,The Diamond Arm,1969,S,"Adventure , Comedy , and Crime",1h 34m,Leonid Gaidai,,Russian,-,2258,77
803,The Exorcist,1973,R,Horror,2h 2m,William Peter Blatty,,English,11000000,430872776,77
804,Ali: Fear Eats the Soul,1974,NR,Romance and Drama,1h 33m,Rainer Werner Fassbinder,,German,130000,186757,77
805,Short Term 12,2013,R,Drama,1h 36m,Destin Daniel Cretton,1 Win,English,1000000,1645164,77
806,All Quiet on the Western Front,2022,R,War and Drama,2h 27m,Edward Berger,21 Wins,German,20000000,-,77
807,Dogville,2003,R,"Crime , Drama , and Thriller",2h 58m,Lars von Trier,,English,10000000,16690617,77
808,Mystic River,2003,R,"Thriller , Drama , Mystery , and Crime",2h 18m,Clint Eastwood,7 Wins,English,25000000,156800000,77
809,Dreams,1990,PG,Fantasy and Drama,1h 59m,Akira Kurosawa,3 Wins,Japanese,12000000,2970161,77
810,I Am Not Your Negro,2017,R,Documentary,1h 33m,Raoul Peck,1 Win,English,1000000,7123919,77
811,Never Look Away,2018,R,"Drama , Romance , and History",3h 8m,Florian Henckel von Donnersmarck,,German,18000000,4831836,77
812,"Batman: The Dark Knight Returns, Part 1",2012,PG-13,"Science Fiction , Action , Animation , and Mystery",1h 16m,Jay Oliva,,English,3500000,-,77
813,Partly Cloudy,2009,G,"Animation , Family , Comedy , and Fantasy",6m,Peter Sohn,,English,-,-,77
814,The Straight Story,1999,G,Drama and Adventure,1h 52m,David Lynch,1 Win,English,10000000,6418028,77
815,My Mom Is a Character,2013,12,Comedy,1h 24m,André Pellenz,,Portuguese,2000000,20552094,77
816,Fiddler on the Roof,1971,G,Drama and Romance,3h 1m,Norman Jewison,,English,9000000,83304330,77
817,The Normal Heart,2014,M/12,Drama,2h 13m,Ryan Murphy,1 Win,English,-,-,77
818,The Heist of the Century,2020,NR,"Comedy , Thriller , and Crime",1h 54m,Ariel Winograd,,Spanish; Castilian,-,7627100,77
819,Citizenfour,2014,R,Documentary,1h 53m,Laura Poitras,4 Wins,English,-,3003169,77
820,Harry Potter and the Deathly Hallows: Part 1,2010,PG-13,Adventure and Fantasy,2h 26m,David Yates,,English,250000000,954305868,77
821,Marriage Story,2019,R,Drama,2h 17m,Noah Baumbach,11 Wins,English,18000000,333686,77
822,Instructions Not Included,2013,PG-13,Comedy and Drama,2h 2m,Eugenio Derbez,,Spanish; Castilian,5500000,99067206,77
823,The King's Speech,2010,R,Drama and History,1h 58m,Tom Hooper,17 Wins,English,15000000,414211549,77
824,Nothing Left to Do But Cry,1984,T,Comedy and Fantasy,1h 52m,Roberto Benigni,,Italian,-,-,77
825,Cool Hand Luke,1967,PG,Drama and Crime,2h 7m,Donn Pearce,,English,3200000,16217773,77
826,Three Steps Above Heaven,2010,PG-13,Romance and Drama,2h 2m,Fernando González Molina,,Spanish; Castilian,-,-,77
827,The Summit of the Gods,2021,PG,"Animation , Adventure , and Mystery",1h 35m,Patrick Imbert,1 Win,French,9850000,1756552,77
828,Batman Begins,2005,PG-13,"Drama , Crime , and Action",2h 20m,Christopher Nolan,,English,150000000,374218673,77
829,My Fault,2023,NR,"Drama , Romance , and Thriller",1h 56m,Domingo González,,Spanish; Castilian,-,-,77
830,Safety Last!,1923,NR,"Comedy , Romance , and Thriller",1h 13m,Sam Taylor,,English,121000,1500000,77
831,The Sound of Music,1965,G,"Drama , Family , Music , and Romance",2h 54m,Robert Wise,1 Win,English,8200000,286214286,77
832,The King of Kong: A Fistful of Quarters,2007,PG-13,Documentary,1h 23m,Seth Gordon,,English,-,790128,77
833,Slumdog Millionaire,2008,R,Drama and Romance,2h 1m,Danny Boyle,14 Wins,English,15000000,378400000,77
834,The Incredibles,2004,PG,"Action , Adventure , Animation , and Family",1h 55m,Brad Bird,3 Wins,English,92000000,631442092,77
835,God's Own Country,2017,R,Romance and Drama,1h 44m,Francis Lee,,English,-,2559939,77
836,Jiro Dreams of Sushi,2011,PG,Documentary,1h 22m,David Gelb,,English,-,2550508,77
837,"No manches, Frida",2016,PG-13,Comedy,1h 40m,Nacho G. Velilla,,Spanish; Castilian,5000000,23500000,77
838,For Love and Gold,1966,16,Comedy and Adventure,2h,Mario Monicelli,,Italian,-,1314230,77
839,Big Hero 6,2014,PG,"Adventure , Family , Animation , Action , and Comedy",1h 42m,Robert L. Baird,1 Win,English,165000000,657870525,77
840,Beauty and the Beast,1991,G,"Romance , Family , Animation , and Fantasy",1h 24m,Kirk Wise,1 Win,English,25000000,424967620,77
841,Magnolia,1999,R,Drama,3h 9m,Paul Thomas Anderson,,English,37000000,48451803,77
842,Tune in for Love,2019,12,Romance and Drama,2h 2m,Jung Ji-woo,,Korean,-,8631781,77
843,Kwaidan,1965,PG-13,"Horror , Fantasy , and Drama",3h 3m,Masaki Kobayashi,2 Wins,Japanese,-,-,77
844,Two Is a Family,2016,U,Drama and Comedy,1h 58m,Hugo Gélin,,French,-,1447740,77
845,The Color Purple,1985,PG-13,Drama and History,2h 34m,Steven Spielberg,,English,15000000,146300000,77
846,Selena,1997,PG,"Drama , Music , and History",2h 7m,Gregory Nava,,English,20000000,60000000,77
847,Edward Scissorhands,1990,PG-13,"Fantasy , Drama , and Romance",1h 45m,Tim Burton,,English,20000000,86024005,77
848,Crooks in Clover,1963,TP,Comedy and Crime,1h 51m,Georges Lautner,,French,-,-,77
849,Deep Red,1975,R,"Horror , Mystery , and Thriller",2h 7m,Dario Argento,,Italian,-,2900000,77
850,The Big Bad Fox and Other Tales,2017,G,"Family , Animation , and Comedy",1h 23m,Benjamin Renner,,French,3000000,19030780,77
851,The Fog of War,2003,PG-13,Documentary and TV Movie,1h 47m,Errol Morris,2 Wins,English,-,-,77
852,Cowboy Bebop: The Movie,2001,R,"Action , Animation , and Science Fiction",1h 55m,Shinichiro Watanabe,,Japanese,-,-,77
853,The Breakfast Club,1985,R,Comedy and Drama,1h 38m,John Hughes,,English,1000000,51530442,77
854,Annie Hall,1977,PG,"Comedy , Drama , and Romance",1h 33m,Woody Allen,1 Win,English,4000000,43989445,77
855,Hotel Rwanda,2004,PG-13,"Drama , History , and War",2h 2m,Terry George,,English,17500000,38000000,77
856,Guy Ritchie's The Covenant,2023,R,"War , Action , and Thriller",2h 3m,Guy Ritchie,,English,55000000,21948551,77
857,Hamnet,2025,PG-13,Drama and Romance,2h 5m,Chloé Zhao,13 Wins,English,30000000,107756183,77
858,Vampire Hunter D: Bloodlust,2001,R,"Animation , Fantasy , and Horror",1h 43m,Yoshiaki Kawajiri,,Japanese,-,151086,77
859,Good Morning,1959,TP,"Comedy , Family , and Drama",1h 34m,Yasujirō Ozu,,Japanese,-,-,77
860,Mysterious Skin,2005,NR,Drama,1h 45m,Gregg Araki,,English,3000000,2148548,77
861,The Blues Brothers,1980,R,"Music , Comedy , and Crime",2h 13m,John Landis,,English,27000000,115229890,77
862,Sniper: The White Raven,2022,R,"War , Action , and Drama",2h,Marian Bushan,,Ukrainian,1000000,881,77
863,Accattone,1961,TP,Drama,1h 57m,Pier Paolo Pasolini,,Italian,-,-,77
864,The Bridges of Madison County,1995,PG-13,Drama and Romance,2h 15m,Clint Eastwood,1 Win,English,24000000,182000000,77
865,Cousins,2019,18,"Comedy , Romance , and Drama",1h 23m,Thiago Cazado,,Portuguese,-,-,77
866,John Wick: Chapter 4,2023,R,"Action , Thriller , and Crime",2h 50m,Derek Kolstad,2 Wins,English,100000000,447316405,77
867,"I, Daniel Blake",2016,R,Drama,1h 40m,Ken Loach,2 Wins,English,-,15697699,77
868,The Leopard,1963,NR,Drama,3h 6m,Luchino Visconti,,Italian,-,-,77
869,RRR,2022,R,"Action , History , and Drama",3h 7m,S. S. Rajamouli,5 Wins,Telugu,69000000,160000000,77
870,Inside Job,2010,PG-13,Documentary and Crime,1h 49m,Charles Ferguson,2 Wins,English,2000000,7871522,77
871,Notorious,1946,U,"Romance , Mystery , and Thriller",1h 43m,Alfred Hitchcock,,English,2000000,24500000,77
872,The Sacrifice,1986,PG,Drama,2h 29m,Andrei Tarkovsky,,Swedish,-,1095380,77
873,Alice in the Cities,1974,6,Drama,1h 50m,Wim Wenders,,German,-,-,77
874,The Red Balloon,1956,NR,"Comedy , Drama , Family , and Fantasy",34m,Albert Lamorisse,,French,-,48980,77
875,Everything Everywhere All at Once,2022,R,"Action , Adventure , and Science Fiction",2h 20m,Daniel Scheinert,47 Wins,English,25000000,139200000,77
876,Nightcrawler,2014,R,"Crime , Drama , and Thriller",1h 58m,Dan Gilroy,3 Wins,English,8500000,47425835,77
877,The Ultimate Gift,2007,PG,"Romance , Drama , and Family",1h 54m,Michael O. Sajbel,,English,9000000,3438735,77
878,Rental Family,2025,PG-13,Comedy and Drama,1h 50m,Hikari,2 Wins,English,-,26585129,77
879,Kizumonogatari Part 1: Tekketsu,2016,R,"Animation , Fantasy , Drama , Mystery , and Action",1h 3m,Tatsuya Oishi,,Japanese,-,6319100,77
880,Harry Potter and the Chamber of Secrets,2002,PG,Adventure and Fantasy,2h 41m,Chris Columbus,1 Win,English,100000000,876688482,77
881,The Martian,2015,PG-13,"Science Fiction , Drama , and Adventure",2h 21m,Ridley Scott,3 Wins,English,108000000,631058917,77
882,Mother,2009,R,"Crime , Drama , and Mystery",2h 9m,Bong Joon Ho,,Korean,5000000,17112713,77
883,Underground,1995,16,"Comedy , Drama , and War",2h 50m,Emir Kusturica,,Serbian,14000000,182134,77
884,Spirit: Stallion of the Cimarron,2002,G,"Animation , Adventure , Family , Drama , and Western",1h 23m,Kelly Asbury,4 Wins,English,80000000,122563539,77
885,Flee,2021,PG-13,Documentary and Animation,1h 29m,Jonas Poher Rasmussen,3 Wins,Danish,3400000,712229,77
886,Sword Art Online the Movie: Ordinal Scale,2017,PG-13,"Animation , Action , Adventure , Fantasy , and Science Fiction",1h 59m,Tomohiko Ito,,Japanese,-,29322339,77
887,The Princess Bride,1987,PG,"Adventure , Fantasy , Romance , and Family",1h 39m,William Goldman,,English,16000000,30900000,77
888,The Ox-Bow Incident,1943,NR,Western,1h 16m,William A. Wellman,,English,565000,-,77
889,Sound of Metal,2020,R,Drama and Music,2h 1m,Darius Marder,9 Wins,English,-,516520,77
890,PK,2014,PG-13,"Comedy , Drama , and Science Fiction",2h 33m,Rajkumar Hirani,,Hindi,13000000,118920000,77
891,Philadelphia,1993,PG-13,Drama,2h 6m,Jonathan Demme,,English,26000000,206678440,77
892,The Maltese Falcon,1941,PG,"Mystery , Crime , and Thriller",1h 40m,John Huston,,English,375000,1772000,77
893,Manhattan,1979,R,"Comedy , Drama , and Romance",1h 36m,Woody Allen,,English,9000000,40194067,77
894,Entergalactic,2022,R,"Animation , Romance , Music , and Comedy",1h 33m,Fletcher Moules,,English,-,-,77
895,"Like Father, Like Son",2013,G,Drama,2h,Hirokazu Kore-eda,2 Wins,Japanese,-,19978961,77
896,Taste of Cherry,1997,U,Drama,1h 39m,Abbas Kiarostami,,Persian,120000,10923,77
897,Sleuth,1972,PG,"Thriller , Mystery , and Crime",2h 18m,Joseph L. Mankiewicz,,English,3500000,5750000,77
898,Past Lives,2023,PG-13,Drama and Romance,1h 46m,Celine Song,8 Wins,English,12000000,28126646,77
899,The Man from Nowhere,2010,R,"Action , Thriller , and Crime",1h 59m,Lee Jeong-beom,,Korean,1255000,43059790,77
900,If Anything Happens I Love You,2020,PG,Drama and Animation,12m,Michael Govier,1 Win,English,-,-,77
901,Kin-dza-dza!,1986,G,"Comedy , Science Fiction , and Adventure",2h 15m,Georgiy Daneliya,,Russian,-,-,77
902,Azur & Asmar: The Princes' Quest,2006,U,Animation and Family,1h 39m,Michel Ocelot,,French,-,-,77
903,Fireproof,2008,PG,Drama and Romance,1h 58m,Alex Kendrick,,English,500000,33473297,77
904,Vivre Sa Vie,1962,NR,Drama,1h 24m,Jean-Luc Godard,,French,64000,24517,77
905,Hustle,2022,R,Drama and Comedy,1h 57m,Jeremiah Zagar,,English,21000000,-,77
906,Day & Night,2010,G,"Animation , Family , Comedy , and Fantasy",6m,Teddy Newton,,English,-,-,77
907,Angel's Egg,1985,NR,"Animation , Fantasy , Mystery , and Science Fiction",1h 11m,Mamoru Oshii,,Japanese,-,-,77
908,Brief Encounter,1945,NR,Drama and Romance,1h 26m,David Lean,,English,1200000,-,77
909,Gran Turismo,2023,PG-13,"Adventure , Drama , and Action",2h 15m,Neill Blomkamp,,English,60000000,121700000,77
910,12 Angry Men,1997,PG-13,Drama and TV Movie,1h 57m,William Friedkin,,English,1750000,2000000,77
911,The Gorge,2025,PG-13,"Romance , Science Fiction , and Thriller",2h 8m,Scott Derrickson,,English,70000000,-,77
912,BPM (Beats per Minute),2017,TP,Drama,2h 23m,Robin Campillo,,French,6600000,7632420,77
913,Mustang,2015,PG-13,Drama,1h 37m,Deniz Gamze Ergüven,,French,1300000,5300000,77
914,Little Miss Sunshine,2006,R,Comedy and Drama,1h 42m,Valerie Faris,9 Wins,English,8000000,100523351,77
915,White Snake,2019,G,"Romance , Animation , and Fantasy",1h 39m,Amp Wong,,Chinese,11936735,62098770,77
916,Pride,2014,R,Drama and Comedy,2h,Matthew Warchus,1 Win,English,-,16700000,77
917,Monsieur Verdoux,1947,NR,"Comedy , Crime , and Drama",2h 4m,Charlie Chaplin,,English,2000000,-,77
918,Fallen Angels,1995,NR,"Action , Romance , and Crime",1h 38m,Wong Kar-Wai,,Cantonese,-,-,77
919,Rurouni Kenshin Part III: The Legend Ends,2014,R,"Action , Adventure , and Fantasy",2h 15m,Keishi Otomo,1 Win,Japanese,-,-,77
920,Love Don't Co$t a Thing,2003,PG-13,"Comedy , Drama , Family , and Romance",1h 40m,Troy Byer,,English,-,21964072,77
921,A Charlie Brown Christmas,1965,G,"Animation , Family , Comedy , and TV Movie",25m,Bill Melendez,,English,96000,-,77
922,Who's Afraid of Virginia Woolf?,1966,NR,Drama,2h 11m,Mike Nichols,1 Win,English,7500000,33736689,77
923,STRAW,2025,R,"Thriller , Drama , and Crime",1h 45m,Tyler Perry,4 Wins,English,-,-,77
924,The Terminator,1984,R,"Action , Thriller , and Science Fiction",1h 48m,James Cameron,,English,6400000,78371200,77
925,Overcomer,2019,PG,Drama,1h 59m,Alex Kendrick,,English,5000000,38026103,77
926,The Seven Deadly Sins: Cursed by Light,2021,PG-13,Animation and Fantasy,1h 19m,Takayuki Hamana,,Japanese,-,1094673,77
927,The Count of Monte Cristo,2002,PG-13,"Adventure , Drama , History , and Action",2h 11m,Kevin Reynolds,,English,35000000,75395048,77
928,The Celebration,1998,R,Drama,1h 41m,Thomas Vinterberg,1 Win,Danish,1300000,-,77
929,Ordinary Angels,2024,PG,Drama,1h 58m,Jon Gunn,,English,13000000,20571534,77
930,How to Train Your Dragon 2,2014,PG,"Fantasy , Action , Adventure , Animation , and Family",1h 42m,Dean DeBlois,1 Win,English,145000000,621537519,77
931,Black Swan,2010,R,"Drama , Thriller , and Horror",1h 48m,Andres Heinz,9 Wins,English,13000000,329398046,77
932,Jaws,1975,PG,"Horror , Thriller , and Adventure",2h 4m,Peter Benchley,,English,7000000,470653000,77
933,The World's Fastest Indian,2005,PG-13,"Drama , Adventure , and History",2h 7m,Roger Donaldson,,English,25000000,18300000,77
934,Tangerines,2013,PG-13,Drama and War,1h 27m,Zaza Urushadze,,Estonian,-,-,77
935,Jean de Florette,1986,PG,Drama,2h 2m,Claude Berri,,French,4940939,-,77
936,Harry Potter and the Half-Blood Prince,2009,PG,Adventure and Fantasy,2h 33m,David Yates,,English,250000000,933959197,77
937,Rurouni Kenshin: The Final,2021,PG-13,"Action , Adventure , History , and Drama",2h 18m,Keishi Otomo,1 Win,Japanese,-,33457923,77
938,The Warriors,1979,R,Action and Thriller,1h 34m,Walter Hill,,English,4000000,22490039,77
939,Onibaba,1964,15,Horror,1h 45m,Kaneto Shindō,,Japanese,-,-,77
940,Knockin' on Heaven's Door,1997,12,"Comedy , Crime , Action , and Drama",1h 29m,Thomas Jahn,,German,3500000,-,77
941,Before the Flood,2016,PG,Documentary,1h 33m,Fisher Stevens,,English,-,-,77
942,Marriage Italian Style,1964,NR,"Drama , Romance , and Comedy",1h 42m,Vittorio De Sica,,Italian,-,12800000,77
943,In the Heat of the Night,1967,PG-13,"Crime , Drama , Mystery , and Thriller",1h 49m,Norman Jewison,,English,2000000,27379978,77
944,The Searchers,1956,NR,Western,1h 59m,John Ford,,English,3750000,-,77
945,Stalag 17,1953,NR,"Comedy , Drama , and War",2h,Billy Wilder,,English,1661530,10000000,77
946,Descendants 3,2019,PG,"Family , TV Movie , Adventure , and Fantasy",1h 46m,Kenny Ortega,,English,15000000,-,77
947,Moonrise Kingdom,2012,PG-13,"Comedy , Drama , and Romance",1h 34m,Wes Anderson,1 Win,English,16000000,68263166,77
948,Red Shoes and the Seven Dwarfs,2019,PG,"Animation , Fantasy , Family , Comedy , Romance , and Adventure",1h 32m,Hong Sung-ho,,Korean,20000000,10054356,77
949,The Broken Circle Breakdown,2012,12,Drama,1h 52m,Felix van Groeningen,,Dutch; Flemish,-,5500000,77
950,The Secret World of Arrietty,2010,G,"Fantasy , Animation , and Family",1h 34m,Hiromasa Yonebayashi,1 Win,Japanese,23000000,149660003,77
951,Kabhi Khushi Kabhie Gham,2001,U,Comedy and Drama,3h 29m,Karan Johar,,Hindi,7500000,11336308,77
952,Shottas,2002,R,"Action , Adventure , Crime , and Drama",1h 35m,Cess Silvera,,English,200000,-,77
953,Scooby-Doo on Zombie Island,1998,PG,"Animation , Mystery , Family , and Horror",1h 17m,Glenn Leopold,,English,-,-,77
954,Officer Black Belt,2024,R,"Action , Comedy , Crime , and Drama",1h 48m,Jason Kim,,Korean,-,-,77
955,Zootopia 2,2025,PG,"Animation , Adventure , Comedy , Mystery , and Family",1h 48m,Jared Bush,6 Wins,English,150000000,1868208796,77
956,Embrace of the Serpent,2015,G,Drama and Adventure,2h 5m,Ciro Guerra,,Spanish; Castilian,1400000,1320005,77
957,October Sky,1999,PG,"Drama , History , and Family",1h 47m,Joe Johnston,,English,25000000,34698685,77
958,Harvey,1950,NR,Comedy and Fantasy,1h 44m,Henry Koster,1 Win,English,-,-,77
959,Mississippi Burning,1988,R,"Drama , Crime , Mystery , and Thriller",2h 8m,Alan Parker,,English,15000000,34604000,77
960,Waltz with Bashir,2008,R,"Animation , Documentary , Drama , and War",1h 30m,Ari Folman,2 Wins,Hebrew,1500000,11179372,77
961,Fireworks,1997,R,Crime and Drama,1h 43m,Takeshi Kitano,4 Wins,Japanese,-,-,77
962,Harry Potter and the Order of the Phoenix,2007,PG-13,Adventure and Fantasy,2h 18m,David Yates,,English,150000000,938212738,77
963,Constantine: City of Demons - The Movie,2018,R,"Fantasy , Animation , Horror , and Action",1h 30m,J. M. DeMatteis,,English,-,-,77
964,Holding the Man,2015,NR,Drama,2h 8m,Timothy Conigrave,,English,-,-,77
965,Mickey's Christmas Carol,1983,G,Family and Animation,25m,Burny Mattinson,,English,3000000,21000000,77
966,The Young Girls of Rochefort,1967,G,"Romance , Comedy , and Drama",2h 6m,Jacques Demy,,French,-,-,77
967,Rich in Love,2020,12,Romance and Comedy,1h 44m,Bruno Garotti,,Portuguese,-,-,77
968,Father There Is Only One,2019,G,Comedy and Family,1h 36m,Santiago Segura,,Spanish; Castilian,3400000,15894372,77
969,Boys,2014,9,"Drama , Romance , and TV Movie",1h 17m,Mischa Kamp,,Dutch; Flemish,-,-,77
970,Hiroshima Mon Amour,1959,NR,"Drama , History , and Romance",1h 32m,Alain Resnais,,French,-,3193,77
971,The Batman,2022,PG-13,"Crime , Mystery , and Thriller",2h 57m,Matt Reeves,3 Wins,English,185000000,772775278,77
972,The Promised Land,2023,NR,"Action , Drama , and History",2h 7m,Nikolaj Arcel,3 Wins,Danish,8500000,2246680,77
973,Rurouni Kenshin: The Beginning,2021,R,"Action , Adventure , Drama , and Romance",2h 18m,Keishi Otomo,,Japanese,-,-,77
974,Cast Away,2000,PG-13,Adventure and Drama,2h 23m,Robert Zemeckis,,English,90000000,429632142,77
975,PlayTime,1967,TP,Comedy,1h 55m,Jacques Tati,,French,-,-,77
976,The Hustler,1961,NR,Drama and Romance,2h 14m,Robert Rossen,,English,2000000,7600000,77
977,"Duck, You Sucker",1971,PG,Western,2h 37m,Sergio Leone,,Italian,-,-,77
978,The Act of Killing,2012,NR,Documentary and History,2h 39m,Joshua Oppenheimer,1 Win,Danish,1000000,722714,77
979,The Blind Side,2009,PG-13,Drama,2h 9m,John Lee Hancock,3 Wins,English,29000000,309231694,77
980,Iron Man,2008,PG-13,"Action , Science Fiction , and Adventure",2h 6m,Jon Favreau,1 Win,English,140000000,585174222,77
981,Viridiana,1962,B-15,Drama,1h 30m,Luis Buñuel,,Spanish; Castilian,-,679244,77
982,The Big Heat,1953,15,Crime and Thriller,1h 29m,Fritz Lang,,English,-,-,77
983,Cléo from 5 to 7,1962,NR,Drama,1h 30m,Agnès Varda,,French,-,-,77
984,Strangers on a Train,1951,PG,"Crime , Thriller , and Drama",1h 41m,Alfred Hitchcock,,English,1200000,7000000,77
985,The Children's Hour,1961,NR,Drama,1h 48m,William Wyler,,English,3600000,3000000,77
986,Primal Fear,1996,R,"Crime , Drama , and Thriller",2h 10m,Gregory Hoblit,,English,30000000,102616183,77
987,Apocalypto,2006,R,"Action , Drama , and History",2h 18m,Mel Gibson,,English,40000000,120654337,77
988,Remember the Titans,2000,PG,Drama,1h 53m,Boaz Yakin,,English,30000000,136700000,77
989,Fried Green Tomatoes,1991,PG-13,Drama and Comedy,2h 10m,Fannie Flagg,,English,11000000,119418501,77
990,Out of the Past,1947,15,Crime and Thriller,1h 37m,Daniel Mainwaring,,English,-,-,77
991,Straight Outta Nowhere: Scooby-Doo! Meets Courage the Cowardly Dog,2021,PG,Animation and Mystery,1h 12m,John R. Dilworth,,English,-,-,77
992,The Edge of Democracy,2019,PG13,Documentary,2h 1m,Petra Costa,,Portuguese,-,-,77
993,The Gentlemen,2020,R,"Action , Comedy , and Crime",1h 53m,Guy Ritchie,,English,22000000,115171795,77
994,The Outlaws,2017,19,"Action , Crime , and Thriller",2h 1m,Kang Yun-sung,,Korean,5900000,52946454,77
995,Free Fall,2013,NR,Drama and Romance,1h 37m,Stephan Lacant,,German,-,599721,77
996,The Spirit of the Beehive,1973,18,Drama and Fantasy,1h 38m,Víctor Erice,,Spanish; Castilian,-,-,77
997,Divines,2016,12,Drama,1h 45m,Houda Benyamina,,French,2791874,-,77
998,What's Eating Gilbert Grape,1993,PG-13,Romance and Drama,1h 58m,Peter Hedges,,English,11000000,10000000,77
999,Planet of the Apes,1968,G,"Science Fiction , Adventure , Drama , and Action",1h 52m,Franklin J. Schaffner,,English,5800000,32589624,77
1000,Brazil,1985,R,Comedy and Science Fiction,2h 23m,Terry Gilliam,,English,15000000,9953708,77
1001,My Mom Is a Character 2,2016,12,Comedy,1h 28m,César Rodrigues,,Portuguese,2000000,39195565,77
1002,Berserk: The Golden Age Arc III - The Advent,2013,R 18+,"Animation , Action , Adventure , Drama , and Fantasy",1h 50m,Toshiyuki Kubooka,,Japanese,-,399445,77
1003,The Last Waltz,1978,PG,Documentary and Music,1h 57m,Martin Scorsese,,English,-,321952,77
1004,All the President's Men,1976,PG,"Drama , Mystery , and Thriller",2h 18m,Alan J. Pakula,1 Win,English,8500000,70600000,77
1005,Aladdin,1992,G,"Animation , Family , Adventure , Fantasy , and Romance",1h 31m,Ron Clements,1 Win,English,28000000,504050219,77
1006,Ricky Gervais: Humanity,2018,R,Comedy,1h 19m,John L. Spencer,,English,-,-,77
1007,The Thin Blue Line,1988,15,Crime and Documentary,1h 43m,Errol Morris,,English,-,1209846,77
1008,Charade,1963,NR,"Comedy , Mystery , and Romance",1h 53m,Peter Stone,,English,4000000,13475000,77
1009,High Noon,1952,NR,Western,1h 25m,Fred Zinnemann,4 Wins,English,730000,8000000,77
1010,The Trial of the Chicago 7,2020,R,Drama and History,2h 10m,Aaron Sorkin,4 Wins,English,35000000,107423,77
1011,Captain America: The Winter Soldier,2014,PG-13,"Action , Adventure , and Science Fiction",2h 16m,Joe Russo,,English,170000000,714766572,77
1012,L'Eclisse,1962,NR,Drama and Romance,2h 6m,Michelangelo Antonioni,,Italian,-,-,77
1013,Baki Hanma VS Kengan Ashura,2024,R,"Animation , Action , and Fantasy",1h,Toshiki Hirano,,Japanese,-,-,77
1014,Exhuma,2024,NR,"Mystery , Horror , and Thriller",2h 14m,Jang Jae-hyun,,Korean,-,97974828,77
1015,"Quo Vadis, Aida?",2021,18A,"War , Drama , and History",1h 44m,Jasmila Žbanić,5 Wins,Serbian,4750000,813253,77
1016,Nosferatu,1922,NR,Horror and Fantasy,1h 34m,F. W. Murnau,,German,-,27964,77
1017,Monica and Friends: Bonds,2019,L,"Family , Adventure , and Comedy",1h 37m,Mauricio de Sousa,,Portuguese,1803570,1357142,77
1018,Inherit the Wind,1960,NR,Drama,2h 8m,Stanley Kramer,,English,2000000,2000000,77
1019,Avatar: Fire and Ash,2025,PG-13,"Science Fiction , Adventure , and Fantasy",3h 18m,James Cameron,15 Wins,English,350000000,1485999890,77
1020,Ask Me If I'm Happy,2000,T,Comedy,1h 40m,Giovanni Storti,,Italian,-,-,77
1021,Prey,2022,R,"Thriller , Action , and Science Fiction",1h 40m,Dan Trachtenberg,,English,65000000,-,77
1022,Little Eggs: A Frozen Rescue,2022,A,"Animation , Adventure , Comedy , and Family",1h 31m,Rodolfo Riva Palacio Alatriste,,Spanish; Castilian,-,-,77
1023,I Vitelloni,1953,NR,Comedy and Drama,1h 43m,Federico Fellini,,Italian,-,-,76
1024,Fabricated City,2017,15,"Action , Thriller , and Crime",2h 6m,Bae Jong,,Korean,-,-,76
1025,Breakthrough,2019,PG,Drama,1h 56m,Roxann Dawson,,English,14000000,49200000,76
1026,White Heat,1949,NR,"Crime , Drama , and Thriller",1h 54m,Raoul Walsh,,English,1300000,3483000,76
1027,A Night to Remember,1958,NR,"Drama , Action , and History",2h 3m,Roy Ward Baker,,English,1680000,-,76
1028,Orpheus,1950,NR,"Romance , Fantasy , and Drama",1h 35m,Jean Cocteau,,French,-,-,76
1029,The Killing,1956,NR,"Crime , Thriller , and Drama",1h 25m,Stanley Kubrick,,English,320000,-,76
1030,Amores Perros,2000,R,Drama and Thriller,2h 34m,Alejandro G. Iñárritu,,Spanish; Castilian,2000000,20908467,76
1031,"Black Cat, White Cat",1998,R,"Comedy , Romance , and Crime",2h 7m,Emir Kusturica,,Serbian,-,353734,76
1032,Aftersun,2022,R,Drama,1h 41m,Charlotte Wells,7 Wins,English,-,7834405,76
1033,The Holdovers,2023,R,Drama and Comedy,2h 13m,Alexander Payne,24 Wins,English,13000000,42513270,76
1034,Earth,2007,G,Documentary,1h 30m,Alastair Fothergill,,English,15000000,109000000,76
1035,The Conformist,1971,R,Drama,1h 48m,Bernardo Bertolucci,,Italian,750000,233493,76
1036,Hunt for the Wilderpeople,2016,PG-13,"Adventure , Comedy , and Drama",1h 41m,Taika Waititi,,English,2500000,23900000,76
1037,Threads,1984,NC-17,"War , Drama , and Science Fiction",1h 57m,Mick Jackson,,English,420000,-,76
1038,Lucky and Zorba,1998,U,Family and Animation,1h 16m,Enzo D'Alò,,Italian,-,-,76
1039,Icarus,2017,16,Documentary,2h 1m,Bryan Fogel,1 Win,English,-,-,76
1040,Edge of Tomorrow,2014,PG-13,Action and Science Fiction,1h 54m,Doug Liman,,English,178000000,370541256,76
1041,The Traitor,2019,R,"Drama , Crime , and Thriller",2h 31m,Marco Bellocchio,,Italian,-,-,76
1042,A Dog's Purpose,2017,PG,"Adventure , Fantasy , Family , and Drama",1h 40m,W. Bruce Cameron,,English,22000000,205000000,76
1043,Kubo and the Two Strings,2016,PG,"Animation , Adventure , and Family",1h 42m,Marc Haimes,2 Wins,English,60000000,76249438,76
1044,Zindagi Na Milegi Dobara,2011,UA,"Drama , Comedy , and Romance",2h 34m,Zoya Akhtar,,Hindi,7700000,160000000,76
1045,Boogie Nights,1997,R,Drama and Comedy,2h 36m,Paul Thomas Anderson,,English,15000000,43101594,76
1046,Batman and Superman: Battle of the Super Sons,2022,PG-13,"Animation , Action , and Science Fiction",1h 20m,Bob Kane,,English,-,-,76
1047,All the Bright Places,2020,R,Romance and Drama,1h 48m,Jennifer Niven,,English,-,-,76
1048,Mad Max: Fury Road,2015,R,"Action , Adventure , and Science Fiction",2h 1m,George Miller,12 Wins,English,150000000,378858340,76
1049,Boyz n the Hood,1991,R,Drama and Crime,1h 52m,John Singleton,,English,6500000,57504069,76
1050,The Longest Ride,2015,PG-13,Drama and Romance,2h 8m,George Tillman Jr.,,English,34000000,63013281,76
1051,My Friends Act II,1982,T,Comedy,2h 10m,Mario Monicelli,,Italian,-,-,76
1052,Memoirs of a Geisha,2005,PG-13,"Drama , Romance , and History",2h 26m,Rob Marshall,4 Wins,English,85000000,162242962,76
1053,Godzilla,1954,NR,"Thriller , Horror , and Science Fiction",1h 36m,Ishirō Honda,,Japanese,60000,2250000,76
1054,Groundhog Day,1993,PG,"Romance , Fantasy , and Comedy",1h 41m,Harold Ramis,,English,14600000,71108778,76
1055,Onward,2020,PG,"Adventure , Animation , Comedy , Family , and Fantasy",1h 42m,Dan Scanlon,,English,200000000,141888276,76
1056,Fantastic Planet,1973,PG,Animation and Science Fiction,1h 12m,René Laloux,,French,-,-,76
1057,The Eight Mountains,2022,NR,Drama,2h 27m,Charlotte Vandermeersch,,Italian,-,9494985,76
1058,Arrival,2016,PG-13,"Drama , Science Fiction , and Mystery",1h 56m,Denis Villeneuve,4 Wins,English,47000000,203388186,76
1059,The Graduate,1967,PG,"Drama , Romance , and Comedy",1h 47m,Mike Nichols,1 Win,English,3000000,104945305,76
1060,Atonement,2007,R,Drama and Romance,2h 3m,Joe Wright,3 Wins,English,30000000,131016624,76
1061,Barfi!,2012,U,"Drama , Romance , and Comedy",2h 31m,Anurag Basu,,Hindi,4437508,2804874,76
1062,Courageous,2011,PG-13,Drama,2h 9m,Alex Kendrick,,English,1000000,35690739,76
1063,Sin Nombre,2009,R,"Drama , Action , Thriller , and Crime",1h 36m,Cary Joji Fukunaga,,Spanish; Castilian,-,5102705,76
1064,A Little Princess,1995,G,"Drama , Family , and Fantasy",1h 37m,Alfonso Cuarón,,English,17000000,10000000,76
1065,Mortal Kombat Legends: Battle of the Realms,2021,R,"Animation , Action , and Fantasy",1h 20m,Ethan Spaulding,,English,-,-,76
1066,Better Man,2024,R,Music and Drama,2h 15m,Michael Gracey,,English,110000000,22549151,76
1067,My Night at Maud's,1969,AL,"Romance , Comedy , and Drama",1h 50m,Éric Rohmer,,French,-,-,76
1068,The Fall,2006,R,"Adventure , Fantasy , and Drama",1h 57m,Tarsem Singh,,English,30000000,3984390,76
1069,Laura,1944,U,Drama and Mystery,1h 28m,Otto Preminger,,English,1020000,2000000,76
1070,Cat on a Hot Tin Roof,1958,NR,Drama,1h 48m,Richard Brooks,,English,3000000,17570324,76
1071,A Million Miles Away,2023,PG,Drama and History,2h 2m,Alejandra Márquez Abella,,English,-,-,76
1072,The Killer,2022,19,"Action , Crime , and Thriller",1h 35m,Choi Jae-hoon,,Korean,-,595112,76
1073,Poor Things,2023,R,"Science Fiction , Romance , and Comedy",2h 21m,Yorgos Lanthimos,28 Wins,English,35000000,117607117,76
1074,Bacurau,2019,16,"Mystery , Western , and Thriller",2h 11m,Kleber Mendonça Filho,,Portuguese,1430000,3554178,76
1075,Gladiator,1992,R,Drama,1h 41m,Robert Mark Kamen,,English,20000000,9223441,76
1076,Another Round,2020,NR,Comedy and Drama,1h 57m,Thomas Vinterberg,3 Wins,Danish,5150000,21700000,76
1077,Forever My Girl,2018,PG,"Romance , Drama , and Music",1h 48m,Bethany Ashton Wolf,,English,3500000,16367326,76
1078,Time of the Gypsies,1988,16,"Drama , Crime , Fantasy , and Romance",2h 22m,Emir Kusturica,,Serbo-Croatian,-,-,76
1079,The Bad Guys 2,2025,PG,"Family , Comedy , Crime , Adventure , Animation , and Action",1h 44m,Pierre Perifel,1 Win,English,80000000,239676236,76
1080,Cowspiracy: The Sustainability Secret,2014,NR,Documentary,1h 30m,Kip Andersen,,English,117,-,76
1081,In a Lonely Place,1950,NR,"Thriller , Drama , Romance , and Mystery",1h 33m,Nicholas Ray,,English,-,1400000,76
1082,Geri's Game,1997,G,"Animation , Comedy , and Family",4m,Jan Pinkava,2 Wins,English,-,-,76
1083,The Banker,2020,PG-13,Drama,2h,George Nolfi,,English,-,-,76
1084,One Cut of the Dead,2017,16,"Comedy , Horror , and Drama",1h 36m,Shinichiro Ueda,3 Wins,Japanese,52406,27590180,76
1085,Dragon Ball Z: The History of Trunks,1993,NR,"Animation , Action , and Science Fiction",48m,Akira Toriyama,,Japanese,-,-,76
1086,The Hill,2023,PG,History and Drama,2h 1m,Jeff Celentano,,English,-,7600000,76
1087,Get Out,2017,R,"Mystery , Thriller , and Horror",1h 44m,Jordan Peele,8 Wins,English,4500000,255407969,76
1088,Deadpool,2016,R,"Action , Adventure , and Comedy",1h 48m,Tim Miller,,English,58000000,782837347,76
1089,Lilya 4-ever,2002,R,Drama and Crime,1h 49m,Lukas Moodysson,,Swedish,2700000,1007747,76
1090,Detachment,2011,NR,Drama,1h 38m,Tony Kaye,,English,3000000,3742697,76
1091,I'm Starting from Three,1981,T,Comedy,1h 47m,Massimo Troisi,,Italian,-,-,76
1092,Corpus Christi,2019,16,Drama,1h 56m,Jan Komasa,10 Wins,Polish,1300000,9943901,76
1093,Eddie Murphy: Delirious,1983,R,Comedy,1h 9m,Bruce Gowers,,English,-,-,76
1094,Kind Hearts and Coronets,1949,NR,Comedy and Crime,1h 44m,Robert Hamer,,English,-,-,76
1095,EXIT,2019,12,Action and Comedy,1h 43m,Lee Sang-geun,,Korean,10892000,69501772,76
1096,Tumbbad,2018,A,Fantasy and Horror,1h 53m,Rahi Anil Barve,,Hindi,-,-,76
1097,Faces Places,2017,U,Documentary,1h 34m,Agnès Varda,1 Win,French,-,1108983,76
1098,Häxan,1922,15,"Documentary , Horror , and History",1h 45m,Benjamin Christensen,,Swedish,220000,-,76
1099,The Man from Earth,2007,NR,Science Fiction and Drama,1h 27m,Richard Schenkman,,English,200000,-,76
1100,Cobain: Montage of Heck,2015,NR,Documentary and Music,2h 12m,Brett Morgen,,English,-,-,76
1101,The Little Prince,2015,PG,"Adventure , Animation , Fantasy , and Family",1h 46m,Mark Osborne,,English,64000000,101281211,76
1102,Marcel the Shell with Shoes On,2022,PG,"Animation , Comedy , Drama , Family , and Fantasy",1h 30m,Dean Fleischer Camp,5 Wins,English,6000000,6909209,76
1103,Toy Story 2,1999,G,"Animation , Comedy , and Family",1h 32m,John Lasseter,7 Wins,English,90000000,497375404,76
1104,Frankenstein,2025,R,"Drama , Fantasy , and Horror",2h 30m,Guillermo del Toro,28 Wins,English,120000000,480678,76
1105,The Others,2001,PG-13,"Horror , Mystery , and Thriller",1h 41m,Alejandro Amenábar,,English,17000000,210002906,76
1106,Arsenic and Old Lace,1944,NR,Comedy and Crime,1h 58m,Frank Capra,,English,1120175,-,76
1107,Kingsman: The Secret Service,2015,R,"Crime , Comedy , Action , and Adventure",2h 9m,Matthew Vaughn,,English,81000000,414351546,76
1108,A Streetcar Named Desire,1951,PG,Drama and Thriller,2h 2m,Elia Kazan,1 Win,English,1800000,8000000,76
1109,Tangled,2010,PG,"Animation , Family , and Adventure",1h 40m,Nathan Greno,,English,260000000,592461732,76
1110,Eat Drink Man Woman,1994,NR,"Comedy , Drama , and Romance",2h 3m,Ang Lee,,Chinese,-,24194403,76
1111,Mildred Pierce,1945,NR,Crime and Drama,1h 51m,Michael Curtiz,,English,1453000,5638000,76
1112,System Crasher,2019,12,Drama,1h 58m,Nora Fingscheidt,8 Wins,German,-,-,76
1113,Roma,2018,R,Drama,2h 15m,Alfonso Cuarón,10 Wins,Spanish; Castilian,15000000,1140769,76
1114,The Raid 2,2014,R,"Action , Crime , and Thriller",2h 30m,Gareth Evans,,Indonesian,4500000,6566916,76
1115,Barbie in the 12 Dancing Princesses,2006,G,Animation and Family,1h 23m,Ruth Handler,,English,-,-,76
1116,Il Divo,2008,NR,Drama,1h 53m,Paolo Sorrentino,,Italian,7275000,11260366,76
1117,Sweet Smell of Success,1957,15,Drama,1h 37m,Ernest Lehman,,English,3400000,2500000,76
1118,Breakfast at Tiffany's,1961,NR,"Comedy , Romance , and Drama",1h 55m,Blake Edwards,,English,2500000,9500000,76
1119,Three Colors: Blue,1993,R,Drama,1h 38m,Krzysztof Kieślowski,,French,-,1527572,76
1120,Big George Foreman,2023,PG-13,History and Drama,2h 9m,George Tillman Jr.,,English,32000000,3800000,76
1121,My Little Pony: A New Generation,2021,PG,"Animation , Family , Fantasy , Comedy , and Adventure",1h 30m,José Luis Ucha,,English,-,4100000,76
1122,Maurice,1987,R,Drama and Romance,2h 20m,James Ivory,,English,2600000,2438304,76
1123,The Last Picture Show,1971,R,Drama and Romance,1h 59m,Peter Bogdanovich,,English,1300000,29133000,76
1124,Children of Men,2006,R,"Science Fiction , Thriller , and Action",1h 49m,Alfonso Cuarón,,English,76000000,70595464,76
1125,"Germany, Year Zero",1948,NR,Drama,1h 14m,Roberto Rossellini,,Italian,115000,-,76
1126,The Last Samurai,2003,R,"Drama , Action , and War",2h 34m,Edward Zwick,2 Wins,English,140000000,456800000,76
1127,Twelve Monkeys,1995,R,"Science Fiction , Thriller , and Mystery",2h 9m,Terry Gilliam,,English,29000000,168841459,76
1128,"Miraculous: Ladybug & Cat Noir, The Movie",2023,PG,"Animation , Fantasy , Action , Romance , and Family",1h 45m,Jeremy Zag,,French,86000000,40208268,76
1129,Laurence Anyways,2012,PG-13,Drama and Romance,2h 48m,Xavier Dolan,3 Wins,French,9500000,-,76
1130,The Lost Weekend,1945,NR,Drama,1h 41m,Billy Wilder,3 Wins,English,1250000,11000000,76
1131,All About My Mother,1999,R,Comedy and Drama,1h 41m,Pedro Almodóvar,1 Win,Spanish; Castilian,5000000,67958231,76
1132,"Paul, Apostle of Christ",2018,PG-13,Drama and History,1h 48m,Andrew Hyatt,,English,5000000,26078500,76
1133,Guardians of the Galaxy Vol. 2,2017,PG-13,"Science Fiction , Adventure , and Action",2h 17m,James Gunn,,English,200000000,863756051,76
1134,Avatar,2009,PG-13,"Science Fiction , Action , and Adventure",2h 42m,James Cameron,6 Wins,English,237000000,2923706026,76
1135,A Short Film About Killing,1988,16,Crime and Drama,1h 25m,Krzysztof Kieślowski,,Polish,-,-,76
1136,Blue Velvet,1986,R,"Mystery , Thriller , and Crime",2h,David Lynch,1 Win,English,6000000,8636706,76
1137,Bad Seeds,2018,16,Comedy and Drama,1h 40m,Kheiron,,French,-,-,76
1138,Belle,2021,PG,"Animation , Science Fiction , Drama , and Music",2h 1m,Mamoru Hosoda,1 Win,Japanese,-,63501160,76
1139,Mediterraneo,1991,T,"Comedy , Romance , and War",1h 36m,Enzo Monteleone,,Italian,-,4532791,76
1140,Le Cercle Rouge,1970,NR,"Crime , Drama , and Thriller",2h 20m,Jean-Pierre Melville,,French,-,-,76
1141,The Servant,1963,12,Drama,1h 56m,Joseph Losey,,English,-,-,76
1142,Persian Lessons,2020,12,War and Drama,2h 7m,Vadim Perelman,,German,-,3825668,76
1143,Night of the Living Dead,1968,NR,"Horror , Thriller , and Science Fiction",1h 36m,George A. Romero,,English,114000,30236452,76
1144,Butch Cassidy and the Sundance Kid,1969,PG,"Western , Crime , and Drama",1h 51m,George Roy Hill,1 Win,English,6000000,102308889,76
1145,A Man Called Ove,2015,PG-13,Comedy and Drama,1h 56m,Hannes Holm,,Swedish,-,30692889,76
1146,Drunken Angel,1948,NR,Drama,1h 38m,Akira Kurosawa,3 Wins,Japanese,-,-,76
1147,Anastasia,1997,G,"Animation , Family , Fantasy , and Adventure",1h 34m,Don Bluth,1 Win,English,53000000,139804348,76
1148,Elevator to the Gallows,1958,NR,"Crime , Drama , and Thriller",1h 32m,Louis Malle,,French,-,263404,76
1149,The Anthem of the Heart,2015,PG,"Animation , Drama , Music , and Romance",1h 59m,Tatsuyuki Nagai,,Japanese,-,8852989,76
1150,Blade Runner 2049,2017,R,Science Fiction and Drama,2h 44m,Hampton Fancher,4 Wins,English,150000000,259239658,76
1151,Dragon Ball Z: Bardock - The Father of Goku,1990,NR,"Animation , Action , Science Fiction , Drama , and Fantasy",48m,Mitsuo Hashimoto,,Japanese,-,-,76
1152,Evangelion: 1.0 You Are (Not) Alone,2007,PG-13,"Animation , Science Fiction , Action , and Drama",1h 41m,Hideaki Anno,,Japanese,7000000,20121073,76
1153,The Longest Day,1962,PG,"War , Action , and Drama",2h 58m,Cornelius Ryan,,English,10000000,50100000,76
1154,Sonic the Hedgehog 3,2024,PG,"Action , Science Fiction , Comedy , and Family",1h 50m,Josh Miller,,English,122000000,492162604,76
1155,"Steamboat Bill, Jr.",1928,NR,Comedy and Romance,1h 10m,Buster Keaton,,English,-,-,76
1156,Happy Together,1997,NR,Drama and Romance,1h 36m,Wong Kar-Wai,,Cantonese,125000,5000000,76
1157,Scarlet Street,1945,NR,Drama and Crime,1h 43m,Fritz Lang,,English,1202000,2948500,76
1158,The Curious Case of Benjamin Button,2008,PG-13,"Drama , Fantasy , and Romance",2h 46m,David Fincher,4 Wins,English,150000000,335802786,76
1159,The Dirty Dozen,1967,NR,"Action , Adventure , and War",2h 29m,Robert Aldrich,,English,5400000,45300000,76
1160,Andhadhun,2018,R,"Crime , Mystery , Thriller , and Comedy",2h 19m,Sriram Raghavan,,Hindi,4500000,40000000,76
1161,The Kissing Booth 2,2020,PG-13,Comedy and Romance,2h 12m,Vince Marcello,,English,-,-,76
1162,Eyes Without a Face,1960,NR,"Drama , Horror , and Thriller",1h 24m,Jean Redon,,French,-,58656,76
1163,Seven Pounds,2008,PG-13,Drama,2h 3m,Gabriele Muccino,,English,55000000,168167691,76
1164,My Hero Academia: World Heroes' Mission,2021,PG-13,"Animation , Action , Adventure , and Science Fiction",1h 45m,Kohei Horikoshi,,Japanese,-,46940541,76
1165,King Richard,2021,PG-13,Drama and History,2h 24m,Reinaldo Marcus Green,10 Wins,English,50000000,39400000,76
1166,Undisputed III: Redemption,2010,R,"Action , Thriller , Crime , and Drama",1h 36m,Isaac Florentine,,English,3000000,76500000,76
1167,10 Things I Hate About You,1999,PG-13,"Comedy , Romance , and Drama",1h 37m,Gil Junger,,English,16000000,53478166,76
1168,Billy Elliot,2000,R,"Drama , Comedy , and Music",1h 51m,Stephen Daldry,1 Win,English,5000000,109280263,76
1169,Nuremberg,2025,PG-13,History and Drama,2h 29m,James Vanderbilt,,English,11800000,37009109,76
1170,Desert Flower,2009,12,Drama,2h,Sherry Hormann,,English,-,14682943,76
1171,"They Shoot Horses, Don't They?",1969,PG,Drama,2h,Sydney Pollack,,English,-,-,76
1172,Elemental,2023,PG,"Animation , Comedy , Family , and Romance",1h 42m,Peter Sohn,,English,200000000,496444308,76
1173,The Super Mario Bros. Movie,2023,PG,"Family , Comedy , Adventure , Fantasy , and Animation",1h 33m,Michael Jelenic,,English,100000000,1360879735,76
1174,The Killer,1989,R,"Action , Crime , Drama , and Thriller",1h 50m,John Woo,,Cantonese,-,2350174,76
1175,Thelma & Louise,1991,R,"Drama , Crime , and Adventure",2h 10m,Ridley Scott,1 Win,English,16000000,45361000,76
1176,Stagecoach,1939,G,Western,1h 36m,John Ford,,English,531374,1103757,76
1177,The Big Sleep,1946,NR,"Mystery , Crime , and Thriller",1h 54m,Howard Hawks,,English,250000,10682000,76
1178,Sleepers,1996,R,"Crime , Drama , and Thriller",2h 27m,Barry Levinson,,English,44000000,165600000,76
1179,Godzilla Minus One,2023,PG-13,"Science Fiction , Horror , and Action",2h 5m,Takashi Yamazaki,13 Wins,Japanese,15000000,113676322,76
1180,Being There,1979,PG,Comedy and Drama,2h 10m,Jerzy Kosiński,1 Win,English,-,30177511,76
1181,Fitzcarraldo,1982,PG,Drama and Adventure,2h 37m,Werner Herzog,,German,7362000,-,76
1182,American Gangster,2007,R,Drama and Crime,2h 37m,Mark Jacobson,1 Win,English,100000000,269755430,76
1183,Giant,1956,NR,Drama and Western,3h 21m,George Stevens,1 Win,English,5400000,32855818,76
1184,The Wild Bunch,1969,R,Western,2h 25m,Sam Peckinpah,,English,6244087,638641,76
1185,JFK,1991,R,"Drama , Thriller , and History",3h 9m,Oliver Stone,2 Wins,English,40000000,205405498,76
1186,In the Grey,2026,R,Action and Thriller,1h 37m,Guy Ritchie,,English,70000000,27117528,76
1187,The Fault in Our Stars,2014,PG-13,Romance and Drama,2h 6m,Josh Boone,,English,14000000,307166834,76
1188,Stray Dog,1949,M/12,"Crime , Drama , Thriller , and Mystery",2h 2m,Akira Kurosawa,4 Wins,Japanese,-,47005,76
1189,The Tenant,1976,R,"Thriller , Mystery , and Drama",2h 6m,Roman Polanski,,English,-,5100000,76
1190,The Train,1964,NR,War and Thriller,2h 13m,John Frankenheimer,,English,5800000,6800000,76
1191,The Last Emperor,1987,PG-13,Drama and History,2h 43m,Bernardo Bertolucci,,English,23800000,44000000,76
1192,A Close Shave,1996,NR,"Family , Animation , and Comedy",30m,Nick Park,,English,-,4638,76
1193,The Fifth Element,1997,PG-13,"Science Fiction , Action , and Adventure",2h 6m,Luc Besson,,French,90000000,263920180,76
1194,To All the Boys I've Loved Before,2018,PG-13,Comedy and Romance,1h 40m,Susan Johnson,,English,-,-,76
1195,Corpse Bride,2005,PG,"Romance , Fantasy , and Animation",1h 17m,Tim Burton,,English,40000000,118133252,76
1196,Sword of the Stranger,2007,PG,"Action , Animation , and History",1h 43m,Masahiro Ando,,Japanese,-,-,76
1197,My Man Godfrey,1936,NR,Comedy,1h 35m,Eric Hatch,,English,575375,684200,76
1198,Hoop Dreams,1994,PG-13,Documentary,2h 54m,Steve James,,English,700000,7830611,76
1199,"tick, tick... BOOM!",2021,PG-13,Drama and Music,2h,Lin-Manuel Miranda,4 Wins,English,-,-,76
1200,Ready Player One,2018,PG-13,"Adventure , Action , and Science Fiction",2h 20m,Ernest Cline,,English,175000000,607274134,76
1201,Avatar: The Way of Water,2022,PG-13,"Action , Adventure , and Science Fiction",3h 12m,James Cameron,6 Wins,English,460000000,2334484620,76
1202,Coach Carter,2005,PG-13,Drama and History,2h 16m,Thomas Carter,,English,30000000,76669554,76
1203,Harold and Maude,1971,PG,"Comedy , Drama , and Romance",1h 32m,Hal Ashby,,English,1200000,-,76
1204,Deadpool & Wolverine,2024,R,"Action , Comedy , and Science Fiction",2h 8m,Shawn Levy,8 Wins,English,200000000,1338073645,76
1205,The Big Country,1958,NR,"Drama , Western , and Romance",2h 47m,William Wyler,,English,-,3500000,76
1206,The Garden of Words,2013,PG-13,"Animation , Drama , and Romance",46m,Makoto Shinkai,,Japanese,-,820165,76
1207,King Kong,1933,15,"Adventure , Fantasy , and Horror",1h 40m,Merian C. Cooper,,English,672000,10001781,76
1208,Beasts of No Nation,2015,R,Drama and War,2h 17m,Cary Joji Fukunaga,3 Wins,English,6000000,9077700,76
1209,The Wizard of Oz,1939,G,"Adventure , Fantasy , and Family",1h 42m,Victor Fleming,,English,2777000,33754967,76
1210,Drive,2011,R,"Drama , Thriller , and Crime",1h 40m,Nicolas Winding Refn,,English,15000000,79713640,76
1211,Cinderella Man,2005,PG-13,"Romance , Drama , and History",2h 24m,Cliff Hollingsworth,1 Win,English,88000000,108539911,76
1212,The Hobbit: The Desolation of Smaug,2013,PG-13,"Fantasy , Adventure , and Action",2h 41m,Peter Jackson,,English,250000000,958400000,76
1213,Confessions,2010,R15+,"Drama , Thriller , and Mystery",1h 47m,Tetsuya Nakashima,4 Wins,Japanese,-,45203103,76
1214,Tombstone,1993,R,Western and Action,2h 10m,George P. Cosmatos,,English,25000000,73205065,76
1215,Minions & Monsters,2026,PG,"Adventure , Animation , Comedy , Family , and Fantasy",1h 30m,Pierre Coffin,,English,85000000,505515960,76
1216,Back to the Outback,2021,PG,"Family , Animation , Adventure , and Comedy",1h 32m,Harry Cripps,,English,-,-,76
1217,Thor: Ragnarok,2017,PG-13,"Action , Science Fiction , Comedy , and Adventure",2h 11m,Taika Waititi,,English,180000000,855301806,76
1218,Finding Vivian Maier,2014,NR,Documentary,1h 23m,John Maloof,,English,-,1503616,76
1219,Secrets & Lies,1996,R,Drama,2h 22m,Mike Leigh,1 Win,English,4500000,13417292,76
1220,Guess Who's Coming to Dinner,1967,NR,Drama and Romance,1h 48m,Stanley Kramer,,English,4000000,56666667,76
1221,Imagine Me & You,2006,R,"Drama , Comedy , and Romance",1h 33m,Ol Parker,,English,1000000,2500000,76
1222,The Six Triple Eight,2024,PG-13,"Drama , War , and History",2h 10m,Tyler Perry,1 Win,English,-,-,76
1223,The Butterfly Effect,2004,R,Science Fiction and Thriller,1h 53m,Eric Bress,,English,13000000,96800000,76
1224,Ready or Not: Here I Come,2026,R,Horror and Comedy,1h 48m,R. Christopher Murphy,,English,14000000,42940054,76
1225,The Sicilian Clan,1969,PG,Crime and Drama,2h 1m,Henri Verneuil,,French,19000000,-,76
1226,Predator,1987,R,"Science Fiction , Action , Adventure , and Thriller",1h 47m,John McTiernan,,English,15000000,98267558,76
1227,Victoria,2015,NR,"Crime , Thriller , and Romance",2h 18m,Sebastian Schipper,6 Wins,German,-,3191971,76
1228,Casino Royale,2006,PG-13,"Adventure , Action , and Thriller",2h 24m,Martin Campbell,,English,150000000,599045960,76
1229,The Snowman,1982,G,"Adventure , Animation , Family , and Fantasy",25m,Dianne Jackson,,English,-,-,76
1230,Treasure Planet,2002,PG,"Science Fiction , Adventure , Animation , Family , and Fantasy",1h 36m,John Musker,,English,140000000,109578115,76
1231,The Diving Bell and the Butterfly,2007,PG-13,Drama and History,1h 52m,Julian Schnabel,5 Wins,French,14000020,19777647,76
1232,The Game,1997,R,"Drama , Thriller , and Mystery",2h 9m,David Fincher,,English,50000000,109423648,76
1233,Going Clear: Scientology and the Prison of Belief,2015,15,Documentary,2h,Alex Gibney,1 Win,English,-,-,76
1234,Battleship Potemkin,1925,NR,"Drama , History , and War",1h 15m,Sergei Eisenstein,,Russian,-,45100,76
1235,Girl in the Basement,2021,PG-13,"Thriller , Crime , and TV Movie",1h 28m,Elisabeth Röhm,,English,-,-,76
1236,Dave Chappelle: Sticks & Stones,2019,R,Comedy,1h 5m,Stan Lathan,1 Win,English,-,-,76
1237,Cure,1997,NR,"Crime , Horror , and Mystery",1h 51m,Kiyoshi Kurosawa,1 Win,Japanese,20000,234821,76
1238,Wrath of Man,2021,R,"Thriller , Crime , and Drama",1h 59m,Guy Ritchie,,English,40000000,103966489,76
1239,Amy,2015,R,Documentary and Music,2h 8m,Asif Kapadia,2 Wins,English,-,23706386,76
1240,Changeling,2008,R,"Crime , Drama , and Mystery",2h 22m,Clint Eastwood,,English,55000000,113400000,76
1241,The Irishman,2019,R,"Crime , Drama , and History",3h 29m,Martin Scorsese,1 Win,English,159000000,968853,76
1242,Ex Machina,2015,R,Drama and Science Fiction,1h 48m,Alex Garland,2 Wins,English,15000000,36869414,76
1243,Manon of the Spring,1986,PG,Drama,1h 55m,Claude Berri,,French,-,-,76
1244,Hot Fuzz,2007,R,"Crime , Action , and Comedy",2h 1m,Edgar Wright,,English,12000000,80600000,76
1245,Gattaca,1997,PG-13,Science Fiction and Drama,1h 47m,Andrew Niccol,,English,36000000,12532777,76
1246,Hair Love,2019,G,"Animation , Family , and Comedy",7m,Matthew A. Cherry,1 Win,English,284058,-,76
1247,I Still Believe,2020,PG,"Music , Drama , and Romance",1h 55m,Jon Erwin,,English,12000000,16069730,76
1248,Talk to Her,2002,R,Drama and Romance,1h 52m,Pedro Almodóvar,2 Wins,Spanish; Castilian,6500000,64826117,76
1249,Searching,2018,PG-13,"Drama , Mystery , and Thriller",1h 42m,Aneesh Chaganty,,English,880000,75636047,76
1250,Steins;Gate: The Movie - Load Region of Déjà Vu,2013,PG-13,"Science Fiction , Animation , and Drama",1h 30m,Takuya Sato,,Japanese,-,4843719,76
1251,A Prophet,2009,R,Crime and Drama,2h 35m,Jacques Audiard,,French,13000000,17874044,76
1252,Encanto,2021,PG,"Animation , Comedy , Family , and Fantasy",1h 42m,Jared Bush,8 Wins,English,150000000,261292688,76
1253,I Origins,2014,R,Science Fiction and Drama,1h 46m,Mike Cahill,,English,1000000,481234,76
1254,The Turin Horse,2011,16,Drama,2h 35m,László Krasznahorkai,,Hungarian,1000000,162088,76
1255,Meshes of the Afternoon,1943,,Mystery and Fantasy,14m,Maya Deren,,English,275,-,76
1256,The Emperor's New Groove,2000,G,"Adventure , Animation , Comedy , Family , and Fantasy",1h 18m,Mark Dindal,2 Wins,English,100000000,169327687,76
1257,Moana,2016,PG,"Adventure , Comedy , Family , and Animation",1h 47m,John Musker,,English,150000000,690860472,76
1258,Facing the Giants,2006,PG,Drama,1h 51m,Alex Kendrick,,English,100000,10307987,76
1259,Kramer vs. Kramer,1979,PG,Drama,1h 45m,Robert Benton,1 Win,English,8000000,106260000,76
1260,The Woman King,2022,PG-13,"Action , Drama , History , and War",2h 15m,Dana Stevens,3 Wins,English,50000000,97562514,76
1261,Carandiru,2003,R,Drama,2h 25m,Héctor Babenco,,Portuguese,4100000,10781635,76
1262,Les Misérables,2019,R,"Crime , Drama , and Thriller",1h 44m,Ladj Ly,1 Win,French,2500000,54606372,76
1263,Moon,2009,R,Science Fiction and Drama,1h 37m,Duncan Jones,,English,5000000,9760104,76
1264,The Sandlot,1993,PG,"Family , Comedy , and Drama",1h 41m,David Mickey Evans,,English,7000000,34348444,76
1265,I Am Sam,2001,PG-13,Drama,2h 12m,Jessie Nelson,,English,22000000,92542418,76
1266,Yu-Gi-Oh!: The Dark Side of Dimensions,2016,PG,Adventure and Animation,2h 10m,Satoshi Kuwabara,,Japanese,-,7445186,76
1267,Dragon Ball Z: Fusion Reborn,1995,PG,"Animation , Action , and Science Fiction",55m,Shigeyasu Yamauchi,,Japanese,-,23500000,76
1268,The Girl with the Needle,2024,15,Drama and History,2h 3m,Magnus von Horn,15 Wins,Danish,-,470300,76
1269,Ferris Bueller's Day Off,1986,PG-13,Comedy,1h 43m,John Hughes,,English,6000000,70100000,76
1270,The Sea Inside,2004,PG-13,Drama,2h 6m,Alejandro Amenábar,3 Wins,Spanish; Castilian,12806000,43731621,76
1271,Bāhubali: The Beginning,2015,NR,Action and Drama,2h 39m,S. S. Rajamouli,,Telugu,25130430,90747520,76
1272,Rurouni Kenshin Part II: Kyoto Inferno,2014,PG-13,"Action , Adventure , Drama , and Fantasy",2h 18m,Keishi Otomo,1 Win,Japanese,-,-,76
1273,Our Little Sister,2015,G,Drama,2h 7m,Hirokazu Kore-eda,6 Wins,Japanese,-,346485,76
1274,Bullet in the Head,1990,NR,"Action , Crime , Thriller , and War",2h 16m,John Woo,,Cantonese,3500000,1092869,76
1275,Lilo & Stitch,2002,PG,"Animation , Family , Comedy , and Science Fiction",1h 25m,Dean DeBlois,1 Win,English,80000000,273144151,76
1276,Blood Diamond,2006,R,"Drama , Thriller , and Action",2h 23m,Charles Leavitt,,English,100000000,171720398,76
1277,Gandhi,1982,PG,Drama and History,3h 12m,Richard Attenborough,,English,22000000,77737889,76
1278,The Fabelmans,2022,PG-13,Drama,2h 31m,Steven Spielberg,8 Wins,English,40000000,45629909,76
1279,Rise,2022,PG,Drama,1h 53m,Akin Omotoso,,English,-,-,76
1280,Trollhunters: Rise of the Titans,2021,PG,"Animation , Fantasy , Family , Action , and Adventure",1h 46m,Francisco Ruiz Velasco,,English,-,-,76
1281,Heroic Losers,2019,12,Comedy and Thriller,1h 56m,Sebastián Borensztein,,Spanish; Castilian,-,7364054,76
1282,Halloween,1978,R,Horror and Thriller,1h 31m,John Carpenter,,English,325000,70260597,76
1283,Who Am I,2014,NR,Thriller,1h 45m,Baran bo Odar,3 Wins,German,-,7700259,76
1284,Poetry,2010,15,Drama,2h 19m,Lee Chang-dong,,Korean,-,349899,76
1285,The Little World of Don Camillo,1952,T,Comedy,1h 47m,Julien Duvivier,,Italian,-,-,76
1286,Touching the Void,2003,R,"Documentary , Action , Adventure , and Drama",1h 46m,Joe Simpson,,English,-,13885802,76
1287,Malena,2000,R,Drama,1h 48m,Giuseppe Tornatore,,Italian,-,14493284,76
1288,"Girl, Interrupted",1999,R,Drama,2h 7m,James Mangold,2 Wins,English,40000000,48350205,76
1289,Police Story,1985,PG-13,"Action , Crime , and Comedy",1h 39m,Jackie Chan,,Cantonese,-,18724000,76
1290,Malcolm X,1992,PG-13,Drama and History,3h 22m,Spike Lee,,English,34000000,48169908,76
1291,A Few Good Men,1992,R,Drama,2h 18m,Rob Reiner,,English,40000000,243240178,76
1292,Purple Noon,1960,PG-13,"Crime , Drama , and Thriller",1h 58m,René Clément,,French,-,-,76
1293,Woodstock,1970,R,Documentary and Music,3h 44m,Michael Wadleigh,,English,600000,50000000,76
1294,Manchester by the Sea,2016,R,Drama,2h 18m,Kenneth Lonergan,8 Wins,English,9000000,79000000,76
1295,Mira,2022,12+,"Science Fiction , Drama , Adventure , and Family",1h 50m,Dmitry Kiselev,,Russian,6042800,-,76
1296,Ride Your Wave,2019,6,"Animation , Romance , Comedy , Drama , and Fantasy",1h 35m,Masaaki Yuasa,,Japanese,-,-,75
1297,Beautiful Boy,2018,R,Drama,2h 1m,Felix van Groeningen,,English,25000000,31749905,76
1298,Doctor Zhivago,1965,PG-13,"Drama , Romance , and War",3h 20m,David Lean,,English,11000000,111858363,76
1299,Lost Highway,1997,R,"Drama , Thriller , and Mystery",2h 14m,David Lynch,,English,15000000,3897982,76
1300,My Sassy Girl,2001,15,"Drama , Comedy , and Romance",2h 17m,Kwak Jae-yong,,Korean,-,32000000,75
1301,They Call Me Trinity,1970,G,"Action , Comedy , and Western",1h 55m,Enzo Barboni,,Italian,-,-,75
1302,Mary Poppins,1964,G,"Comedy , Family , and Fantasy",2h 19m,Robert Stevenson,1 Win,English,4650000,103100000,75
1303,Feel the Beat,2020,G,"Comedy , Music , and Drama",1h 47m,Elissa Down,,English,-,-,75
1304,Bao,2018,G,"Animation , Family , Fantasy , Drama , and Comedy",8m,Domee Shi,1 Win,English,-,-,75
1305,A Chinese Odyssey Part One: Pandora's Box,1995,IIB,"Action , Adventure , Fantasy , Comedy , Romance , and Drama",1h 28m,Jeffrey Lau Chun-Wai,,Cantonese,-,3237520,75
1306,Spielberg,2017,12,Documentary,2h 27m,Susan Lacy,,English,-,-,75
1307,Lou,2017,G,"Family , Fantasy , Animation , and Comedy",6m,Dave Mullins,,English,-,-,75
1308,Fury,2014,R,"War , Drama , and Action",2h 15m,David Ayer,,English,68000000,211817906,75
1309,Barbie: Princess Charm School,2011,G,"Family , Animation , and Fantasy",1h 19m,Ruth Handler,,English,-,-,75
1310,Let the Right One In,2008,R,Horror and Drama,1h 55m,John Ajvide Lindqvist,,Swedish,4000000,10785801,75
1311,Shaun of the Dead,2004,R,Horror and Comedy,1h 39m,Edgar Wright,,English,6000000,39396175,75
1312,Spies in Disguise,2019,PG,"Animation , Action , Adventure , Comedy , and Family",1h 42m,Nick Bruno,,English,100000000,171616764,75
1313,The Wrestler,2008,R,Drama and Romance,1h 49m,Darren Aronofsky,6 Wins,English,6000000,44734660,75
1314,Au Hasard Balthazar,1966,NR,Drama,1h 36m,Robert Bresson,,French,-,39388,75
1315,Drishyam,2015,U/A 13+,"Mystery , Thriller , and Drama",2h 43m,Nishikant Kamat,,Hindi,4600000,18000000,75
1316,What We Do in the Shadows,2014,R,Comedy and Horror,1h 26m,Jemaine Clement,,English,1600000,6300000,75
1317,The Conjuring,2013,R,Horror and Thriller,1h 52m,James Wan,,English,13000000,321293998,75
1318,Redline,2009,NR,"Animation , Action , and Science Fiction",1h 42m,Takeshi Koike,,Japanese,-,-,75
1319,Exit Through the Gift Shop,2010,R,Documentary,1h 26m,Banksy,1 Win,English,-,4790751,75
1320,Le Corbeau,1943,TP,"Mystery , Drama , and Thriller",1h 32m,Henri-Georges Clouzot,,French,-,-,75
1321,Inside Out 2,2024,PG,"Animation , Adventure , Comedy , and Family",1h 37m,Kelsey Mann,2 Wins,English,200000000,1698863816,75
1322,The Revenant,2015,R,"Western , Drama , and Adventure",2h 37m,Alejandro G. Iñárritu,12 Wins,English,135000000,532950503,75
1323,"4 Months, 3 Weeks and 2 Days",2007,18,Drama,1h 54m,Cristian Mungiu,1 Win,Romanian,852510,1185783,75
1324,Spartacus,1960,PG-13,"History , Drama , and Adventure",3h 17m,Stanley Kubrick,,English,12000000,60000000,75
1325,The Ghost and Mrs. Muir,1947,NR,"Romance , Fantasy , and Drama",1h 45m,Joseph L. Mankiewicz,,English,-,-,75
1326,Who Framed Roger Rabbit,1988,PG,"Fantasy , Animation , Comedy , and Crime",1h 44m,Robert Zemeckis,,English,50600000,351500000,75
1327,The Passion of the Christ,2004,R,Drama,2h 7m,Mel Gibson,,English,30000000,610063468,75
1328,True Romance,1993,R,"Action , Crime , and Romance",2h 1m,Tony Scott,,English,12500000,12600000,75
1329,The Danish Girl,2015,R,Drama,1h 59m,Tom Hooper,2 Wins,English,15000000,64200000,75
1330,Captain Phillips,2013,PG-13,"Action , Drama , and Thriller",2h 14m,Paul Greengrass,3 Wins,English,55000000,218791811,75
1331,Mr. Deeds Goes to Town,1936,NR,"Comedy , Drama , and Romance",1h 55m,Frank Capra,,English,-,-,75
1332,Sling Blade,1996,R,Drama,2h 15m,Billy Bob Thornton,2 Wins,English,1200000,34100000,75
1333,Jules and Jim,1962,NR,Drama and Romance,1h 46m,François Truffaut,,French,-,-,75
1334,Pandora,2016,R,"Thriller , Drama , and Action",2h 16m,Park Jung-woo,,Korean,13938145,30169000,75
1335,The Book of Life,2014,PG,"Animation , Family , and Fantasy",1h 35m,Jorge R. Gutierrez,,English,50000000,97437106,75
1336,Rurouni Kenshin Part I: Origins,2012,PG-13,"Adventure , Action , Fantasy , War , and History",2h 14m,Keishi Otomo,,Japanese,-,61700000,75
1337,"Ugly, Dirty and Bad",1976,TP,Comedy and Drama,1h 55m,Ettore Scola,,Italian,-,-,75
1338,The Girl with the Dragon Tattoo,2009,R,"Drama , Thriller , Crime , and Mystery",2h 32m,Niels Arden Oplev,1 Win,Swedish,13000000,109421911,75
1339,My Left Foot: The Story of Christy Brown,1989,R,Drama,1h 43m,Jim Sheridan,1 Win,English,645180,14743391,75
1340,Midnight Cowboy,1969,NC-17,Drama,1h 53m,John Schlesinger,1 Win,English,3600000,44785053,75
1341,The Philadelphia Story,1940,NR,Comedy and Romance,1h 53m,George Cukor,,English,914000,3300000,75
1342,"Good Bye, Lenin!",2003,R,Comedy and Drama,2h 1m,Wolfgang Becker,,German,4800000,79384880,75
1343,Cold Eyes,2013,15,"Crime , Action , and Thriller",1h 59m,Cho Ui-seok,,Korean,-,37795598,75
1344,X-Men: Days of Future Past,2014,PG-13,"Action , Adventure , and Science Fiction",2h 12m,Simon Kinberg,,English,250000000,748045700,75
1345,Donnie Brasco,1997,R,"Crime , Drama , and Thriller",2h 7m,Mike Newell,,English,35000000,124909762,75
1346,L'Avventura,1960,NR,"Drama , Mystery , and Romance",2h 24m,Michelangelo Antonioni,,Italian,-,-,75
1347,Arthur the King,2024,PG-13,Adventure and Drama,1h 47m,Simon Cellan Jones,,English,19000000,40829138,75
1348,We Need to Talk About Kevin,2011,R,Drama and Thriller,1h 53m,Lynne Ramsay,,English,7000000,10800000,75
1349,Grizzly Man,2005,R,Documentary,1h 43m,Werner Herzog,,English,-,-,75
1350,Angels with Dirty Faces,1938,NR,Crime and Drama,1h 37m,Michael Curtiz,,English,633000,1700000,75
1351,Evil Dead II,1987,R,"Horror , Comedy , and Fantasy",1h 24m,Sam Raimi,,English,3500000,5932279,75
1352,Zodiac,2007,R,"Crime , Mystery , and Thriller",2h 37m,David Fincher,,English,65000000,84785914,75
1353,Hotel Mumbai,2019,R,"Thriller , History , Drama , and Action",2h 3m,Anthony Maras,,English,25000000,16900000,75
1354,Italian Race,2016,T,Drama,1h 59m,Matteo Rovere,,Italian,-,2412312,75
1355,PAW Patrol: Mighty Pups,2018,G,"Adventure , Animation , Family , and Action",44m,,,English,-,-,75
1356,The Seven Deadly Sins: Prisoners of the Sky,2018,PG-13,"Action , Adventure , Fantasy , and Animation",1h 39m,Yasuto Nishikata,,Japanese,-,3914227,75
1357,Silver Skates,2020,NR,"Adventure , Drama , Romance , History , Crime , and Family",2h 16m,Michael Lockshin,,Russian,-,7099734,75
1358,The Crow,1994,R,"Fantasy , Action , and Thriller",1h 42m,Alex Proyas,,English,23000000,93722164,75
1359,The Day of the Jackal,1973,PG,Action and Thriller,2h 23m,Fred Zinnemann,,English,-,16056255,75
1360,The Tomorrow War,2021,PG-13,"Action , Science Fiction , and Adventure",2h 18m,Chris McKay,,English,200000000,14400000,75
1361,Serpico,1973,R,"Crime , Drama , and History",2h 9m,Sidney Lumet,1 Win,English,3500000,30800000,75
1362,The Holy Mountain,1973,R,Drama,1h 55m,Alejandro Jodorowsky,,Spanish; Castilian,750000,96262,75
1363,"Synecdoche, New York",2008,R,Drama,2h 4m,Charlie Kaufman,2 Wins,English,20000000,4383538,75
1364,Training Day,2001,R,"Action , Crime , and Drama",2h 2m,Antoine Fuqua,2 Wins,English,45000000,104900000,75
1365,Dolls,2002,6,Drama and Romance,1h 54m,Takeshi Kitano,,Japanese,-,-,75
1366,Me and Earl and the Dying Girl,2015,PG-13,Drama and Comedy,1h 45m,Jesse Andrews,,English,-,-,75
1367,The Round Up,2010,U,"Drama , History , and War",1h 55m,Roselyne Bosch,,French,20000000,25346148,75
1368,The Consequences of Love,2004,12,Drama and Thriller,1h 40m,Paolo Sorrentino,,Italian,-,-,75
1369,Ninotchka,1939,NR,Comedy and Romance,1h 50m,Ernst Lubitsch,,English,1365000,2279000,75
1370,Au Revoir les Enfants,1987,PG,Drama and War,1h 45m,Louis Malle,,French,3000000,4542825,75
1371,East of Eden,1955,PG,Drama,1h 55m,Elia Kazan,2 Wins,English,-,5000000,75
1372,Godzilla vs. Kong,2021,PG-13,"Action , Science Fiction , and Adventure",1h 54m,Adam Wingard,,English,200000000,470116094,75
1373,The Beatles: Eight Days a Week - The Touring Years,2016,NR,Documentary and Music,1h 46m,Ron Howard,,English,5,12283800,75
1374,From Up on Poppy Hill,2011,PG,Animation and Drama,1h 31m,Goro Miyazaki,1 Win,Japanese,22000000,61037844,75
1375,Kikujiro,1999,12,Comedy and Drama,2h 1m,Takeshi Kitano,3 Wins,Japanese,-,-,75
1376,Dark Waters,2019,PG-13,Drama and Thriller,2h 7m,Todd Haynes,,English,20000000,13601384,75
1377,The Adventures of Pinocchio,1972,,"Fantasy , Drama , Family , and Comedy",2h 15m,Luigi Comencini,,Italian,-,-,75
1378,The Hand of God,2021,R,Drama,2h 10m,Paolo Sorrentino,,Italian,13050000,167909,75
1379,The Wolf's Call,2019,PG-13,"Thriller , Action , and Adventure",1h 56m,Antonin Baudry,,French,22400000,12652790,75
1380,Hard Boiled,1992,NR,"Action , Thriller , and Crime",2h 6m,John Woo,,Cantonese,4500000,2592782,75
1381,Moulin Rouge!,2001,PG-13,"Drama , Romance , and Music",2h 8m,Baz Luhrmann,4 Wins,English,52500000,179213434,75
1382,Bianca,1984,R,"Drama , Comedy , and Mystery",1h 36m,Nanni Moretti,,Italian,-,-,75
1383,The Man Who Copied,2003,14,"Comedy , Drama , Romance , and Crime",2h 3m,Jorge Furtado,,Portuguese,514059,24391,75
1384,In Cold Blood,1967,R,"Crime , Drama , and History",2h 14m,Richard Brooks,,English,3500000,13007551,75
1385,The Machinist,2004,R,Thriller and Drama,1h 42m,Brad Anderson,,English,5000000,8203235,75
1386,Lady Vengeance,2005,R,Drama and Thriller,1h 55m,Park Chan-wook,,Korean,-,23803308,75
1387,The Seed of the Sacred Fig,2024,PG-13,"Drama , Thriller , and Crime",2h 47m,Mohammad Rasoulof,3 Wins,French,3000000,6501810,75
1388,The Mandalorian and Grogu,2026,PG-13,"Action , Adventure , and Science Fiction",2h 12m,Jon Favreau,,English,165000000,345166617,75
1389,Anonymously Yours,2021,R,Drama and Romance,1h 41m,María Torres,,Spanish; Castilian,-,-,75
1390,The Body,2012,12,Thriller and Mystery,1h 47m,Oriol Paulo,,Spanish; Castilian,-,-,75
1391,Seven Chances,1925,NR,Comedy and Romance,56m,David Belasco,,English,-,-,75
1392,The Iron Claw,2023,R,Drama and History,2h 13m,Sean Durkin,2 Wins,English,15900000,40130232,75
1393,E.T. the Extra-Terrestrial,1982,PG,"Adventure , Science Fiction , and Family",1h 55m,Steven Spielberg,1 Win,English,10500000,797307407,75
1394,Souleymane's Story,2024,TP,Drama,1h 34m,Boris Lojkine,7 Wins,French,-,4399858,75
1395,No Other Choice,2025,R,"Comedy , Crime , and Thriller",2h 19m,Park Chan-wook,1 Win,Korean,12200000,40223568,75
1396,Winter Sleep,2014,Genel İzleyici Kitlesi,Drama,3h 16m,Nuri Bilge Ceylan,,Turkish,-,4018705,75
1397,The Blue Umbrella,2013,G,Animation and Romance,7m,Saschka Unseld,,English,-,-,75
1398,The Second Tragic Fantozzi,1976,,Comedy,1h 50m,Paolo Villaggio,,Italian,-,-,75
1399,Menace II Society,1993,R,"Drama , Crime , and Thriller",1h 37m,Allen Hughes,1 Win,English,3500000,27900000,75
1400,Bowling for Columbine,2002,R,Documentary and Drama,2h,Michael Moore,3 Wins,English,4000000,35564473,75
1401,Teen Titans Go! vs. Teen Titans,2019,PG,"Action , Animation , Comedy , Family , Fantasy , and Science Fiction",1h 17m,Jack Kirby,,English,-,-,75
1402,The Flu,2013,R,"Action , Science Fiction , and Thriller",2h 2m,Kim Sung-soo,,Korean,-,19775853,75
1403,All That Jazz,1979,R,Drama,2h 3m,Bob Fosse,,English,12000000,37823676,75
1404,First Blood,1982,R,"Action , Thriller , and Drama",1h 33m,Ted Kotcheff,,English,15000000,125212904,75
1405,The Bad Guys,2022,PG,"Action , Adventure , Animation , Comedy , Crime , and Family",1h 40m,Pierre Perifel,1 Win,English,80000000,250162278,75
1406,Champions,2018,7,"Comedy , Family , and Drama",2h 4m,Javier Fesser,,Spanish; Castilian,4920975,20121318,75
1407,Kung Fu Hustle,2004,R,"Action , Comedy , Crime , and Fantasy",1h 39m,Stephen Chow,,Cantonese,20000000,102034104,75
1408,The Goonies,1985,PG,"Adventure , Comedy , and Family",1h 54m,Richard Donner,,English,19000000,69649283,75
1409,Fearless,2006,PG-13,Drama and Action,1h 43m,Ronny Yu,,Chinese,-,68072848,75
1410,Paisan,1946,TP,Drama and War,2h 5m,Roberto Rossellini,,Italian,-,-,75
1411,Lady Snowblood,1973,NR,"Action , Crime , and Drama",1h 37m,Toshiya Fujita,,Japanese,-,-,75
1412,Vengeance,2026,R,Action and Thriller,1h 43m,Rodrigo Valdes,,Spanish; Castilian,-,-,75
1413,Father There Is Only One 2,2020,A,Comedy and Family,1h 36m,Santiago Segura,,Spanish; Castilian,4000000,14871307,75
1414,The Shack,2017,PG-13,Drama and Family,2h 12m,Stuart Hazeldine,,English,20000000,96942115,75
1415,Mind Game,2004,16,"Animation , Romance , Comedy , Drama , Fantasy , and Adventure",1h 43m,Masaaki Yuasa,1 Win,Japanese,-,36613,75
1416,How the Grinch Stole Christmas!,1966,G,"Animation , Family , and Comedy",25m,Chuck Jones,,English,315000,-,75
1417,Where Eagles Dare,1968,PG,Adventure and War,2h 35m,Alistair MacLean,,English,7700000,21000000,75
1418,Sonatine,1993,R,"Action , Crime , and Thriller",1h 34m,Takeshi Kitano,1 Win,Japanese,-,58834,75
1419,Anatomy of a Fall,2023,R,"Thriller , Mystery , and Crime",2h 31m,Justine Triet,22 Wins,French,6600000,36000000,75
1420,The Black Phone,2022,R,Horror and Thriller,1h 43m,Scott Derrickson,,English,16000000,161441914,75
1421,Upgrade,2018,R,"Action , Thriller , and Science Fiction",1h 40m,Leigh Whannell,,English,3000000,16976561,75
1422,I Can Only Imagine,2018,PG,Music and Drama,1h 50m,Jon Erwin,,English,7000000,86086881,75
1423,Somewhere in Time,1980,PG,"Drama , Fantasy , and Romance",1h 43m,Richard Matheson,,English,5100000,-,75
1424,My Policeman,2022,R,Drama and Romance,1h 53m,Michael Grandage,,English,-,-,75
1425,Where the Crawdads Sing,2022,PG-13,"Drama , Mystery , and Romance",2h 6m,Olivia Newman,,English,24000000,144353965,75
1426,The Invisible Man,1933,NR,Horror and Science Fiction,1h 11m,James Whale,,English,328000,27105,75
1427,Bringing Up Baby,1938,NR,Comedy and Romance,1h 42m,Hagar Wilde,,English,1073000,-,75
1428,Rogue One: A Star Wars Story,2016,PG-13,"Action , Adventure , and Science Fiction",2h 13m,George Lucas,,English,200000000,1056057273,75
1429,Midnight in Paris,2011,PG-13,"Fantasy , Comedy , and Romance",1h 34m,Woody Allen,4 Wins,English,17000000,151119219,75
1430,The Birds,1963,NR,Horror and Thriller,1h 59m,Alfred Hitchcock,,English,2500000,11500000,75
1431,Sinners,2025,R,"Horror , Action , and Thriller",2h 18m,Ryan Coogler,51 Wins,English,100000000,371368759,75
1432,Dogman,2018,T,"Crime , Drama , and Thriller",1h 43m,Matteo Garrone,,Italian,-,5080147,75
1433,BURN·E,2008,G,"Animation , Family , Comedy , and Science Fiction",8m,Angus MacLane,,English,-,-,75
1434,Empire of the Sun,1987,PG,"Drama , History , and War",2h 33m,Steven Spielberg,,English,35000000,66700000,75
1435,How to Steal a Million,1966,NR,"Comedy , Crime , and Romance",2h 3m,William Wyler,,English,6400000,4400000,75
1436,Life Itself,2014,R,Documentary,2h 1m,Steve James,,English,-,-,75
1437,The Manchurian Candidate,1962,PG-13,Thriller and Drama,2h 6m,John Frankenheimer,,English,2200000,7700000,75
1438,Rescued by Ruby,2022,G,Family and Drama,1h 33m,Katt Shea,,English,-,-,75
1439,Balloon,2018,12,"Thriller , Drama , and History",2h 5m,Michael Herbig,,German,-,11859396,75
1440,The Call of the Wild,2020,PG,"Adventure , Family , and Drama",1h 40m,Chris Sanders,,English,109000000,111200000,75
1441,The Silence,1963,15,Drama and Romance,1h 35m,Ingmar Bergman,,Swedish,-,-,75
1442,Night on Earth,1991,R,Comedy and Drama,2h 9m,Jim Jarmusch,1 Win,English,3500000,2015810,75
1443,The Wild Pear Tree,2018,13A,Drama,3h 8m,Nuri Bilge Ceylan,,Turkish,-,-,75
1444,The Great Beauty,2013,T,Drama,2h 22m,Paolo Sorrentino,3 Wins,Italian,9200000,24930592,75
1445,Peppermint Candy,2000,19,Drama,2h 11m,Lee Chang-dong,,Korean,-,-,75
1446,I Can't Think Straight,2008,14A,Drama and Romance,1h 22m,Shamim Sarif,,English,-,40945,75
1447,The Castle of Cagliostro,1979,10,"Animation , Adventure , Comedy , and Crime",1h 42m,Hayao Miyazaki,1 Win,Japanese,7202188,8194857,75
1448,Control,2007,R,Drama,2h 2m,Anton Corbijn,,English,5000000,8200000,75
1449,Kedi,2017,NR,Documentary,1h 19m,Ceyda Torun,,English,-,5037923,75
1450,Indie Game: The Movie,2012,NR,Documentary and Drama,1h 43m,James Swirsky,,English,-,-,75
1451,Black Narcissus,1947,NR,Drama,1h 40m,Michael Powell,1 Win,English,1200000,-,75
1452,"It's the Great Pumpkin, Charlie Brown",1966,G,"Family , Animation , TV Movie , and Comedy",25m,Bill Melendez,,English,-,-,75
1453,Hero,2002,PG-13,"Drama , Adventure , Action , and History",1h 39m,Zhang Yimou,,Chinese,31000000,177394432,75
1454,The Man Who Wasn't There,2001,R,Crime and Drama,1h 56m,Joel Coen,1 Win,English,20000000,18918721,75
1455,Escape from Alcatraz,1979,PG,Drama and Thriller,1h 53m,Don Siegel,,English,8000000,43004381,75
1456,A Perfect World,1993,PG-13,"Drama , Crime , and Thriller",2h 18m,Clint Eastwood,,English,30000000,135100000,75
1457,No Man's Land,2001,R,"Action , History , and War",1h 38m,Danis Tanović,1 Win,Bosnian,1012153,4858869,75
1458,Sabrina,1954,NR,"Comedy , Romance , and Drama",1h 54m,Billy Wilder,1 Win,English,2239000,10000000,75
1459,Bride of Frankenstein,1935,NR,Horror and Science Fiction,1h 15m,James Whale,,English,393750,2000000,75
1460,Letters from Iwo Jima,2006,R,"Action , Drama , and War",2h 21m,Iris Yamashita,4 Wins,English,19000000,68673228,75
1461,Almost Famous,2000,R,Drama and Music,2h 4m,Cameron Crowe,2 Wins,English,60000000,47386287,75
1462,My Dinner with Andre,1981,PG,Drama and Comedy,1h 52m,Louis Malle,,English,475000,5250000,75
1463,Gaslight,1944,15,"Thriller , Drama , Mystery , and Crime",1h 54m,George Cukor,1 Win,English,2068000,-,75
1464,Mission: Impossible - Dead Reckoning Part One,2023,PG-13,"Action , Adventure , and Thriller",2h 44m,Christopher McQuarrie,8 Wins,English,220000000,571125435,75
1465,One Piece Film: Z,2012,PG-13,"Animation , Fantasy , Action , and Adventure",1h 48m,Tatsuya Nagamine,,Japanese,-,74223861,75
1466,Batman: Mask of the Phantasm,1993,PG,"Animation , Crime , and Mystery",1h 16m,Alan Burnett,,English,6000000,5617391,75
1467,Beauty and the Beast,1946,TP,"Drama , Fantasy , and Romance",1h 36m,Jean Cocteau,,French,-,-,75
1468,Sorry If I Call You Love,2014,12,Romance and Drama,1h 45m,Joaquín Llamas,,Spanish; Castilian,-,-,75
1469,The Good Lie,2014,PG-13,Drama,1h 50m,Philippe Falardeau,,English,20000000,3396345,75
1470,My Little Pony: Equestria Girls,2013,G,"Animation , Comedy , Family , Fantasy , and Music",1h 12m,Lauren Faust,,English,-,485232,75
1471,Hercules,1997,G,"Animation , Family , Fantasy , Adventure , Comedy , and Romance",1h 33m,John Musker,3 Wins,English,85000000,252712101,75
1472,In Bruges,2008,R,"Comedy , Drama , and Crime",1h 48m,Martin McDonagh,1 Win,English,15000000,34533783,75
1473,The Magnificent Seven,1960,NR,"Western , Action , Adventure , and Drama",2h 8m,John Sturges,,English,2000000,19500000,75
1474,About Fate,2022,R,Romance and Comedy,1h 39m,Maryus  Vaysberg,,English,-,504843,75
1475,The Thin Man,1934,NR,"Comedy , Mystery , and Crime",1h 31m,W.S. Van Dyke,,English,226408,1423000,75
1476,Walk the Line,2005,PG-13,"Drama , Music , and Romance",2h 16m,James Mangold,5 Wins,English,28000000,186800000,75
1477,Ghostbusters,1984,PG,Comedy and Fantasy,1h 45m,Ivan Reitman,,English,30000000,296640120,75
1478,The Conversation,1974,PG,"Crime , Drama , and Mystery",1h 55m,Francis Ford Coppola,,English,1600000,4794457,75
1479,"One, Two, Three",1961,NR,Comedy,1h 49m,Billy Wilder,,English,3000000,4000000,75
1480,"Miraculous World: London, at the Edge of Time",2024,PG,"Animation , Family , Action , Adventure , and Fantasy",50m,Thomas Astruc,,French,-,-,75
1481,The Asphalt Jungle,1950,12,Crime and Drama,1h 53m,John Huston,,English,1232000,-,75
1482,My Cousin Vinny,1992,R,Comedy and Drama,1h 59m,Jonathan Lynn,,English,11000000,64088552,75
1483,Before Midnight,2013,R,Romance and Drama,1h 49m,Richard Linklater,,English,3000000,11176469,75
1484,Men of Honor,2000,R,Drama,2h 9m,George Tillman Jr.,,English,32000000,82300000,75
1485,The Name of the Rose,1986,R,"Drama , Thriller , and Mystery",2h 10m,Jean-Jacques Annaud,,English,18000000,77200000,75
1486,After Hours,1985,R,"Comedy , Thriller , and Drama",1h 37m,Martin Scorsese,2 Wins,English,4500000,10609321,75
1487,A Grand Day Out,1990,G,"Family , Animation , Comedy , Science Fiction , and Adventure",24m,Nick Park,,English,17300,40118,75
1488,Head-On,2004,12,Drama and Romance,2h 2m,Fatih Akin,,German,-,11030861,75
1489,Back to the Future Part III,1990,PG,"Adventure , Comedy , and Science Fiction",1h 59m,Robert Zemeckis,,English,40000000,244527583,75
1490,Tell It to the Bees,2019,NR,Romance and Drama,1h 46m,Annabel Jankel,,English,-,-,75
1491,All Three of Us,2015,10,Drama and Comedy,1h 42m,Kheiron,,French,-,-,75
1492,The Fallout,2021,R,Drama,1h 36m,Megan Park,,English,-,-,75
1493,Boyhood,2014,R,Drama,2h 45m,Richard Linklater,12 Wins,English,4000000,48137666,75
1494,Mulan: Rise of a Warrior,2009,M,"Adventure , Drama , and Action",1h 55m,Jingle Ma Choh-Sing,,Chinese,12000000,13380561,75
1495,Shadow of a Doubt,1943,PG,"Thriller , Mystery , and Crime",1h 47m,Alfred Hitchcock,,English,-,-,75
1496,To All the Boys: Always and Forever,2021,PG-13,"Romance , Comedy , and Drama",1h 54m,Michael Fimognari,1 Win,English,-,-,75
1497,The Greatest Beer Run Ever,2022,R,"Drama , Comedy , and War",2h 7m,Peter Farrelly,,English,2800000,-,75
1498,Instant Family,2018,PG-13,Comedy and Drama,1h 58m,Sean Anders,,English,48000000,121000000,75
1499,The Book Thief,2013,PG-13,Drama,2h 11m,Brian Percival,,English,19000000,76586316,75
1500,Devdas,2002,U,Drama and Romance,3h 5m,Sanjay Leela Bhansali,,Hindi,6663555,13311117,75
1501,Buena Vista Social Club,1999,G,Documentary and Music,1h 45m,Wim Wenders,,English,-,-,75
1502,The French Connection,1971,R,"Action , Crime , and Thriller",1h 44m,William Friedkin,1 Win,English,1800000,41200000,75
1503,Our Hospitality,1923,NR,"Comedy , Romance , and Thriller",1h 13m,John G. Blystone,,English,-,-,75
1504,Bonnie and Clyde,1967,R,Crime and Drama,1h 51m,Arthur Penn,2 Wins,English,2500000,70000000,75
1505,Johnny Got His Gun,1971,PG,War and Drama,1h 52m,Dalton Trumbo,,English,1000000,-,75
1506,Bāhubali 2: The Conclusion,2017,NR,"Action , Adventure , and Fantasy",2h 47m,S. S. Rajamouli,,Telugu,31000000,280700000,75
1507,A Star Is Born,2018,R,"Music , Drama , and Romance",2h 16m,Bradley Cooper,5 Wins,English,36000000,436388866,75
1508,Glory,1989,R,"Drama , History , and War",2h 2m,Edward Zwick,,English,18000000,26800000,75
1509,Band of Outsiders,1964,NR,"Crime , Drama , and Comedy",1h 37m,Jean-Luc Godard,,French,120000,182857,75
1510,The Man Who Would Be King,1975,PG,Adventure and Drama,2h 9m,John Huston,,English,8000000,12678,75
1511,Work It,2020,PG-13,Comedy and Music,1h 33m,Laura Terruso,,English,-,-,75
1512,Deadpool 2,2018,R,"Action , Comedy , and Adventure",2h,David Leitch,,English,110000000,785896632,75
1513,Thesis,1996,18,Horror and Thriller,2h 5m,Alejandro Amenábar,,Spanish; Castilian,-,2647055,75
1514,The Rules of the Game,1939,NR,"Drama , Comedy , and Romance",1h 50m,Jean Renoir,,French,8850000,273520,75
1515,I Lost My Body,2019,U,"Animation , Drama , and Fantasy",1h 21m,Jérémy Clapin,,French,-,-,75
1516,BlacKkKlansman,2018,R,"Crime , Comedy , Drama , and History",2h 16m,Spike Lee,3 Wins,English,15000000,93411426,75
1517,"McFarland, USA",2015,PG,Drama and Family,2h 8m,Niki Caro,,English,17200000,45710059,75
1518,"Oslo, August 31st",2011,NR,Drama,1h 35m,Joachim Trier,,Norwegian,-,1481665,75
1519,Memories,1995,PG-13,"Fantasy , Animation , and Science Fiction",1h 53m,Katsuhiro Otomo,1 Win,Japanese,-,-,75
1520,For the Birds,2000,G,"Animation , Family , and Comedy",4m,Ralph Eggleston,2 Wins,English,-,-,75
1521,The Wave,2008,12,Drama and Thriller,1h 47m,Dennis Gansel,,German,7500000,32350637,75
1522,The Fugitive,1993,PG-13,"Action , Thriller , and Drama",2h 11m,David Twohy,,English,44000000,368875760,75
1523,Rebel Without a Cause,1955,PG-13,Drama,1h 51m,Nicholas Ray,1 Win,English,1500000,4500000,75
1524,Fatherhood,2021,PG-13,Drama and Comedy,1h 49m,Paul Weitz,,English,-,-,75
1525,The Innocents,1961,NR,"Horror , Mystery , and Drama",1h 40m,Jack Clayton,,English,430000,1200000,75
1526,Shang-Chi and the Legend of the Ten Rings,2021,PG-13,"Action , Adventure , and Fantasy",2h 12m,Destin Daniel Cretton,,English,150000000,432243292,75
1527,The Bourne Identity,2002,PG-13,"Action , Mystery , and Thriller",1h 59m,Doug Liman,,English,60000000,214034224,75
1528,The Double Life of Véronique,1991,R,Drama and Fantasy,1h 38m,Krzysztof Kieślowski,,French,-,1999955,75
1529,Dawn of the Dead,1978,NR,Horror and Science Fiction,2h 7m,George A. Romero,,English,640000,55000000,75
1530,Eyes Wide Shut,1999,R,"Drama , Thriller , and Mystery",2h 39m,Stanley Kubrick,,English,65000000,162100000,75
1531,Paddington 2,2017,PG,"Adventure , Comedy , and Family",1h 44m,Paul King,,English,40000000,290132513,75
1532,Carol,2015,R,Romance and Drama,1h 58m,Todd Haynes,3 Wins,English,11800000,40272135,75
1533,Scott Pilgrim vs. the World,2010,PG-13,"Action , Comedy , and Romance",1h 53m,Edgar Wright,,English,73000000,51825248,75
1534,Operation Y and Other Shurik's Adventures,1965,6+,Comedy,1h 35m,Leonid Gaidai,,Russian,-,-,75
1535,The 36th Chamber of Shaolin,1978,R,Action and Adventure,1h 56m,Lau Kar-leung,,Chinese,-,-,75
1536,The Great Silence,1968,NR,Western and Drama,1h 47m,Sergio Corbucci,,Italian,-,500000,75
1537,Kung Fury,2015,NR,"Action , Comedy , Science Fiction , and Fantasy",32m,David Sandberg,,English,630019,-,75
1538,Sidewalls,2011,PG-13,Drama and Romance,1h 34m,Gustavo Taretto,,Spanish; Castilian,11000000,2140,75
1539,You Can't Take It with You,1938,NR,Comedy and Romance,2h 6m,Frank Capra,,English,1640000,7433101,75
1540,Barbie as The Princess & the Pauper,2004,G,"Animation , Family , and Comedy",1h 26m,Ruth Handler,,English,-,-,75
1541,Veer-Zaara,2004,PG,Drama and Romance,3h 12m,Aditya Chopra,,Hindi,7000000,29385320,75
1542,Tuner,2026,R,"Crime , Drama , and Thriller",1h 48m,Daniel Roher,,English,7000000,13505364,75
1543,Custody,2018,12,Drama and Thriller,1h 33m,Xavier Legrand,,French,-,81455,75
1544,Prison Break: The Final Break,2009,15,"Action , Drama , and Thriller",1h 29m,Kevin Hooks,,English,-,-,75
1545,My Fair Lady,1964,G,"Comedy , Romance , and Music",2h 53m,George Cukor,,English,17000000,72661442,75
1546,Waking Life,2001,R,"Animation , Drama , and Fantasy",1h 41m,Richard Linklater,,English,2000000,3176880,75
1547,Willy Wonka & the Chocolate Factory,1971,G,"Family , Fantasy , and Comedy",1h 40m,Mel Stuart,,English,3000000,2361799,75
1548,The Skin I Live In,2011,R,"Drama , Horror , Mystery , and Thriller",2h,Pedro Almodóvar,1 Win,Spanish; Castilian,13000000,33750478,75
1549,Brother,1997,16+,"Crime , Drama , and Action",1h 36m,Aleksei Balabanov,,Russian,10000,1360000,75
1550,The Devil's Advocate,1997,R,"Horror , Drama , and Mystery",2h 24m,Taylor Hackford,,English,57000000,153000000,75
1551,Ed Wood,1994,R,"Comedy , Drama , and History",2h 7m,Tim Burton,1 Win,English,18000000,5900000,75
1552,Breathless,1960,NR,"Drama , Crime , and Romance",1h 30m,Jean-Luc Godard,,French,80000,-,75
1553,The Incredible Shrinking Man,1957,NR,"Science Fiction , Adventure , and Horror",1h 21m,Richard Matheson,,English,750000,-,75
1554,Days of Heaven,1978,PG,Drama and Romance,1h 34m,Terrence Malick,,English,3000000,3700000,75
1555,Adam's Apples,2005,R,"Drama , Comedy , and Crime",1h 35m,Anders Thomas Jensen,,Danish,3700000,-,75
1556,Spread Your Wings,2019,U,Adventure and Family,1h 53m,Nicolas Vanier,,French,-,12703596,75
1557,RBG,2018,PG,Documentary,1h 38m,Betsy West,,English,-,2002767,75
1558,The Favourite,2018,R,"History , Comedy , and Drama",2h,Yorgos Lanthimos,13 Wins,English,15000000,95918706,75
1559,The Last: Naruto the Movie,2014,PG-13,"Action , Romance , and Animation",1h 54m,Tsuneo Kobayashi,,Japanese,750000,19840000,75
1560,L'Atalante,1934,NR,"Comedy , Drama , and Romance",1h 28m,Jean Vigo,,French,-,-,75
1561,About Elly,2009,NR,Drama,1h 59m,Asghar Farhadi,,Persian,-,-,75
1562,District 9,2009,R,Science Fiction,1h 52m,Neill Blomkamp,,English,30000000,210888950,75
1563,Peaceful Warrior,2006,PG-13,Drama,2h,Victor Salva,,English,-,-,75
1564,Breaking the Waves,1996,R,Drama and Romance,2h 39m,Lars von Trier,1 Win,Danish,7500000,23000000,75
1565,C.R.A.Z.Y.,2005,NR,Comedy and Drama,2h 6m,Jean-Marc Vallée,16 Wins,French,-,3692417,75
1566,"Cyrano, My Love",2018,R,Comedy and History,1h 53m,Alexis Michalik,,French,9208475,-,75
1567,Only the Brave,2017,PG-13,Drama and History,2h 13m,Joseph Kosinski,,English,38000000,25754775,75
1568,Once Upon a Time in Anatolia,2011,Genel İzleyici Kitlesi,Drama and Crime,2h 43m,Nuri Bilge Ceylan,,Turkish,-,138730,75
1569,Phantom of the Paradise,1974,PG,"Comedy , Drama , Horror , and Music",1h 32m,Brian De Palma,,English,1300000,250000,75
1570,Birdman of Alcatraz,1962,NR,"Drama , Crime , and History",2h 27m,John Frankenheimer,,English,2650000,3100000,75
1571,The Insult,2017,12,Drama and Crime,1h 52m,Ziad Doueiri,,French,3000000,1001305,75
1572,The Best of Me,2014,PG-13,Drama and Romance,1h 57m,Michael Hoffman,,English,26000000,35926213,75
1573,The Secret Life of Bees,2008,PG-13,"Family , Adventure , and Drama",1h 54m,Gina Prince-Bythewood,,English,11000000,39952437,75
1574,Gilda,1946,NR,"Romance , Drama , and Thriller",1h 50m,Charles Vidor,,English,2000000,6000000,75
1575,Lucky Number Slevin,2006,R,"Drama , Thriller , Crime , and Mystery",1h 50m,Paul McGuigan,,English,27000000,56300000,75
1576,Disclosure Day,2026,PG-13,Science Fiction and Thriller,2h 26m,Steven Spielberg,1 Win,English,115000000,241186430,75
1577,The Quiet Girl,2022,12A,Drama,1h 35m,Colm Bairéad,,Irish,1,6,75
1578,The Beasts,2022,NR,Thriller and Drama,2h 18m,Rodrigo Sorogoyen,4 Wins,French,3900000,10238603,75
1579,The White Ribbon,2009,R,Drama and Mystery,2h 24m,Michael Haneke,1 Win,German,21555450,11652157,75
1580,Encounters at the End of the World,2007,G,Documentary,1h 39m,Werner Herzog,,English,-,-,75
1581,The Two Popes,2019,PG-13,Drama and History,2h 5m,Fernando Meirelles,,English,-,232638,75
1582,The Seventh Continent,1989,16,Drama,1h 47m,Michael Haneke,,German,-,-,75
1583,This Is England,2007,NR,Drama and Crime,1h 42m,Shane Meadows,,English,2380000,8176544,75
1584,My Darling Clementine,1946,15,Western,1h 37m,John Ford,,English,2000000,2750000,75
1585,"Live Twice, Love Once",2019,NR,Comedy and Drama,1h 41m,María Ripoll,,Spanish; Castilian,1450000,368430,75
1586,The Book of Henry,2017,PG-13,"Drama , Thriller , and Mystery",1h 45m,Colin Trevorrow,,English,10000000,4596705,75
1587,When the Wind Blows,1986,PG,"Animation , War , and Drama",1h 24m,Jimmy T. Murakami,,English,-,5274,75
1588,Star Wars: Episode III - Revenge of the Sith,2005,PG-13,"Adventure , Action , and Science Fiction",2h 20m,George Lucas,1 Win,English,113000000,850000000,75
1589,The Adventures of Robin Hood,1938,PG,"Adventure , Romance , and Action",1h 42m,Michael Curtiz,,English,2033000,3981000,75
1590,Sorcerer,1977,PG,Thriller and Adventure,2h 2m,William Friedkin,,English,22000000,9000000,75
1591,Key Largo,1948,NR,Crime and Thriller,1h 40m,John Huston,,English,-,-,75
1592,Oceans,2010,G,"Documentary , Family , and Drama",1h 44m,Jacques Perrin,,English,80000000,83090556,75
1593,Mars Express,2023,NR,"Animation , Science Fiction , and Thriller",1h 29m,Jérémie Périn,,French,7900000,1455713,75
1594,Kuch Kuch Hota Hai,1998,U,"Romance , Drama , and Comedy",3h 5m,Karan Johar,,Hindi,2420000,25690000,75
1595,The Killing Fields,1984,R,"Drama , History , and War",2h 22m,Roland Joffé,2 Wins,English,14400000,34700291,75
1596,The Wolf and the Lion,2021,PG,"Family , Adventure , and Drama",1h 39m,Gilles de Maistre,,English,11900000,15300000,75
1597,The Call,2020,NR,"Thriller , Mystery , and Science Fiction",1h 52m,Lee Chung-hyun,,Korean,-,-,75
1598,The Verdict,1982,R,Drama,2h 9m,Sidney Lumet,,English,16000000,53977250,75
1599,Home Alone,1990,PG,Comedy and Family,1h 43m,Chris Columbus,,English,18000000,476684675,75
1600,The Age of Adaline,2015,PG-13,"Romance , Fantasy , and Drama",1h 52m,Salvador Paskowitz,,English,25000000,65663276,75
1601,Kal Ho Naa Ho,2003,PG,"Comedy , Drama , and Romance",3h 7m,Karan Johar,,Hindi,-,13214520,75
1602,"I, Tonya",2017,R,Drama and Comedy,2h,Craig Gillespie,7 Wins,English,11000000,53900000,75
1603,Man on Fire,2004,R,"Action , Drama , and Thriller",2h 26m,Tony Scott,,English,70000000,130300000,75
1604,Sympathy for Mr. Vengeance,2002,R,"Action , Drama , and Thriller",2h 9m,Park Chan-wook,,Korean,4000000,1954937,75
1605,Ocean's Eleven,2001,PG-13,Thriller and Crime,1h 56m,Steven Soderbergh,,English,85000000,450717150,75
1606,The Lighthouse,2019,R,"Drama , Fantasy , and Thriller",1h 49m,Robert Eggers,2 Wins,English,11000000,18262464,75
1607,Still Alice,2014,PG-13,Drama,1h 41m,Wash Westmoreland,5 Wins,English,5000000,44779195,75
1608,That's Life,1998,T,Comedy,1h 48m,Giacomo Poretti,,Italian,-,-,75
1609,Suspiria,1977,R,Horror,1h 39m,Dario Argento,,Italian,-,2900000,75
1610,Frankenstein,1931,PG,"Drama , Horror , and Science Fiction",1h 10m,James Whale,,English,291000,12000000,75
1611,The Banshees of Inisherin,2022,R,Drama and Comedy,1h 54m,Martin McDonagh,12 Wins,English,20000000,49300000,75
1612,Toy Story 4,2019,G,"Family , Comedy , Animation , and Adventure",1h 40m,Josh Cooley,2 Wins,English,175000000,1073841394,75
1613,Still Life,2013,PG-13,Drama,1h 32m,Uberto Pasolini,,English,-,-,75
1614,The Insider,1999,R,Drama and Thriller,2h 38m,Michael Mann,,English,90000000,60300000,75
1615,Three Wishes for Cinderella,1973,A,"Fantasy , Family , and Romance",1h 22m,Václav Vorlíček,,Czech,580000,-,75
1616,Barton Fink,1991,R,"Comedy , Drama , and Thriller",1h 57m,Ethan Coen,,English,9000000,6153939,75
1617,Sin City,2005,R,Crime and Thriller,2h 4m,Frank Miller,,English,40000000,158733820,75
1618,John Wick,2014,R,Action and Thriller,1h 41m,Chad Stahelski,,English,20000000,86085191,75
1619,The Phantom of Liberty,1974,TP,Comedy,1h 44m,Luis Buñuel,,French,-,6749,75
1620,Apollo 13,1995,PG,Drama and History,2h 20m,Ron Howard,2 Wins,English,52000000,355237933,75
1621,Splendor in the Grass,1961,NR,Drama and Romance,2h 4m,Elia Kazan,,English,-,-,75
1622,Sentimental Value,2025,R,Drama and Comedy,2h 13m,Joachim Trier,16 Wins,Norwegian,7800000,23883986,75
1623,Tad the Lost Explorer and the Emerald Tablet,2022,Ai,"Animation , Adventure , Family , Comedy , and Fantasy",1h 29m,Enrique Gato,,Spanish; Castilian,11983950,32800000,75
1624,Mirage,2018,R,"Thriller , Drama , Mystery , and Fantasy",2h 9m,Oriol Paulo,,Spanish; Castilian,-,17325485,75
1625,Hidden Kisses,2016,U,"Drama , Romance , and TV Movie",1h 27m,Didier Bivel,,French,-,-,75
1626,Boruto: Naruto the Movie,2015,PG-13,"Adventure , Action , Animation , Comedy , and Fantasy",1h 35m,Masashi Kishimoto,,Japanese,-,38362448,75
1627,A Christmas Carol,1984,PG,"Drama , Fantasy , TV Movie , and Family",1h 41m,Clive Donner,,English,-,-,75
1628,The Reader,2008,R,Drama and Romance,2h 4m,Stephen Daldry,3 Wins,English,32000000,108902486,75
1629,Hannah and Her Sisters,1986,PG-13,Comedy and Drama,1h 47m,Woody Allen,,English,6400000,40084041,75
1630,Badlands,1974,15,"Drama , Romance , and Crime",1h 34m,Terrence Malick,,English,300000,-,75
1631,Volver,2006,R,"Comedy , Drama , and Romance",2h 1m,Pedro Almodóvar,1 Win,Spanish; Castilian,9400000,85605851,75
1632,The Valet,2022,PG-13,Comedy and Romance,2h 3m,Richard Wong,,English,-,-,75
1633,Ip Man 2,2010,R,"Action , History , and Drama",1h 48m,Wilson Yip,,Cantonese,12900000,36000000,75
1634,The Legend of Drunken Master,1994,R,Action and Comedy,1h 42m,Lau Kar-leung,,Cantonese,10000000,34300528,75
1635,The Social Dilemma,2020,PG-13,Documentary and Drama,1h 34m,Jeff Orlowski,,English,-,-,75
1636,Sweet Bean,2015,G,Drama,1h 53m,Naomi Kawase,,Japanese,-,124518,75
1637,Peeping Tom,1960,NR,"Horror , Thriller , and Crime",1h 41m,Michael Powell,,English,150000,83957,75
1638,The Discreet Charm of the Bourgeoisie,1972,PG,Comedy,1h 41m,Luis Buñuel,,French,800000,103230,75
1639,Wallace & Gromit: Vengeance Most Fowl,2024,PG,"Animation , Adventure , Comedy , Science Fiction , and Family",1h 19m,Nick Park,4 Wins,English,-,191452,75
1640,Fist of Legend,1994,R,Action,1h 43m,Gordon Chan,,Chinese,1900000,1907743,75
1641,Marty,1955,NR,Drama and Romance,1h 30m,Paddy Chayefsky,1 Win,English,343000,3000000,75
1642,Lifted,2006,G,"Family , Animation , Science Fiction , and Comedy",5m,Gary Rydstrom,,English,-,-,75
1643,The First Day of the Rest of Your Life,2008,TP,Drama,1h 54m,Rémi Bezançon,,French,5900000,13200000,75
1644,War Machine,2026,R,"Action , Science Fiction , and Thriller",1h 50m,Patrick Hughes,,English,73000000,-,75
1645,mid90s,2018,R,Drama and Comedy,1h 26m,Jonah Hill,,English,1700000,9303022,75
1646,I Want You,2012,12,Drama and Romance,2h 3m,Fernando González Molina,,Spanish; Castilian,-,24016152,75
1647,Invasion of the Body Snatchers,1956,PG,"Science Fiction , Horror , and Thriller",1h 20m,Don Siegel,1 Win,English,416911,3000000,75
1648,Fear City: A Family-Style Comedy,1994,12,Comedy and Horror,1h 40m,Alain Berbérian,,French,-,-,75
1649,"Watch Out, We're Mad",1974,PG,Action and Comedy,1h 42m,Marcello Fondato,,Italian,-,36782781,75
1650,Dirty Harry,1971,R,"Action , Crime , and Thriller",1h 42m,Rita M. Fink,,English,4000000,35976000,75
1651,The Day the Earth Stood Still,1951,G,"Science Fiction , Thriller , and Drama",1h 32m,Robert Wise,1 Win,English,995000,1850000,75
1652,To Have and Have Not,1945,NR,"Adventure , Romance , and War",1h 40m,Howard Hawks,,English,-,3650000,75
1653,"To Wong Foo, Thanks for Everything! Julie Newmar",1995,PG-13,Comedy and Drama,1h 48m,Beeban Kidron,,English,-,47774193,75
1654,The Taking of Pelham One Two Three,1974,R,"Crime , Thriller , and Action",1h 45m,Joseph Sargent,,English,-,-,75
1655,Jim & Andy: The Great Beyond,2017,18,"Documentary , Drama , and Comedy",1h 33m,Chris Smith,,English,-,-,75
1656,Mr & Mme Adelman,2017,12,"Romance , Drama , and Comedy",2h,Nicolas Bedos,,French,5983685,-,75
1657,Zorba the Greek,1964,NR,Drama,2h 22m,Mihalis Kakogiannis,,Greek,783000,9000000,75
1658,The Royal Tenenbaums,2001,R,Comedy and Drama,1h 50m,Wes Anderson,1 Win,English,21000000,71441250,75
1659,That Obscure Object of Desire,1977,R,"Comedy , Drama , and Romance",1h 43m,Luis Buñuel,,French,-,2864,75
1660,Captain America: Civil War,2016,PG-13,"Adventure , Action , and Science Fiction",2h 27m,Joe Simon,,English,250000000,1155046416,75
1661,Incredibles 2,2018,PG,"Action , Adventure , Animation , and Family",1h 58m,Brad Bird,,English,200000000,1243225667,75
1662,Running on Empty,1988,PG-13,"Drama , Romance , and Crime",1h 56m,Sidney Lumet,,English,-,2835116,75
1663,Love and Death,1975,PG,Comedy and History,1h 25m,Woody Allen,,English,3000000,20173742,75
1664,Cape Fear,1962,PG,"Thriller , Drama , and Crime",1h 46m,J. Lee Thompson,,English,35000000,103000000,75
1665,The Outlaw Josey Wales,1976,PG,Western,2h 15m,Clint Eastwood,,English,3700000,31800000,75
1666,Ray,2004,PG-13,Drama and Music,2h 32m,Taylor Hackford,4 Wins,English,40000000,124700000,75
1667,Fabrizio De André: Principe libero,2018,,Music and History,3h 8m,Luca Facchini,,Italian,-,-,75
1668,Abominable,2019,PG,"Family , Animation , Adventure , Comedy , and Fantasy",1h 37m,Jill Culton,,English,75000000,190304772,75
1669,Summer Wars,2009,PG,Animation and Science Fiction,1h 54m,Mamoru Hosoda,2 Wins,Japanese,-,18434328,75
1670,Scooby-Doo! Pirates Ahoy!,2006,NR,"Fantasy , Animation , Comedy , Family , Mystery , and Adventure",1h 11m,Chuck Sheetz,,English,-,-,75
1671,EverAfter,1998,PG-13,"Drama , Romance , and Comedy",2h 1m,Andy Tennant,,English,26000000,98005666,75
1672,Open Your Eyes,1997,R,"Drama , Thriller , and Science Fiction",1h 57m,Alejandro Amenábar,,Spanish; Castilian,2900000,370720,75
1673,"Play It Again, Sam",1972,PG,Comedy and Romance,1h 25m,Herbert Ross,,English,-,-,75
1674,The Suicide Squad,2021,R,"Action , Comedy , and Adventure",2h 12m,James Gunn,,English,185000000,168717425,75
1675,Dunkirk,2017,PG-13,"War , Action , and Drama",1h 47m,Christopher Nolan,6 Wins,English,150000000,549136737,75
1676,"To Sir, with Love",1967,NR,Drama,1h 45m,James Clavell,,English,625000,42432803,75
1677,All About Lily Chou-Chou,2001,NR,Drama and Crime,2h 26m,Shunji Iwai,,Japanese,1250000,6776921,75
1678,Mission: Impossible - Fallout,2018,PG-13,Action and Adventure,2h 27m,Christopher McQuarrie,,English,178000000,824171374,75
1679,The Magdalene Sisters,2002,R,Drama and History,1h 59m,Peter Mullan,,English,5000000,21107578,74
1680,Contact,1997,PG,"Drama , Science Fiction , and Mystery",2h 30m,Robert Zemeckis,,English,90000000,171120329,74
1681,Z-O-M-B-I-E-S 2,2020,G,"Fantasy , Romance , and TV Movie",1h 24m,Paul Hoen,,English,-,-,74
1682,Black Book,2006,R,"Drama , Thriller , and War",2h 25m,Paul Verhoeven,,Dutch; Flemish,21000000,26768563,74
1683,Bram Stoker's Dracula,1992,R,Romance and Horror,2h 8m,Francis Ford Coppola,,English,40000000,215862692,74
1684,Then Came You,2018,PG-13,Comedy and Drama,1h 37m,Peter Hutchings,,English,-,-,74
1685,Miracles from Heaven,2016,PG,Family and Drama,1h 59m,Patricia Riggen,,English,16000000,74000000,74
1686,Human Capital,2013,T,Drama,1h 51m,Paolo Virzì,,Italian,6000000,5809330,74
1687,Nebraska,2013,R,Drama and Adventure,1h 55m,Alexander Payne,2 Wins,English,12000000,27700000,74
1688,The Devils,1971,R,"Drama , History , and Horror",1h 52m,Ken Russell,,English,2000000,11000000,74
1689,Patton,1970,PG,"War , Drama , and History",2h 52m,Franklin J. Schaffner,1 Win,English,12000000,89800000,74
1690,Emergency Declaration,2022,12,"Action , Drama , and Thriller",2h 20m,Han Jae-rim,,Korean,18052672,19200000,74
1691,I Am a Hero,2016,R,"Action , Horror , and Drama",2h 6m,Shinsuke Sato,,Japanese,-,-,74
1692,Happiness,1965,18,Drama and Romance,1h 20m,Agnès Varda,,French,-,-,74
1693,Star Trek II: The Wrath of Khan,1982,PG,"Action , Adventure , Science Fiction , and Thriller",1h 53m,Nicholas Meyer,,English,12000000,96594943,74
1694,"Batman: The Long Halloween, Part One",2021,PG-13,"Animation , Mystery , Action , and Crime",1h 25m,David Mazzucchelli,,English,-,-,74
1695,Hedwig and the Angry Inch,2001,R,"Comedy , Music , and Drama",1h 35m,John Cameron Mitchell,,English,6000000,3660081,74
1696,A Bittersweet Life,2005,19,"Action , Drama , and Crime",1h 59m,Kim Jee-woon,,Korean,-,7600000,74
1697,The Muppet Christmas Carol,1992,G,"Music , Comedy , Family , Fantasy , and Drama",1h 29m,Jim Henson,,English,12000000,34524312,74
1698,The Fly,1986,R,Horror and Science Fiction,1h 36m,David Cronenberg,,English,15000000,60629159,74
1699,Teen Wolf: The Movie,2023,R,"Action , Fantasy , and TV Movie",2h 20m,Russell Mulcahy,,English,15000000,-,74
1700,Furiosa: A Mad Max Saga,2024,R,"Action , Science Fiction , and Adventure",2h 29m,George Miller,2 Wins,English,168000000,174287546,74
1701,Elvis,2022,PG-13,"Music , History , and Drama",2h 39m,Baz Luhrmann,10 Wins,English,85000000,288670284,74
1702,The Death of Superman,2019,PG-13,"Science Fiction , Animation , Action , Drama , and Adventure",1h 21m,Bob Kane,,English,-,-,74
1703,Baby Driver,2017,R,Action and Crime,1h 53m,Edgar Wright,1 Win,English,34000000,226945087,74
1704,Lemonade Mouth,2011,G,"Drama , Comedy , Music , and TV Movie",1h 53m,Patricia Riggen,,English,-,-,74
1705,I Killed My Mother,2009,NR,Drama,1h 40m,Xavier Dolan,4 Wins,French,-,-,74
1706,The Big Blue,1988,PG-13,"Romance , Adventure , and Drama",2h 48m,Luc Besson,,French,13500000,4000000,74
1707,Money Heist: The Phenomenon,2020,M/12,Documentary,57m,Pablo Lejarreta,,Spanish; Castilian,-,-,74
1708,Midnight Express,1978,R,Drama and Crime,2h 1m,Alan Parker,1 Win,English,2300000,35000000,74
1709,Miller's Crossing,1990,R,"Drama , Thriller , and Crime",1h 55m,Joel Coen,,English,14000000,5080409,74
1710,Patients,2017,TP,Drama and Comedy,1h 50m,Grand Corps Malade,,French,-,-,74
1711,Aquarius,2016,NR,Drama,2h 27m,Kleber Mendonça Filho,,Portuguese,762241,285930,74
1712,Cell 211,2009,18,"Action , Thriller , and Drama",1h 48m,Daniel Monzón,,Spanish; Castilian,5700000,19300483,74
1713,Scrooge,1951,NR,Fantasy and Drama,1h 26m,Brian Desmond Hurst,,English,-,-,74
1714,The Thin Red Line,1998,R,"Drama , History , and War",2h 51m,Terrence Malick,,English,52000000,98126565,74
1715,The Bourne Ultimatum,2007,PG-13,"Action , Drama , Mystery , and Thriller",1h 55m,Paul Greengrass,4 Wins,English,70000000,442824138,74
1716,Pretty Woman,1990,R,Romance and Comedy,2h,Garry Marshall,,English,14000000,463406268,74
1717,Barbie and the Diamond Castle,2008,G,Animation and Family,1h 18m,Ruth Handler,,English,-,-,74
1718,The Hurricane,1999,R,Drama,2h 26m,Norman Jewison,,English,50000000,73956241,74
1719,Balkan Line,2019,R,"Drama , Action , and War",2h 10m,Andrey Volgin,,Russian,3500000,4944386,74
1720,Wind River,2017,R,"Crime , Mystery , and Thriller",1h 47m,Taylor Sheridan,,English,11000000,44998252,74
1721,Ordinary People,1980,R,Drama,2h 4m,Robert Redford,1 Win,English,6000000,54766923,74
1722,"Aguirre, the Wrath of God",1972,NR,"History , Adventure , and Drama",1h 35m,Werner Herzog,,German,370000,37041,74
1723,John Wick: Chapter 3 - Parabellum,2019,R,"Action , Thriller , and Crime",2h 11m,Derek Kolstad,,English,55000000,328349908,74
1724,The Rocky Horror Picture Show,1975,R,"Comedy , Science Fiction , and Horror",1h 39m,Jim Sharman,,English,1400000,171181400,74
1725,Imitation of Life,1959,NR,Drama and Romance,2h 5m,Douglas Sirk,,English,-,-,74
1726,Three Colors: White,1994,R,"Comedy , Drama , and Mystery",1h 32m,Krzysztof Kieślowski,,French,-,1273525,74
1727,Free Guy,2021,PG-13,"Comedy , Adventure , and Science Fiction",1h 55m,Matt Lieberman,,English,110000000,331526598,74
1728,The Croods: A New Age,2020,PG,"Animation , Family , Adventure , Fantasy , and Comedy",1h 35m,Chris Sanders,,English,65000000,215905815,74
1729,One Piece Film: Strong World,2009,PG12,"Animation , Fantasy , and Adventure",1h 54m,Eiichiro Oda,,Japanese,-,53000000,74
1730,The Secret of NIMH,1982,G,"Adventure , Animation , Drama , Family , Fantasy , Mystery , and Science Fiction",1h 23m,Don Bluth,,English,7000000,14665733,74
1731,"Crouching Tiger, Hidden Dragon",2000,PG-13,"Adventure , Drama , Action , Romance , and Fantasy",2h,Ang Lee,7 Wins,Chinese,17000000,213978518,74
1732,Mixed by Erry,2023,R,"Comedy , History , and Music",1h 53m,Sydney Sibilia,,Italian,8538750,1120191,74
1733,Drive My Car,2021,NR,Drama,2h 59m,Ryusuke Hamaguchi,16 Wins,Japanese,1300000,15356046,74
1734,The Dirt,2019,R,"Drama , Music , and Comedy",1h 48m,Jeff Tremaine,1 Win,English,-,-,74
1735,Last Year at Marienbad,1961,NR,Drama and Romance,1h 35m,Alain Resnais,,French,-,-,74
1736,The Devil Wears Prada,2006,PG-13,Drama and Comedy,1h 49m,David Frankel,2 Wins,English,35000000,326588371,74
1737,Carl's Date,2023,G,"Animation , Family , Comedy , and Romance",9m,Bob Peterson,,English,-,-,74
1738,Hour of the Wolf,1968,15,Drama and Horror,1h 28m,Ingmar Bergman,,Swedish,-,-,74
1739,Star Trek,2009,PG-13,"Science Fiction , Action , and Adventure",2h 7m,J.J. Abrams,2 Wins,English,150000000,386839614,74
1740,Happiness,1998,NC-17,Comedy and Drama,2h 20m,Todd Solondz,,English,3000000,2800000,74
1741,Justice League: War,2014,PG-13,Animation and Action,1h 19m,Jay Oliva,,English,3500000,5155325,74
1742,Birdman or (The Unexpected Virtue of Ignorance),2014,R,Drama and Comedy,2h,Alejandro G. Iñárritu,13 Wins,English,18000000,103215094,74
1743,The Artist,2011,PG-13,"Drama , Comedy , and Romance",1h 40m,Michel Hazanavicius,20 Wins,French,15000000,133432856,74
1744,Little Big Man,1970,PG,"Western , Comedy , Adventure , and Drama",2h 19m,Arthur Penn,,English,15000000,31559552,74
1745,The Witch: Part 2. The Other One,2022,15,"Action , Mystery , Thriller , and Science Fiction",2h 17m,Park Hoon-jung,,Korean,-,23068596,74
1746,The Life of David Gale,2003,R,"Drama , Thriller , and Crime",2h 10m,Alan Parker,,English,50000000,38955598,74
1747,The Lego Movie,2014,PG,"Animation , Family , Adventure , Comedy , and Fantasy",1h 40m,Phil Lord,1 Win,English,60000000,470759687,74
1748,Y Tu Mamá También,2001,NR,Drama and Romance,1h 46m,Alfonso Cuarón,1 Win,Spanish; Castilian,5000000,33600000,74
1749,Burrow,2020,G,"Animation , Family , and Comedy",6m,Madeline Sharafian,,English,-,-,74
1750,Gaga: Five Foot Two,2017,R,Music and Documentary,1h 41m,Chris Moukarbel,,English,-,-,74
1751,Alice,1988,PG,"Animation , Fantasy , and Adventure",1h 26m,Jan Švankmajer,,Czech,-,-,74
1752,Scream,1996,R,"Crime , Horror , and Mystery",1h 52m,Wes Craven,,English,14000000,173046663,74
1753,The Flowers of War,2011,R,"Drama , History , and War",2h 26m,Yan Geling,,Chinese,94000000,95311434,74
1754,The Man in the Moon,1991,PG-13,Drama and Romance,1h 39m,Robert Mulligan,,English,1237669,2853801,74
1755,Trinity Is Still My Name,1971,PG,Comedy and Western,1h 58m,Enzo Barboni,,Italian,-,2100000,74
1756,Blue Bayou,2021,R,Drama,1h 57m,Justin Chon,,English,-,750000,74
1757,Lone Survivor,2013,R,"War , Action , and Drama",2h 1m,Peter Berg,1 Win,English,40000000,149295601,74
1758,The Man Who Knew Too Much,1956,PG,"Thriller , Mystery , and Drama",2h 1m,Alfred Hitchcock,,English,1200000,11300000,74
1759,Humanist Vampire Seeking Consenting Suicidal Person,2023,16,"Comedy , Fantasy , and Horror",1h 31m,Ariane Louis-Seize,8 Wins,French,3000000,97578,74
1760,A Quiet Place Part II,2021,PG-13,"Science Fiction , Thriller , and Horror",1h 37m,John Krasinski,1 Win,English,55000000,297372261,74
1761,The Red Turtle,2016,PG,"Animation , Drama , Fantasy , and Family",1h 21m,Michael Dudok de Wit,,French,-,921974,74
1762,New World,2013,NR,"Thriller , Crime , Drama , and Action",2h 14m,Park Hoon-jung,,Korean,-,-,74
1763,Gun Crazy,1950,14A,"Crime , Romance , and Drama",1h 27m,MacKinlay Kantor,,English,-,-,74
1764,Twin Peaks: Fire Walk with Me,1992,R,"Drama , Mystery , and Horror",2h 15m,David Lynch,1 Win,English,10000000,4237427,74
1765,The Lady Vanishes,1938,NR,Mystery and Thriller,1h 36m,Alfred Hitchcock,,English,-,-,74
1766,Ricky Gervais: SuperNature,2022,R,Comedy,1h 4m,John L. Spencer,,English,-,-,74
1767,The Worst Person in the World,2021,R,"Drama , Romance , and Comedy",2h 8m,Joachim Trier,1 Win,Norwegian,5000000,12687507,74
1768,The Florida Project,2017,R,Drama,1h 52m,Sean Baker,1 Win,English,2000000,11303040,74
1769,The Legend of Sleepy Hollow,1949,L,"Family , Animation , Horror , and Comedy",37m,Jack Kinney,,English,-,-,74
1770,The Secret Garden,1993,G,"Drama , Family , and Fantasy",1h 41m,Agnieszka Holland,,English,18000000,40000000,74
1771,The Experiment,2001,16,Drama and Thriller,2h,Mario Giordano,,German,-,13782896,74
1772,Erin Brockovich,2000,R,Drama,2h 11m,Steven Soderbergh,4 Wins,English,52000000,256271286,74
1773,Sicario,2015,R,"Action , Crime , and Thriller",2h 2m,Denis Villeneuve,,English,30000000,84997446,74
1774,Mon Oncle,1958,NR,Comedy,1h 58m,Jacques Tati,,French,-,-,74
1775,Saw,2004,R,"Horror , Mystery , and Crime",1h 43m,James Wan,,English,1200000,104045735,74
1776,Kalashnikov AK-47,2020,12+,"War , History , and Drama",1h 45m,Konstantin Buslov,,Russian,3500000,1593464,74
1777,The Hunger Games: Catching Fire,2013,PG-13,"Adventure , Action , and Science Fiction",2h 26m,Francis Lawrence,,English,130000000,865011746,74
1778,Doctor Strange,2016,PG-13,"Fantasy , Adventure , and Action",1h 55m,Scott Derrickson,,English,180000000,676343174,74
1779,Stand by Me Doraemon,2014,G,"Animation , Adventure , Science Fiction , Drama , Family , and Fantasy",1h 34m,Takashi Yamazaki,1 Win,Japanese,35000000,83100000,74
1780,Enemy at the Gates,2001,R,War and History,2h 11m,Jean-Jacques Annaud,,English,68000000,96976270,74
1781,Cold War,2018,R,"Romance , Music , and Drama",1h 28m,Paweł Pawlikowski,7 Wins,Polish,4954500,18754051,74
1782,Breathe,2017,PG-13,Drama and Romance,1h 58m,Andy Serkis,,English,-,5026154,74
1783,Zelig,1983,PG,Comedy,1h 19m,Woody Allen,,English,13500000,11798616,74
1784,The Children's Train,2024,PG,Drama,1h 46m,Cristina Comencini,,Italian,-,-,74
1785,The Witcher: Nightmare of the Wolf,2021,R,"Animation , Action , and Fantasy",1h 23m,Han Kwang Il,,English,-,-,74
1786,High School of the Dead: Drifters of the Dead,2011,MA 15+,"Comedy , Animation , Adventure , and Horror",18m,Tetsuro Araki,,Japanese,-,-,74
1787,Crimes and Misdemeanors,1989,PG-13,"Comedy , Drama , and Crime",1h 44m,Woody Allen,1 Win,English,19000000,18254702,74
1788,My Girl,1991,PG,Comedy and Drama,1h 43m,Howard Zieff,,English,17000000,59490000,74
1789,Being John Malkovich,1999,R,"Comedy , Drama , and Fantasy",1h 53m,Spike Jonze,2 Wins,English,13000000,22863596,74
1790,Trouble in Paradise,1932,AL,"Comedy , Crime , and Romance",1h 23m,Ernst Lubitsch,,English,-,-,74
1791,The Gospel According to St. Matthew,1965,B,Drama,2h 17m,Pier Paolo Pasolini,,Italian,-,-,74
1792,The Man Without a Past,2002,PG-13,Drama and Romance,1h 37m,Aki Kaurismäki,6 Wins,Finnish,-,921,74
1793,Once,2007,R,"Drama , Music , and Romance",1h 25m,John Carney,2 Wins,English,160000,20710513,74
1794,Once Upon a Time... in Hollywood,2019,R,"Comedy , Drama , and Thriller",2h 42m,Quentin Tarantino,9 Wins,English,95000000,393869691,74
1795,August Rush,2007,PG,"Family , Drama , and Music",1h 54m,Nick Castle,,English,25000000,66122026,74
1796,Sonic the Hedgehog 2,2022,PG,"Action , Adventure , Family , and Comedy",2h 3m,Pat Casey,,English,110000000,405421518,74
1797,In Safe Hands,2018,U,Drama,1h 52m,Jeanne Herry,,French,-,-,74
1798,"Yesterday, Today and Tomorrow",1963,T,Comedy and Romance,1h 59m,Vittorio De Sica,,Italian,-,-,74
1799,Kes,1970,PG-13,Drama,1h 51m,Ken Loach,,English,-,-,74
1800,Cabaret,1972,PG,"Music , Romance , and Drama",2h 4m,Bob Fosse,1 Win,English,4600000,42800000,74
1801,Duel,1971,PG,"Action , Thriller , and TV Movie",1h 14m,Richard Matheson,,English,450000,2544,74
1802,Summer of 85,2020,12,Romance and Drama,1h 41m,François Ozon,,French,6900000,3600000,74
1803,Unbroken,2014,PG-13,Drama and War,2h 17m,Angelina Jolie,2 Wins,English,65000000,163400000,74
1804,One Day,2011,PG-13,Drama and Romance,1h 47m,Lone Scherfig,,English,15000000,59400000,74
1805,Rudolph the Red-Nosed Reindeer,1964,G,"Animation , Family , Adventure , and Fantasy",52m,Larry Roemer,,English,-,-,74
1806,Iron Monkey,1993,PG-13,"Action , Crime , and Drama",1h 30m,Yuen Woo-ping,,Cantonese,11000000,14694904,74
1807,Sense and Sensibility,1995,PG,Drama and Romance,2h 16m,Ang Lee,2 Wins,English,16000000,134582776,74
1808,The Godfather Part III,1990,R,"Crime , Drama , and Thriller",2h 42m,Francis Ford Coppola,,English,54000000,136766062,74
1809,American Me,1992,R,Crime and Drama,2h 5m,Floyd Mutrux,,English,16000000,13100000,74
1810,Enter the Dragon,1973,R,Action,1h 42m,Robert Clouse,,English,850000,21531361,74
1811,Predestination,2014,R,Science Fiction and Thriller,1h 38m,Peter Spierig,,English,5500000,4942449,74
1812,The Swimmers,2022,PG-13,Drama and History,2h 14m,Sally El Hosaini,,English,-,-,74
1813,Greyhound,2020,PG-13,"War , Action , and Drama",1h 32m,Aaron Schneider,,English,50300000,-,74
1814,The Best of Enemies,2019,PG-13,Drama and History,2h 13m,Robin Bissell,,English,10000000,-,74
1815,Tinker Bell and the Legend of the NeverBeast,2014,G,"Adventure , Animation , and Family",1h 17m,Steve Loter,,English,-,-,74
1816,Richard Jewell,2019,R,"Drama , History , and Crime",2h 11m,Clint Eastwood,1 Win,English,45000000,33900000,74
1817,The Odd Couple,1968,10,Comedy,1h 46m,Gene Saks,1 Win,English,1200000,44527234,74
1818,Life of Pi,2012,PG,Adventure and Drama,2h 7m,Ang Lee,8 Wins,English,120000000,609016565,74
1819,Neon Genesis Evangelion: Death and Rebirth,1997,NR,"Animation , Drama , and Science Fiction",1h 41m,Hideaki Anno,,Japanese,-,15877,74
1820,Hunting Season,2025,18+,"Action , Drama , and Thriller",1h 33m,Raja Collins,,English,-,-,74
1821,Justice League: Doom,2012,PG-13,"Action , Animation , Science Fiction , and Fantasy",1h 17m,Lauren Montgomery,,English,-,-,74
1822,Secretariat,2010,PG,Drama,2h 3m,Randall Wallace,,English,35000000,60300000,74
1823,The Raid,2012,R,"Action , Thriller , and Crime",1h 41m,Gareth Evans,,Indonesian,1100000,9148519,74
1824,Naruto Shippuden the Movie,2007,PG-13,"Animation , Action , and Fantasy",1h 34m,Hajime Kamegaki,,Japanese,-,13219807,74
1825,The Last King of Scotland,2006,R,Drama,2h 3m,Kevin Macdonald,3 Wins,English,6000000,48600000,74
1826,The Unforgivable,2021,R,Drama and Crime,1h 52m,Nora Fingscheidt,,English,-,-,74
1827,Memoir of a Murderer,2017,R,"Crime , Mystery , and Thriller",2h 8m,Won Shin-yun,,Korean,125000,-,74
1828,I Can Quit Whenever I Want,2014,T,Comedy,1h 40m,Sydney Sibilia,,Italian,2000000,54606,74
1829,Chaplin,1992,PG-13,Drama,2h 25m,Richard Attenborough,,English,31000000,9493259,74
1830,Boys Don't Cry,1999,R,Crime and Drama,1h 58m,Kimberly Peirce,3 Wins,English,2000000,11540607,74
1831,The Farewell,2019,PG,Comedy and Drama,1h 40m,Lulu Wang,5 Wins,English,3000000,23076657,74
1832,Inside Man,2006,R,"Crime , Drama , and Thriller",2h 9m,Spike Lee,1 Win,English,45000000,186003591,74
1833,Bullet Train,2022,R,"Action , Comedy , and Thriller",2h 6m,David Leitch,,English,90000000,239268602,74
1834,The Vanishing,1988,NR,Thriller and Mystery,1h 46m,George Sluizer,,Dutch; Flemish,-,-,74
1835,Taken,2008,PG-13,Action and Thriller,1h 34m,Pierre Morel,,English,25000000,226830568,74
1836,The Lovers on the Bridge,1991,R,Drama and Romance,2h 6m,Leos Carax,,French,28000000,-,74
1837,Creed,2015,PG-13,Drama,2h 13m,Ryan Coogler,1 Win,English,37000000,173600000,74
1838,American Sniper,2014,R,War and Action,2h 13m,Clint Eastwood,3 Wins,English,58800000,542300000,74
1839,Tarzan,1999,G,"Animation , Family , and Adventure",1h 28m,Edgar Rice Burroughs,1 Win,English,130000000,448200000,74
1840,His Girl Friday,1940,NR,Comedy and Romance,1h 32m,Howard Hawks,,English,-,-,74
1841,Scarface,1932,16,"Crime , Action , Drama , and Thriller",1h 33m,Howard Hawks,,English,800000,600000,74
1842,When Harry Met Sally...,1989,R,"Comedy , Romance , and Drama",1h 36m,Rob Reiner,,English,16000000,92823546,74
1843,The Match Factory Girl,1990,NR,Drama,1h 9m,Aki Kaurismäki,4 Wins,Finnish,83038,-,74
1844,Mr. Church,2016,PG-13,Drama,1h 44m,Bruce Beresford,,English,8000000,685780,74
1845,Enola Holmes 2,2022,PG-13,"Adventure , Mystery , and Crime",2h 11m,Harry Bradbeer,,English,-,-,74
1846,Nocturnal Animals,2016,R,Drama and Thriller,1h 56m,Tom Ford,1 Win,English,22500000,29300000,74
1847,Delusions of Grandeur,1971,PG,Comedy and History,1h 48m,Gérard Oury,,French,-,-,74
1848,Glory Road,2006,PG,Drama and History,1h 58m,James Gartner,,English,-,42647449,74
1849,The Long Goodbye,1973,R,"Mystery , Drama , and Crime",1h 52m,Robert Altman,,English,1700000,959000,74
1850,Miss Sloane,2016,R,"Thriller , Drama , and Crime",2h 13m,John Madden,,English,13000000,9101546,74
1851,The Motorcycle Diaries,2004,R,Drama,2h 6m,Walter Salles,3 Wins,Spanish; Castilian,-,57663224,74
1852,Dog Man,2025,PG,"Family , Comedy , Adventure , Animation , and Action",1h 29m,Peter Hastings,1 Win,English,40000000,145603415,74
1853,Johnny Guitar,1954,NR,Western,1h 50m,Nicholas Ray,,English,-,-,74
1854,A Pure Formality,1994,T,"Mystery , Thriller , Crime , and Drama",1h 51m,Giuseppe Tornatore,,Italian,-,-,74
1855,Undisputed II: Last Man Standing,2006,R,"Action , Crime , Thriller , and Drama",1h 33m,Isaac Florentine,,English,8000000,71000000,74
1856,The Right Stuff,1983,PG,Drama and History,3h 13m,Philip Kaufman,,English,27000000,21500000,74
1857,Honor Society,2022,R,Comedy,1h 38m,Oran Zegman,1 Win,English,20000000,-,74
1858,Tucker and Dale vs. Evil,2010,R,Comedy and Horror,1h 29m,Eli Craig,,English,5000000,5224938,74
1859,As Good as It Gets,1997,PG-13,"Drama , Comedy , and Romance",2h 19m,James L. Brooks,5 Wins,English,50000000,314178011,74
1860,American Psycho,2000,R,"Thriller , Drama , and Crime",1h 42m,Mary Harron,,English,7000000,34269748,74
1861,Jin-Roh: The Wolf Brigade,1999,R,"Animation , Thriller , and Science Fiction",1h 42m,Hiroyuki Okiura,1 Win,Japanese,-,94072,74
1862,The Omen,1976,R,Horror and Thriller,1h 51m,Richard Donner,,English,2800000,60922980,74
1863,That Time I Got Reincarnated as a Slime the Movie: Scarlet Bond,2022,PG-13,"Animation , Fantasy , and Adventure",1h 48m,Yasuhito Kikuchi,,Japanese,-,11628645,74
1864,18 Presents,2020,T,Drama and Family,1h 50m,Francesco Amato,,Italian,2500000,3486375,74
1865,The Last Duel,2021,R,"Drama , History , and Thriller",2h 33m,Ridley Scott,2 Wins,English,100000000,30552111,74
1866,Scooby-Doo! in Where's My Mummy?,2005,G,"Mystery , Animation , Family , Adventure , Comedy , and Fantasy",1h 15m,Joe Sichta,,English,-,-,74
1867,Sullivan's Travels,1941,NR,"Comedy , Romance , and Adventure",1h 31m,Preston Sturges,,English,700000,1200000,74
1868,The Basketball Diaries,1995,R,Drama and Crime,1h 42m,Scott Kalvert,,English,2000000,2381087,74
1869,Dragon Ball: The Path to Power,1996,12,"Animation , Adventure , and Fantasy",1h 20m,Shigeyasu Yamauchi,,Japanese,-,-,74
1870,Falling Down,1993,R,"Crime , Drama , and Thriller",1h 53m,Joel Schumacher,,English,25000000,40903593,74
1871,Black Hawk Down,2001,R,"Action , War , and History",2h 25m,Ridley Scott,2 Wins,English,92000000,172989651,74
1872,Crush,2022,16,Comedy and Romance,1h 33m,Sammi Cohen,,English,-,-,74
1873,"Batman: The Long Halloween, Part Two",2021,R,"Animation , Mystery , Action , and Crime",1h 27m,Frank Miller,,English,-,-,74
1874,Ghostland,2018,R,Horror,1h 31m,Pascal Laugier,,English,-,-,74
1875,They Call Me Jeeg,2016,T,"Science Fiction , Action , and Drama",1h 52m,Nicola Guaglianone,,Italian,1900000,5973344,74
1876,Law Abiding Citizen,2009,R,"Drama , Crime , and Thriller",1h 49m,F. Gary Gray,,English,53000000,127900000,74
1877,Scooby-Doo and the Ghoul School,1988,NR,"Animation , Family , TV Movie , Mystery , and Fantasy",1h 33m,Charles August Nichols,,English,-,-,74
1878,The Mission,1986,PG,"Adventure , Drama , Action , and History",2h 5m,Roland Joffé,,English,24500000,17200000,74
1879,This Is Spinal Tap,1984,R,Comedy and Music,1h 22m,Rob Reiner,,English,2500000,6051884,74
1880,The Triplets of Belleville,2003,PG-13,"Animation , Comedy , Drama , and Adventure",1h 20m,Sylvain Chomet,,French,9500000,14776760,74
1881,Diego Maradona,2019,12A,Documentary,2h 10m,Asif Kapadia,,English,-,-,74
1882,Only Yesterday,1991,NR,"Animation , Drama , and Romance",1h 59m,Isao Takahata,,Japanese,-,473110,74
1883,A Time to Kill,1996,R,"Crime , Drama , and Thriller",2h 29m,Joel Schumacher,,English,40000000,152266007,74
1884,Leto,2018,18+,Music and Drama,2h 6m,Kirill Serebrennikov,,Russian,150000,-,74
1885,A Quiet Place,2018,PG-13,"Horror , Drama , and Science Fiction",1h 31m,John Krasinski,2 Wins,English,17000000,340955294,74
1886,Port of Shadows,1938,TP,"Romance , Drama , and Crime",1h 33m,Marcel Carné,,French,-,-,74
1887,Interstate 60,2002,R,"Adventure , Fantasy , and Drama",1h 56m,Bob Gale,,English,7000000,-,74
1888,Sisu,2022,R,"Action , War , and Thriller",1h 31m,Jalmari Helander,4 Wins,Finnish,6600000,14281199,74
1889,Spider-Man: Far From Home,2019,PG-13,"Action , Adventure , and Science Fiction",2h 9m,Jon Watts,,English,160000000,1132723226,74
1890,Legends of the Fall,1994,R,"Drama , Western , Romance , and War",2h 13m,Edward Zwick,,English,30000000,160638883,74
1891,The Trial,1962,NR,"Crime , Drama , and Mystery",1h 59m,Orson Welles,,English,1300000,94243,74
1892,My Fault: London,2025,PG-13,Drama and Romance,1h 59m,Charlotte Fassler,,English,-,-,74
1893,Happy as Lazzaro,2018,PG-13,Drama and Fantasy,2h 8m,Alice Rohrwacher,,Italian,-,-,74
1894,3096 Days,2013,16,Drama,1h 51m,Sherry Hormann,,German,-,6677474,74
1895,Mad Max 2,1981,R,"Action , Thriller , and Science Fiction",1h 36m,George Miller,,English,2000000,24600832,74
1896,Romeo and Juliet,1968,PG,Drama and Romance,2h 18m,Franco Zeffirelli,,English,-,38901218,74
1897,Un Chien Andalou,1929,15,"Fantasy , Horror , and Thriller",17m,Luis Buñuel,,French,124797,-,74
1898,Miss You Already,2015,PG-13,Comedy and Drama,1h 52m,Catherine Hardwicke,,English,-,8200000,74
1899,A Night at the Opera,1935,NR,Comedy and Music,1h 31m,Sam Wood,,English,-,-,74
1900,Sing Sing,2024,R,Drama,1h 47m,Greg Kwedar,8 Wins,English,2000000,3401789,74
1901,The Peanut Butter Falcon,2019,PG-13,"Adventure , Comedy , and Drama",1h 37m,Michael Schwartz,,English,6200000,23712097,74
1902,My Father and My Son,2005,12,Drama,1h 52m,Çağan Irmak,,Turkish,-,4187299,74
1903,Kelly's Heroes,1970,PG,"Adventure , Comedy , and War",2h 24m,Brian G. Hutton,,English,4000000,5200000,74
1904,Rushmore,1998,R,Comedy and Drama,1h 33m,Wes Anderson,2 Wins,English,9000000,17096053,74
1905,Killers of the Flower Moon,2023,R,"Crime , History , and Drama",3h 26m,Martin Scorsese,10 Wins,English,200000000,158722599,74
1906,The Guernsey Literary & Potato Peel Pie Society,2018,12A,"Romance , Drama , and History",2h 4m,Mike Newell,,English,-,23148937,74
1907,The SpongeBob Movie: Sponge on the Run,2020,PG,"Adventure , Animation , Comedy , Family , and Fantasy",1h 35m,Tim Hill,,English,60000000,4810790,74
1908,The Lunchbox,2013,U,Drama and Romance,1h 44m,Ritesh Batra,,Hindi,3400000,17240000,74
1909,The Skeleton Dance,1929,NR,"Animation , Family , Music , Comedy , and Horror",5m,Walt Disney,,English,-,-,74
1910,Women on the Verge of a Nervous Breakdown,1988,R,Comedy and Drama,1h 28m,Pedro Almodóvar,,Spanish; Castilian,700000,14979298,74
1911,I Stand Alone,1999,NR,Drama and Thriller,1h 29m,Gaspar Noé,,French,-,6955,74
1912,An American Werewolf in London,1981,R,"Comedy , Horror , and Fantasy",1h 37m,John Landis,,English,10000000,31973249,74
1913,Pirates of the Caribbean: Dead Man's Chest,2006,PG-13,"Adventure , Fantasy , and Action",2h 31m,Terry Rossio,2 Wins,English,200000000,1066179747,74
1914,A Dog's Way Home,2019,PG,"Drama , Adventure , and Family",1h 36m,Charles Martin Smith,,English,18000000,17643857,74
1915,"What Happened, Miss Simone?",2015,0,Music and Documentary,1h 41m,Liz Garbus,,English,-,-,74
1916,The Way of the Dragon,1972,IIB,Action and Crime,1h 40m,Bruce Lee,,Cantonese,130000,27000000,74
1917,All of Us Strangers,2023,R,"Romance , Drama , and Fantasy",1h 45m,Andrew Haigh,1 Win,English,5000000,14864960,74
1918,South Park: Post COVID: The Return of COVID,2021,R,"Animation , Comedy , and TV Movie",1h 2m,Trey Parker,,English,-,-,74
1919,Irma la Douce,1963,NR,"Romance , Comedy , and Drama",2h 27m,Billy Wilder,,English,5000000,25200000,74
1920,Interview with the Vampire,1994,R,"Horror , Drama , and Fantasy",2h 3m,Anne Rice,,English,60000000,223664608,74
1921,Rise,2022,U,"Comedy , Drama , and Family",1h 57m,Cédric Klapisch,,French,7780000,11196824,74
1922,Missing,2023,PG-13,"Drama , Mystery , and Thriller",1h 51m,Nicholas D. Johnson,,English,7000000,48767848,74
1923,Extraction 2,2023,R,"Action , Thriller , and Crime",2h 2m,Sam Hargrave,,English,65000000,-,74
1924,The Girl with the Dragon Tattoo,2011,R,"Thriller , Crime , and Mystery",2h 38m,David Fincher,2 Wins,English,90000000,232617430,74
1925,Drunken Master,1978,PG-13,Action and Comedy,1h 51m,Yuen Woo-ping,,Cantonese,-,16483650,74
1926,The Umbrellas of Cherbourg,1964,PG-13,Drama and Romance,1h 33m,Jacques Demy,,French,200000,7600000,74
1927,Spellbound,1945,NR,"Thriller , Mystery , and Romance",1h 51m,Alfred Hitchcock,,English,1500000,7000000,74
1928,Black Sunday,1960,NR,Horror,1h 26m,Mario Bava,,Italian,-,-,74
1929,Pay It Forward,2000,PG-13,Drama,2h 2m,Mimi Leder,,English,40000000,55707411,74
1930,The Boy and the Heron,2023,PG-13,"Animation , Fantasy , and Drama",2h 4m,Hayao Miyazaki,8 Wins,Japanese,50000000,294200000,74
1931,Stargirl,2020,PG,"Comedy , Drama , Romance , and Family",1h 47m,Julia Hart,,English,-,-,74
1932,F for Fake,1973,PG,Documentary,1h 29m,François Reichenbach,,French,-,-,74
1933,Braindead,1992,R,Horror and Comedy,1h 43m,Peter Jackson,,English,3000000,242623,74
1934,The Collini Case,2019,12,Drama and Thriller,1h 58m,Marco Kreuzpaintner,,German,-,-,74
1935,Patema Inverted,2013,NR,"Animation , Science Fiction , Adventure , and Drama",1h 38m,Yasuhiro Yoshiura,,Japanese,-,-,74
1936,Tekkonkinkreet,2006,R,"Animation , Action , and Adventure",1h 43m,Michael Arias,2 Wins,Japanese,4200000,-,74
1937,Jerry & Marge Go Large,2022,PG-13,Comedy and Drama,1h 36m,David Frankel,,English,-,-,74
1938,The Hunt for Red October,1990,PG-13,Action and Thriller,2h 15m,John McTiernan,,English,30000000,200512643,74
1939,Ice Age,2002,PG,"Animation , Comedy , Family , and Adventure",1h 21m,Michael J. Wilson,,English,59000000,383257136,74
1940,Monster Pets: A Hotel Transylvania Short,2021,G,"Animation , Comedy , and Fantasy",6m,Jennifer Kluska,,English,-,-,74
1941,The Purple Rose of Cairo,1985,PG,"Fantasy , Comedy , and Romance",1h 22m,Woody Allen,1 Win,English,15000000,10631333,74
1942,The Last of the Mohicans,1992,R,"History , War , and Drama",1h 52m,Michael Mann,,English,40000000,75505856,74
1943,Frida,2002,R,Drama and Romance,2h 3m,Julie Taymor,3 Wins,English,12000000,56298474,74
1944,100 Meters,2016,12,Comedy and Drama,1h 48m,Marcel Barrena,,Spanish; Castilian,-,-,74
1945,Once in a Lifetime,2014,8,Drama,1h 45m,Marie-Castille Mention-Schaar,,French,-,-,74
1946,The Hobbit: An Unexpected Journey,2012,PG-13,"Adventure , Fantasy , and Action",2h 49m,Peter Jackson,,English,250000000,1021103568,74
1947,Godzilla vs. Biollante,1989,PG,"Action , Horror , and Science Fiction",1h 45m,Kazuki Ōmori,1 Win,Japanese,5000000,7000000,74
1948,Man on Wire,2008,PG-13,Documentary,1h 34m,James Marsh,2 Wins,English,-,2957978,74
1949,Office Space,1999,R,Comedy,1h 30m,Mike Judge,,English,10000000,12800000,74
1950,The Mauritanian,2021,R,Drama and Thriller,2h 9m,Michael Bronner,1 Win,English,-,7527030,74
1951,Rise of the Guardians,2012,PG,"Action , Adventure , Animation , Family , and Fantasy",1h 37m,Peter Ramsey,,English,145000000,306941670,74
1952,Once Were Warriors,1994,R,Drama,1h 39m,Alan Duff,,English,950000,6700000,74
1953,Lost in Translation,2003,R,"Drama , Comedy , and Romance",1h 42m,Sofia Coppola,10 Wins,English,4000000,119723856,74
1954,"Maggie Simpson in ""Playdate with Destiny""",2020,G,"Animation , Comedy , Family , and Romance",4m,David Silverman,,English,-,-,74
1955,Operation Red Sea,2018,R,"Action , Thriller , War , and Adventure",2h 18m,Dante Lam Chiu-yin,,Chinese,70000000,579330426,74
1956,The Counterfeiters,2007,12,Drama and War,1h 38m,Stefan Ruzowitzky,1 Win,German,6250000,20200000,74
1957,The Fighter,2010,R,Drama,1h 56m,Paul Tamasy,7 Wins,English,25000000,129190869,74
1958,Justice Society: World War II,2021,PG-13,"Animation , War , and Science Fiction",1h 24m,Paul Norris,,English,-,-,74
1959,Burning,2018,NR,"Mystery , Drama , and Thriller",2h 28m,Lee Chang-dong,,Korean,7280000,6591038,74
1960,Stuck in Love,2013,R,"Drama , Comedy , and Romance",1h 37m,Josh Boone,,English,-,977671,74
1961,Le Doulos,1962,NR,"Drama , Thriller , and Crime",1h 48m,Jean-Pierre Melville,,French,-,-,74
1962,A Walk in the Clouds,1995,PG-13,Drama and Romance,1h 43m,Alfonso Arau,,English,20000000,50012507,74
1963,Our Fault,2025,16,Romance and Drama,1h 50m,Domingo González,,Spanish; Castilian,-,-,74
1964,Lost Illusions,2021,U,"Drama , Romance , and History",2h 29m,Xavier Giannoli,7 Wins,French,20800000,8600000,74
1965,The Wailing,2016,NR,Horror and Mystery,2h 36m,Na Hong-jin,,Korean,10951000,49851770,74
1966,"Jeanne Dielman, 23, quai du Commerce, 1080 Bruxelles",1976,NR,Drama,3h 22m,Chantal Akerman,,French,120000,-,74
1967,Swept Away,1974,12,"Comedy , Drama , and Romance",1h 50m,Lina Wertmüller,,Italian,-,12014430,74
1968,The Social Network,2010,PG-13,Drama,2h 1m,David Fincher,12 Wins,English,40000000,224920315,74
1969,Mutiny on the Bounty,1935,15,"Adventure , Drama , and History",2h 12m,Frank Lloyd,,English,1950000,4460000,74
1970,An Affair to Remember,1957,NR,Drama and Romance,1h 51m,Leo McCarey,,English,2100000,3800000,74
1971,The Marriage of Maria Braun,1979,12,Drama,2h,Rainer Werner Fassbinder,,German,-,-,74
1972,Promising Young Woman,2020,R,"Thriller , Crime , and Drama",1h 54m,Emerald Fennell,8 Wins,English,10000000,20379604,74
1973,Like Crazy,2016,T,Drama and Comedy,1h 56m,Paolo Virzì,,Italian,-,-,74
1974,The Impossible,2012,PG-13,"Drama , Thriller , and History",1h 53m,J. A. Bayona,,English,45000000,198100000,74
1975,Naruto Shippuden the Movie: The Will of Fire,2009,PG-13,"Action , Adventure , Comedy , Drama , Fantasy , and Animation",1h 35m,Masahiko Murata,,Japanese,-,8100000,74
1976,Futurama: Bender's Big Score,2007,PG-13,"Animation , Comedy , Science Fiction , and Romance",1h 29m,Ken Keeler,,English,-,-,74
1977,You're Not You,2014,R,Drama,1h 44m,George C. Wolfe,,English,-,894964,74
1978,Ghost in the Shell 2.0,2008,12,"Action , Animation , Crime , and Science Fiction",1h 25m,Mamoru Oshii,,Japanese,-,-,74
1979,"What's Up, Doc?",1972,G,"Comedy , Crime , and Romance",1h 34m,Peter Bogdanovich,1 Win,English,4000000,66000000,74
1980,Perfume: The Story of a Murderer,2006,R,"Crime , Fantasy , and Drama",2h 27m,Tom Tykwer,,English,63700000,135039924,74
1981,El Angel,2018,NR,Drama and Crime,1h 55m,Luis Ortega,,Spanish; Castilian,3000000,10452324,74
1982,Pickup on South Street,1953,NR,Thriller and Crime,1h 20m,Samuel Fuller,,English,780000,-,74
1983,Meet Joe Black,1998,PG-13,"Fantasy , Drama , and Romance",2h 58m,Martin Brest,,English,90000000,142940100,74
1984,Song Sung Blue,2025,PG-13,"Music , Romance , and Drama",2h 13m,Craig Brewer,,English,30000000,57889762,74
1985,Pain and Glory,2019,R,Drama,1h 54m,Pedro Almodóvar,,Spanish; Castilian,10769016,37359689,74
1986,First They Killed My Father,2017,R,"War , Drama , and History",2h 16m,Angelina Jolie,,English,24000000,-,74
1987,Descendants 2,2017,G,"Family , Fantasy , TV Movie , and Adventure",1h 51m,Kenny Ortega,,English,-,-,74
1988,GANTZ:O,2016,NC-17,"Animation , Science Fiction , Action , and Drama",1h 35m,Yasushi Kawamura,,Japanese,-,2238600,74
1989,Vagabond,1985,U,Drama,1h 46m,Agnès Varda,,French,-,8100000,74
1990,The Secret of Kells,2009,NR,"Animation , Family , and Fantasy",1h 19m,Fabrice Ziolkowski,,English,8000000,1803412,74
1991,The Color of Pomegranates,1969,PG,Drama and History,1h 20m,Sergei Parajanov,,Armenian,-,-,74
1992,Scooby-Doo! and the Witch's Ghost,1999,NR,"Comedy , Mystery , Family , Fantasy , and Animation",1h 10m,Jim Stenstrum,,English,-,-,74
1993,The Woman in the Window,1944,NR,"Crime , Drama , and Thriller",1h 39m,Fritz Lang,,English,-,-,74
1994,Superman II: The Richard Donner Cut,2006,PG,"Science Fiction , Action , and Adventure",1h 56m,Mario Puzo,,English,54000000,-,74
1995,Clerks,1994,R,Comedy,1h 32m,Kevin Smith,,English,27575,3158707,74
1996,Little Tickles,2018,U,Drama and Comedy,1h 43m,Eric Métayer,,French,-,-,74
1997,The Big Short,2015,R,Comedy and Drama,2h 11m,Adam McKay,4 Wins,English,28000000,133346506,74
1998,Selma,2014,PG-13,History and Drama,2h 8m,Ava DuVernay,3 Wins,English,20000000,66787908,74
1999,"Dearest Relatives, Poisonous Relations",1992,T,Comedy,1h 45m,Mario Monicelli,,Italian,-,-,74
